replicate,packet_count,best_candidate,best_harmonic,best_resultant_r,best_arc80,h1_resultant_r,h1_arc80,placement_failed
1,4581,logT_over_pi_h1,1,0.9991591296115147,0.017936724942463123,0.9991591296115147,0.017936724942463123,False
2,4581,logT_over_pi_h1,1,0.9991597738101232,0.017861053015961303,0.9991597738101232,0.017861053015961303,False
3,4581,logT_over_pi_h1,1,0.9991816935435315,0.017724911019387335,0.9991816935435315,0.017724911019387335,False
4,4581,logT_over_pi_h1,1,0.9991451686054112,0.018134389239722992,0.9991451686054112,0.018134389239722992,False
5,4581,logT_over_pi_h1,1,0.9991398437544344,0.018188008492830754,0.9991398437544344,0.018188008492830754,False
6,4581,logT_over_pi_h1,1,0.9991416994116842,0.018094582931757586,0.9991416994116842,0.018094582931757586,False
7,4581,logT_over_pi_h1,1,0.9991378732877917,0.0180196018312353,0.9991378732877917,0.0180196018312353,False
8,4581,logT_over_pi_h1,1,0.9991448344458669,0.018148960173201445,0.9991448344458669,0.018148960173201445,False
9,4581,logT_over_pi_h1,1,0.9991399887607255,0.018171940029597877,0.9991399887607255,0.018171940029597877,False
10,4581,logT_over_pi_h1,1,0.9991593767449151,0.017941300958282724,0.9991593767449151,0.017941300958282724,False
11,4581,logT_over_pi_h1,1,0.9991374074004757,0.01817717519912332,0.9991374074004757,0.01817717519912332,False
12,4581,logT_over_pi_h1,1,0.9991550202798872,0.017988192264470904,0.9991550202798872,0.017988192264470904,False
13,4581,logT_over_pi_h1,1,0.9991347792054731,0.01818396289866442,0.9991347792054731,0.01818396289866442,False
14,4581,logT_over_pi_h1,1,0.9991576987251469,0.018048779192501918,0.9991576987251469,0.018048779192501918,False
15,4581,logT_over_pi_h1,1,0.9991420086912524,0.01812235190743472,0.9991420086912524,0.01812235190743472,False
16,4581,logT_over_pi_h1,1,0.9991679325439479,0.017758920952637425,0.9991679325439479,0.017758920952637425,False
17,4581,logT_over_pi_h1,1,0.9991495907321896,0.018086428642432928,0.9991495907321896,0.018086428642432928,False
18,4581,logT_over_pi_h1,1,0.9991557798073915,0.018083068950488723,0.9991557798073915,0.018083068950488723,False
19,4581,logT_over_pi_h1,1,0.9991506053037401,0.01791176034733244,0.9991506053037401,0.01791176034733244,False
20,4581,logT_over_pi_h1,1,0.9991708166632389,0.017719460012942,0.9991708166632389,0.017719460012942,False
21,4581,logT_over_pi_h1,1,0.9991665721257494,0.017778511610838876,0.9991665721257494,0.017778511610838876,False
22,4581,logT_over_pi_h1,1,0.9991566349886186,0.017894290836768967,0.9991566349886186,0.017894290836768967,False
23,4581,logT_over_pi_h1,1,0.9991448476532346,0.01812628862002974,0.9991448476532346,0.01812628862002974,False
24,4581,logT_over_pi_h1,1,0.9991556526290704,0.017903558872232495,0.9991556526290704,0.017903558872232495,False
25,4581,logT_over_pi_h1,1,0.9991437123366589,0.01807405809783269,0.9991437123366589,0.01807405809783269,False
26,4581,logT_over_pi_h1,1,0.9991496640285802,0.01806196946363059,0.9991496640285802,0.01806196946363059,False
27,4581,logT_over_pi_h1,1,0.9991545782886381,0.017825040223463873,0.9991545782886381,0.017825040223463873,False
28,4581,logT_over_pi_h1,1,0.9991420624087878,0.018131332664115263,0.9991420624087878,0.018131332664115263,False
29,4581,logT_over_pi_h1,1,0.9991602385991827,0.017926815538151786,0.9991602385991827,0.017926815538151786,False
30,4581,logT_over_pi_h1,1,0.9991370975628087,0.0179942843862273,0.9991370975628087,0.0179942843862273,False
31,4581,logT_over_pi_h1,1,0.9991406581095078,0.01791468557192033,0.9991406581095078,0.01791468557192033,False
32,4581,logT_over_pi_h1,1,0.9991480725248915,0.017905565103639276,0.9991480725248915,0.017905565103639276,False
33,4581,logT_over_pi_h1,1,0.9991490988087754,0.018009908343262993,0.9991490988087754,0.018009908343262993,False
34,4581,logT_over_pi_h1,1,0.9991360172865034,0.018110209160443702,0.9991360172865034,0.018110209160443702,False
35,4581,logT_over_pi_h1,1,0.9991423208176095,0.018052981051886796,0.9991423208176095,0.018052981051886796,False
36,4581,logT_over_pi_h1,1,0.999136744274687,0.018118224205341704,0.999136744274687,0.018118224205341704,False
37,4581,logT_over_pi_h1,1,0.99914223989041,0.018154580137888843,0.99914223989041,0.018154580137888843,False
38,4581,logT_over_pi_h1,1,0.9991336883869096,0.018166306524135756,0.9991336883869096,0.018166306524135756,False
39,4581,logT_over_pi_h1,1,0.9991541439219769,0.017950523286849318,0.9991541439219769,0.017950523286849318,False
40,4581,logT_over_pi_h1,1,0.9991292181325251,0.018100033775297675,0.9991292181325251,0.018100033775297675,False
41,4581,logT_over_pi_h1,1,0.9991674753899434,0.01785418640968217,0.9991674753899434,0.01785418640968217,False
42,4581,logT_over_pi_h1,1,0.9991424549480052,0.01807924606073197,0.9991424549480052,0.01807924606073197,False
43,4581,logT_over_pi_h1,1,0.9991533240715935,0.018070276269873453,0.9991533240715935,0.018070276269873453,False
44,4581,logT_over_pi_h1,1,0.9991562312258837,0.01790724050027581,0.9991562312258837,0.01790724050027581,False
45,4581,logT_over_pi_h1,1,0.9991428519474251,0.018006654125648502,0.9991428519474251,0.018006654125648502,False
46,4581,logT_over_pi_h1,1,0.9991496894233385,0.018081352047763843,0.9991496894233385,0.018081352047763843,False
47,4581,logT_over_pi_h1,1,0.9991427468417479,0.018011987451140854,0.9991427468417479,0.018011987451140854,False
48,4581,logT_over_pi_h1,1,0.9991555702989947,0.01793043107512471,0.9991555702989947,0.01793043107512471,False
49,4581,logT_over_pi_h1,1,0.9991796283654951,0.017797016065787652,0.9991796283654951,0.017797016065787652,False
50,4581,logT_over_pi_h1,1,0.9991383073731472,0.0181233217102843,0.9991383073731472,0.0181233217102843,False
51,4581,logT_over_pi_h1,1,0.9991470928653536,0.018004766321856103,0.9991470928653536,0.018004766321856103,False
52,4581,logT_over_pi_h1,1,0.9991617319485456,0.017929399291423564,0.9991617319485456,0.017929399291423564,False
53,4581,logT_over_pi_h1,1,0.9991486461731276,0.0180549081580903,0.9991486461731276,0.0180549081580903,False
54,4581,logT_over_pi_h1,1,0.9991628166853966,0.01773269884273798,0.9991628166853966,0.01773269884273798,False
55,4581,logT_over_pi_h1,1,0.9991471947956355,0.017871186287719,0.9991471947956355,0.017871186287719,False
56,4581,logT_over_pi_h1,1,0.9991473433654514,0.018003133868257137,0.9991473433654514,0.018003133868257137,False
57,4581,logT_over_pi_h1,1,0.9991577299835732,0.017879516248135552,0.9991577299835732,0.017879516248135552,False
58,4581,logT_over_pi_h1,1,0.9991587149226887,0.017916618362042946,0.9991587149226887,0.017916618362042946,False
59,4581,logT_over_pi_h1,1,0.9991543198596267,0.017881703182624165,0.9991543198596267,0.017881703182624165,False
60,4581,logT_over_pi_h1,1,0.999154402635588,0.01803423350904776,0.999154402635588,0.01803423350904776,False
61,4581,logT_over_pi_h1,1,0.999149115573608,0.017749165580370097,0.999149115573608,0.017749165580370097,False
62,4581,logT_over_pi_h1,1,0.9991483910838884,0.018011431546439027,0.9991483910838884,0.018011431546439027,False
63,4581,logT_over_pi_h1,1,0.9991491184765673,0.018118481531058883,0.9991491184765673,0.018118481531058883,False
64,4581,logT_over_pi_h1,1,0.9991327947841929,0.01809497907082047,0.9991327947841929,0.01809497907082047,False
65,4581,logT_over_pi_h1,1,0.9991466647862066,0.017935368411938768,0.9991466647862066,0.017935368411938768,False
66,4581,logT_over_pi_h1,1,0.9991544947052822,0.01792671065726381,0.9991544947052822,0.01792671065726381,False
67,4581,logT_over_pi_h1,1,0.9991575177209611,0.018017341367637663,0.9991575177209611,0.018017341367637663,False
68,4581,logT_over_pi_h1,1,0.9991730587814126,0.017859131284029495,0.9991730587814126,0.017859131284029495,False
69,4581,logT_over_pi_h1,1,0.9991493057498868,0.017950286278469285,0.9991493057498868,0.017950286278469285,False
70,4581,logT_over_pi_h1,1,0.9991656872014614,0.017893772193299462,0.9991656872014614,0.017893772193299462,False
71,4581,logT_over_pi_h1,1,0.9991575162516874,0.018031193101140985,0.9991575162516874,0.018031193101140985,False
72,4581,logT_over_pi_h1,1,0.9991491576543918,0.01798743519408319,0.9991491576543918,0.01798743519408319,False
73,4581,logT_over_pi_h1,1,0.999140563856574,0.0181639673770686,0.999140563856574,0.0181639673770686,False
74,4581,logT_over_pi_h1,1,0.9991527632054359,0.017721976998378963,0.9991527632054359,0.017721976998378963,False
75,4581,logT_over_pi_h1,1,0.999137228399628,0.018122166126415706,0.999137228399628,0.018122166126415706,False
76,4581,logT_over_pi_h1,1,0.9991498960824574,0.017913134168975553,0.9991498960824574,0.017913134168975553,False
77,4581,logT_over_pi_h1,1,0.9991401483241199,0.01809846673881843,0.9991401483241199,0.01809846673881843,False
78,4581,logT_over_pi_h1,1,0.9991620874938322,0.017903306734276647,0.9991620874938322,0.017903306734276647,False
79,4581,logT_over_pi_h1,1,0.9991597055420254,0.017896866243121146,0.9991597055420254,0.017896866243121146,False
80,4581,logT_over_pi_h1,1,0.9991403199436393,0.017875068166924635,0.9991403199436393,0.017875068166924635,False
81,4581,logT_over_pi_h1,1,0.9991579253131633,0.01786222517479441,0.9991579253131633,0.01786222517479441,False
82,4581,logT_over_pi_h1,1,0.9991511583465683,0.018061225425019423,0.9991511583465683,0.018061225425019423,False
83,4581,logT_over_pi_h1,1,0.999144492293434,0.01798703247268474,0.999144492293434,0.01798703247268474,False
84,4581,logT_over_pi_h1,1,0.9991642071824867,0.01779441768192047,0.9991642071824867,0.01779441768192047,False
85,4581,logT_over_pi_h1,1,0.9991611657155851,0.017896320107294805,0.9991611657155851,0.017896320107294805,False
86,4581,logT_over_pi_h1,1,0.9991545559030548,0.01798754859113938,0.9991545559030548,0.01798754859113938,False
87,4581,logT_over_pi_h1,1,0.9991445555791412,0.018119017858101216,0.9991445555791412,0.018119017858101216,False
88,4581,logT_over_pi_h1,1,0.9991485519262243,0.018079417658430685,0.9991485519262243,0.018079417658430685,False
89,4581,logT_over_pi_h1,1,0.9991341229406547,0.018180247664672855,0.9991341229406547,0.018180247664672855,False
90,4581,logT_over_pi_h1,1,0.9991460900086631,0.018043167309844677,0.9991460900086631,0.018043167309844677,False
91,4581,logT_over_pi_h1,1,0.9991514251393142,0.01807524204164146,0.9991514251393142,0.01807524204164146,False
92,4581,logT_over_pi_h1,1,0.9991403161124043,0.018153607121687898,0.9991403161124043,0.018153607121687898,False
93,4581,logT_over_pi_h1,1,0.9991457668054837,0.017971057261665813,0.9991457668054837,0.017971057261665813,False
94,4581,logT_over_pi_h1,1,0.999155826972173,0.017879749417923918,0.999155826972173,0.017879749417923918,False
95,4581,logT_over_pi_h1,1,0.9991413197692937,0.01793390312679133,0.9991413197692937,0.01793390312679133,False
96,4581,logT_over_pi_h1,1,0.9991314223986685,0.01805085685943819,0.9991314223986685,0.01805085685943819,False
97,4581,logT_over_pi_h1,1,0.9991485136807416,0.01811137285353137,0.9991485136807416,0.01811137285353137,False
98,4581,logT_over_pi_h1,1,0.9991380706929266,0.01804095573102238,0.9991380706929266,0.01804095573102238,False
99,4581,logT_over_pi_h1,1,0.9991381160294022,0.018027451921467375,0.9991381160294022,0.018027451921467375,False
100,4581,logT_over_pi_h1,1,0.999159441649049,0.017859819800521315,0.999159441649049,0.017859819800521315,False
101,4581,logT_over_pi_h1,1,0.9991547823719494,0.017831898606298857,0.9991547823719494,0.017831898606298857,False
102,4581,logT_over_pi_h1,1,0.9991332524437485,0.01801864324977398,0.9991332524437485,0.01801864324977398,False
103,4581,logT_over_pi_h1,1,0.999140225182443,0.018023197235565114,0.999140225182443,0.018023197235565114,False
104,4581,logT_over_pi_h1,1,0.9991531022946349,0.01802186003632844,0.9991531022946349,0.01802186003632844,False
105,4581,logT_over_pi_h1,1,0.9991570548493792,0.018020252605452924,0.9991570548493792,0.018020252605452924,False
106,4581,logT_over_pi_h1,1,0.9991464581964181,0.018079412881247592,0.9991464581964181,0.018079412881247592,False
107,4581,logT_over_pi_h1,1,0.9991462770055929,0.01813050708850472,0.9991462770055929,0.01813050708850472,False
108,4581,logT_over_pi_h1,1,0.9991538353289591,0.018014487879428387,0.9991538353289591,0.018014487879428387,False
109,4581,logT_over_pi_h1,1,0.9991419515167524,0.018026159348251802,0.9991419515167524,0.018026159348251802,False
110,4581,logT_over_pi_h1,1,0.9991528047949977,0.018002639953037303,0.9991528047949977,0.018002639953037303,False
111,4581,logT_over_pi_h1,1,0.9991357979553728,0.01815191232817437,0.9991357979553728,0.01815191232817437,False
112,4581,logT_over_pi_h1,1,0.9991284022781106,0.018228399293808373,0.9991284022781106,0.018228399293808373,False
113,4581,logT_over_pi_h1,1,0.9991406180245153,0.018118194938111287,0.9991406180245153,0.018118194938111287,False
114,4581,logT_over_pi_h1,1,0.9991598723465237,0.017795729821450834,0.9991598723465237,0.017795729821450834,False
115,4581,logT_over_pi_h1,1,0.9991454644423517,0.017962293066511315,0.9991454644423517,0.017962293066511315,False
116,4581,logT_over_pi_h1,1,0.9991468257874273,0.017852567446245082,0.9991468257874273,0.017852567446245082,False
117,4581,logT_over_pi_h1,1,0.9991589497068821,0.017853955967985335,0.9991589497068821,0.017853955967985335,False
118,4581,logT_over_pi_h1,1,0.9991602278324417,0.01789313916692592,0.9991602278324417,0.01789313916692592,False
119,4581,logT_over_pi_h1,1,0.9991670528923833,0.017869827025777774,0.9991670528923833,0.017869827025777774,False
120,4581,logT_over_pi_h1,1,0.9991339240625011,0.018170790720398955,0.9991339240625011,0.018170790720398955,False
121,4581,logT_over_pi_h1,1,0.999164534331252,0.017823640552537157,0.999164534331252,0.017823640552537157,False
122,4581,logT_over_pi_h1,1,0.9991414971281404,0.01806108905791426,0.9991414971281404,0.01806108905791426,False
123,4581,logT_over_pi_h1,1,0.9991324423023673,0.018139632639595504,0.9991324423023673,0.018139632639595504,False
124,4581,logT_over_pi_h1,1,0.999153958798655,0.018021130730795143,0.999153958798655,0.018021130730795143,False
125,4581,logT_over_pi_h1,1,0.9991705343680733,0.017842562815870266,0.9991705343680733,0.017842562815870266,False
126,4581,logT_over_pi_h1,1,0.999154575835204,0.01787767640046134,0.999154575835204,0.01787767640046134,False
127,4581,logT_over_pi_h1,1,0.9991538942116401,0.018035553523477077,0.9991538942116401,0.018035553523477077,False
128,4581,logT_over_pi_h1,1,0.9991684245825451,0.017955396552040703,0.9991684245825451,0.017955396552040703,False
129,4581,logT_over_pi_h1,1,0.9991430205014444,0.018025163130910293,0.9991430205014444,0.018025163130910293,False
130,4581,logT_over_pi_h1,1,0.9991612270993708,0.017933874887421375,0.9991612270993708,0.017933874887421375,False
131,4581,logT_over_pi_h1,1,0.9991476912578047,0.017930381910042037,0.9991476912578047,0.017930381910042037,False
132,4581,logT_over_pi_h1,1,0.9991161990785409,0.018098618939961675,0.9991161990785409,0.018098618939961675,False
133,4581,logT_over_pi_h1,1,0.9991410968007529,0.018012861769160615,0.9991410968007529,0.018012861769160615,False
134,4581,logT_over_pi_h1,1,0.9991624962590185,0.017855119857213886,0.9991624962590185,0.017855119857213886,False
135,4581,logT_over_pi_h1,1,0.9991467217034167,0.018019082038502,0.9991467217034167,0.018019082038502,False
136,4581,logT_over_pi_h1,1,0.999151639944869,0.01797388798845745,0.999151639944869,0.01797388798845745,False
137,4581,logT_over_pi_h1,1,0.9991585624144831,0.017973806042641094,0.9991585624144831,0.017973806042641094,False
138,4581,logT_over_pi_h1,1,0.9991293972437335,0.01823851643938923,0.9991293972437335,0.01823851643938923,False
139,4581,logT_over_pi_h1,1,0.9991687282411132,0.01788937444333527,0.9991687282411132,0.01788937444333527,False
140,4581,logT_over_pi_h1,1,0.9991387369419213,0.018092887978228056,0.9991387369419213,0.018092887978228056,False
141,4581,logT_over_pi_h1,1,0.9991626783888051,0.017880076010604817,0.9991626783888051,0.017880076010604817,False
142,4581,logT_over_pi_h1,1,0.9991501765520198,0.017979873745651354,0.9991501765520198,0.017979873745651354,False
143,4581,logT_over_pi_h1,1,0.9991708565405876,0.017772751966425027,0.9991708565405876,0.017772751966425027,False
144,4581,logT_over_pi_h1,1,0.9991649799870086,0.017886044382619204,0.9991649799870086,0.017886044382619204,False
145,4581,logT_over_pi_h1,1,0.9991568630369988,0.017945970932523814,0.9991568630369988,0.017945970932523814,False
146,4581,logT_over_pi_h1,1,0.9991676286785429,0.017891736136307124,0.9991676286785429,0.017891736136307124,False
147,4581,logT_over_pi_h1,1,0.9991525194035988,0.017939249302987292,0.9991525194035988,0.017939249302987292,False
148,4581,logT_over_pi_h1,1,0.9991468525831823,0.0179612687146804,0.9991468525831823,0.0179612687146804,False
149,4581,logT_over_pi_h1,1,0.9991541693881749,0.018036377970598316,0.9991541693881749,0.018036377970598316,False
150,4581,logT_over_pi_h1,1,0.9991624170045244,0.017626632884373272,0.9991624170045244,0.017626632884373272,False
151,4581,logT_over_pi_h1,1,0.9991294196583299,0.018199441462576793,0.9991294196583299,0.018199441462576793,False
152,4581,logT_over_pi_h1,1,0.9991550745425053,0.018028470613367986,0.9991550745425053,0.018028470613367986,False
153,4581,logT_over_pi_h1,1,0.9991375762971654,0.018195200191544636,0.9991375762971654,0.018195200191544636,False
154,4581,logT_over_pi_h1,1,0.999149308247961,0.01800430204294301,0.999149308247961,0.01800430204294301,False
155,4581,logT_over_pi_h1,1,0.9991396493297151,0.01819170067030651,0.9991396493297151,0.01819170067030651,False
156,4581,logT_over_pi_h1,1,0.9991452970159144,0.017899081175887233,0.9991452970159144,0.017899081175887233,False
157,4581,logT_over_pi_h1,1,0.9991337171869419,0.018146485106693255,0.9991337171869419,0.018146485106693255,False
158,4581,logT_over_pi_h1,1,0.9991537892511991,0.017975807110578224,0.9991537892511991,0.017975807110578224,False
159,4581,logT_over_pi_h1,1,0.9991556001633035,0.017960515978423075,0.9991556001633035,0.017960515978423075,False
160,4581,logT_over_pi_h1,1,0.9991469822252816,0.017973741745878513,0.9991469822252816,0.017973741745878513,False
161,4581,logT_over_pi_h1,1,0.9991335677738152,0.018186442966599436,0.9991335677738152,0.018186442966599436,False
162,4581,logT_over_pi_h1,1,0.9991457038209829,0.018077735089218727,0.9991457038209829,0.018077735089218727,False
163,4581,logT_over_pi_h1,1,0.999153875106986,0.017872530892651284,0.999153875106986,0.017872530892651284,False
164,4581,logT_over_pi_h1,1,0.9991720581035043,0.01786240733014033,0.9991720581035043,0.01786240733014033,False
165,4581,logT_over_pi_h1,1,0.9991418951041374,0.017898400245542234,0.9991418951041374,0.017898400245542234,False
166,4581,logT_over_pi_h1,1,0.9991619839467247,0.017879438644256673,0.9991619839467247,0.017879438644256673,False
167,4581,logT_over_pi_h1,1,0.9991687837933592,0.01772445850940496,0.9991687837933592,0.01772445850940496,False
168,4581,logT_over_pi_h1,1,0.9991514370015212,0.01789492676071447,0.9991514370015212,0.01789492676071447,False
169,4581,logT_over_pi_h1,1,0.9991475981769723,0.017918741403585514,0.9991475981769723,0.017918741403585514,False
170,4581,logT_over_pi_h1,1,0.9991559875531962,0.017802630507517847,0.9991559875531962,0.017802630507517847,False
171,4581,logT_over_pi_h1,1,0.9991340400140422,0.01820400313410797,0.9991340400140422,0.01820400313410797,False
172,4581,logT_over_pi_h1,1,0.9991549753159837,0.01804154601168584,0.9991549753159837,0.01804154601168584,False
173,4581,logT_over_pi_h1,1,0.9991463588506193,0.01798258677892317,0.9991463588506193,0.01798258677892317,False
174,4581,logT_over_pi_h1,1,0.9991480820141998,0.017953521736989053,0.9991480820141998,0.017953521736989053,False
175,4581,logT_over_pi_h1,1,0.9991389144627996,0.018126279693229996,0.9991389144627996,0.018126279693229996,False
176,4581,logT_over_pi_h1,1,0.9991686002319596,0.01786234494815364,0.9991686002319596,0.01786234494815364,False
177,4581,logT_over_pi_h1,1,0.9991669705903811,0.017813600653171058,0.9991669705903811,0.017813600653171058,False
178,4581,logT_over_pi_h1,1,0.9991484898501577,0.01794638288881867,0.9991484898501577,0.01794638288881867,False
179,4581,logT_over_pi_h1,1,0.9991610850331129,0.0180030136827547,0.9991610850331129,0.0180030136827547,False
180,4581,logT_over_pi_h1,1,0.9991357962758853,0.018089155089650255,0.9991357962758853,0.018089155089650255,False
181,4581,logT_over_pi_h1,1,0.9991427527035721,0.017874879645762398,0.9991427527035721,0.017874879645762398,False
182,4581,logT_over_pi_h1,1,0.9991386435289801,0.018219814767585163,0.9991386435289801,0.018219814767585163,False
183,4581,logT_over_pi_h1,1,0.9991473406737191,0.017954208620361456,0.9991473406737191,0.017954208620361456,False
184,4581,logT_over_pi_h1,1,0.9991593223729015,0.0179706803780606,0.9991593223729015,0.0179706803780606,False
185,4581,logT_over_pi_h1,1,0.9991275652896418,0.01805059467770853,0.9991275652896418,0.01805059467770853,False
186,4581,logT_over_pi_h1,1,0.9991553332161655,0.017971573971403032,0.9991553332161655,0.017971573971403032,False
187,4581,logT_over_pi_h1,1,0.9991601214919457,0.01796467633113874,0.9991601214919457,0.01796467633113874,False
188,4581,logT_over_pi_h1,1,0.999146367543331,0.01809306898467522,0.999146367543331,0.01809306898467522,False
189,4581,logT_over_pi_h1,1,0.999152254249504,0.01802241940089999,0.999152254249504,0.01802241940089999,False
190,4581,logT_over_pi_h1,1,0.9991414168916578,0.017916269855875022,0.9991414168916578,0.017916269855875022,False
191,4581,logT_over_pi_h1,1,0.9991561596072941,0.017797682679126403,0.9991561596072941,0.017797682679126403,False
192,4581,logT_over_pi_h1,1,0.9991520927559655,0.017715278932098677,0.9991520927559655,0.017715278932098677,False
193,4581,logT_over_pi_h1,1,0.9991446858220299,0.01793922523528746,0.9991446858220299,0.01793922523528746,False
194,4581,logT_over_pi_h1,1,0.9991413002385587,0.01806136685231685,0.9991413002385587,0.01806136685231685,False
195,4581,logT_over_pi_h1,1,0.999119775657292,0.01829512520554477,0.999119775657292,0.01829512520554477,False
196,4581,logT_over_pi_h1,1,0.9991483763266249,0.01796486576527556,0.9991483763266249,0.01796486576527556,False
197,4581,logT_over_pi_h1,1,0.9991553967868221,0.01802816081201808,0.9991553967868221,0.01802816081201808,False
198,4581,logT_over_pi_h1,1,0.9991548254404998,0.017789847210354814,0.9991548254404998,0.017789847210354814,False
199,4581,logT_over_pi_h1,1,0.999125734904336,0.018102305405122365,0.999125734904336,0.018102305405122365,False
200,4581,logT_over_pi_h1,1,0.9991523059204078,0.01787881414112924,0.9991523059204078,0.01787881414112924,False
201,4581,logT_over_pi_h1,1,0.9991399543211259,0.018070842700010914,0.9991399543211259,0.018070842700010914,False
202,4581,logT_over_pi_h1,1,0.9991425223604389,0.0180924304432164,0.9991425223604389,0.0180924304432164,False
203,4581,logT_over_pi_h1,1,0.999145194828489,0.018008220760922455,0.999145194828489,0.018008220760922455,False
204,4581,logT_over_pi_h1,1,0.9991583417352102,0.017809886169585454,0.9991583417352102,0.017809886169585454,False
205,4581,logT_over_pi_h1,1,0.9991421300681768,0.01804618570971961,0.9991421300681768,0.01804618570971961,False
206,4581,logT_over_pi_h1,1,0.9991478185432962,0.017877834237657098,0.9991478185432962,0.017877834237657098,False
207,4581,logT_over_pi_h1,1,0.999127545308322,0.01815448993615032,0.999127545308322,0.01815448993615032,False
208,4581,logT_over_pi_h1,1,0.9991459308696229,0.01802625340975883,0.9991459308696229,0.01802625340975883,False
209,4581,logT_over_pi_h1,1,0.9991520895404119,0.01797565742476337,0.9991520895404119,0.01797565742476337,False
210,4581,logT_over_pi_h1,1,0.9991358212442456,0.01806374395629451,0.9991358212442456,0.01806374395629451,False
211,4581,logT_over_pi_h1,1,0.9991897009513041,0.017615264752880222,0.9991897009513041,0.017615264752880222,False
212,4581,logT_over_pi_h1,1,0.9991696859056327,0.017870262289642724,0.9991696859056327,0.017870262289642724,False
213,4581,logT_over_pi_h1,1,0.9991429920874952,0.018074199288549586,0.9991429920874952,0.018074199288549586,False
214,4581,logT_over_pi_h1,1,0.9991361986045239,0.018199151425385196,0.9991361986045239,0.018199151425385196,False
215,4581,logT_over_pi_h1,1,0.9991607028271021,0.017833456639086975,0.9991607028271021,0.017833456639086975,False
216,4581,logT_over_pi_h1,1,0.9991476971127123,0.018046636439198238,0.9991476971127123,0.018046636439198238,False
217,4581,logT_over_pi_h1,1,0.9991443972474601,0.018093949811523125,0.9991443972474601,0.018093949811523125,False
218,4581,logT_over_pi_h1,1,0.9991423598797168,0.017938421031788998,0.9991423598797168,0.017938421031788998,False
219,4581,logT_over_pi_h1,1,0.9991631313492589,0.017859720376973698,0.9991631313492589,0.017859720376973698,False
220,4581,logT_over_pi_h1,1,0.9991582784561371,0.017543360778963013,0.9991582784561371,0.017543360778963013,False
221,4581,logT_over_pi_h1,1,0.9991489806059529,0.018049062456967135,0.9991489806059529,0.018049062456967135,False
222,4581,logT_over_pi_h1,1,0.9991434247255343,0.017911726583415444,0.9991434247255343,0.017911726583415444,False
223,4581,logT_over_pi_h1,1,0.9991474576483345,0.01797435043663942,0.9991474576483345,0.01797435043663942,False
224,4581,logT_over_pi_h1,1,0.9991604475089308,0.017764163327580462,0.9991604475089308,0.017764163327580462,False
225,4581,logT_over_pi_h1,1,0.9991597889930629,0.017786337008617537,0.9991597889930629,0.017786337008617537,False
226,4581,logT_over_pi_h1,1,0.9991550380594432,0.017912680780233003,0.9991550380594432,0.017912680780233003,False
227,4581,logT_over_pi_h1,1,0.9991656768520842,0.01790253575571743,0.9991656768520842,0.01790253575571743,False
228,4581,logT_over_pi_h1,1,0.9991671853270732,0.01766388473114411,0.9991671853270732,0.01766388473114411,False
229,4581,logT_over_pi_h1,1,0.9991628511450967,0.017996944854918873,0.9991628511450967,0.017996944854918873,False
230,4581,logT_over_pi_h1,1,0.9991409756518012,0.017959943076308882,0.9991409756518012,0.017959943076308882,False
231,4581,logT_over_pi_h1,1,0.9991604966383563,0.01780846077345366,0.9991604966383563,0.01780846077345366,False
232,4581,logT_over_pi_h1,1,0.9991457455779381,0.0178268121527152,0.9991457455779381,0.0178268121527152,False
233,4581,logT_over_pi_h1,1,0.9991556513159442,0.017820869332989986,0.9991556513159442,0.017820869332989986,False
234,4581,logT_over_pi_h1,1,0.9991680148318824,0.017960020475270788,0.9991680148318824,0.017960020475270788,False
235,4581,logT_over_pi_h1,1,0.9991523987182334,0.01792653785779308,0.9991523987182334,0.01792653785779308,False
236,4581,logT_over_pi_h1,1,0.9991464671865035,0.018082160835327876,0.9991464671865035,0.018082160835327876,False
237,4581,logT_over_pi_h1,1,0.9991423754471028,0.017943721902347498,0.9991423754471028,0.017943721902347498,False
238,4581,logT_over_pi_h1,1,0.9991659431534523,0.017825531121409277,0.9991659431534523,0.017825531121409277,False
239,4581,logT_over_pi_h1,1,0.9991493636142079,0.017904096157929317,0.9991493636142079,0.017904096157929317,False
240,4581,logT_over_pi_h1,1,0.9991533861959772,0.017916666202472342,0.9991533861959772,0.017916666202472342,False
241,4581,logT_over_pi_h1,1,0.9991389039208516,0.018044741938925135,0.9991389039208516,0.018044741938925135,False
242,4581,logT_over_pi_h1,1,0.9991809755588791,0.017595825801214104,0.9991809755588791,0.017595825801214104,False
243,4581,logT_over_pi_h1,1,0.9991351753302543,0.01810666380355208,0.9991351753302543,0.01810666380355208,False
244,4581,logT_over_pi_h1,1,0.9991439000595584,0.018050701824448012,0.9991439000595584,0.018050701824448012,False
245,4581,logT_over_pi_h1,1,0.9991633208641938,0.01788595377970381,0.9991633208641938,0.01788595377970381,False
246,4581,logT_over_pi_h1,1,0.9991530483204017,0.017979805316439723,0.9991530483204017,0.017979805316439723,False
247,4581,logT_over_pi_h1,1,0.999125895900923,0.01821830991423745,0.999125895900923,0.01821830991423745,False
248,4581,logT_over_pi_h1,1,0.9991468491030862,0.01809919499321211,0.9991468491030862,0.01809919499321211,False
249,4581,logT_over_pi_h1,1,0.9991443549897705,0.018003283797974667,0.9991443549897705,0.018003283797974667,False
250,4581,logT_over_pi_h1,1,0.9991697635816738,0.01758909058537217,0.9991697635816738,0.01758909058537217,False
251,4581,logT_over_pi_h1,1,0.9991477369885694,0.017944752269569264,0.9991477369885694,0.017944752269569264,False
252,4581,logT_over_pi_h1,1,0.9991384005660386,0.018115682010586553,0.9991384005660386,0.018115682010586553,False
253,4581,logT_over_pi_h1,1,0.99914873965672,0.017931637300372394,0.99914873965672,0.017931637300372394,False
254,4581,logT_over_pi_h1,1,0.9991664548433491,0.017772281431140513,0.9991664548433491,0.017772281431140513,False
255,4581,logT_over_pi_h1,1,0.9991582395776953,0.017797743460604032,0.9991582395776953,0.017797743460604032,False
256,4581,logT_over_pi_h1,1,0.9991327222075119,0.017972653323581333,0.9991327222075119,0.017972653323581333,False
257,4581,logT_over_pi_h1,1,0.9991367770336491,0.018040218856414825,0.9991367770336491,0.018040218856414825,False
258,4581,logT_over_pi_h1,1,0.9991382992214553,0.018031037292801422,0.9991382992214553,0.018031037292801422,False
259,4581,logT_over_pi_h1,1,0.9991417895895045,0.017911219891328045,0.9991417895895045,0.017911219891328045,False
260,4581,logT_over_pi_h1,1,0.9991415388742314,0.018115436458938206,0.9991415388742314,0.018115436458938206,False
261,4581,logT_over_pi_h1,1,0.9991628205361529,0.01788257406300975,0.9991628205361529,0.01788257406300975,False
262,4581,logT_over_pi_h1,1,0.9991273398617742,0.018174743712258135,0.9991273398617742,0.018174743712258135,False
263,4581,logT_over_pi_h1,1,0.999133696631228,0.018167189865197386,0.999133696631228,0.018167189865197386,False
264,4581,logT_over_pi_h1,1,0.9991444857110022,0.01812873316729302,0.9991444857110022,0.01812873316729302,False
265,4581,logT_over_pi_h1,1,0.9991447133754829,0.017969597741611665,0.9991447133754829,0.017969597741611665,False
266,4581,logT_over_pi_h1,1,0.9991511289645744,0.018020292787182868,0.9991511289645744,0.018020292787182868,False
267,4581,logT_over_pi_h1,1,0.9991518474341059,0.01795905359155814,0.9991518474341059,0.01795905359155814,False
268,4581,logT_over_pi_h1,1,0.9991250128896352,0.01816216088836864,0.9991250128896352,0.01816216088836864,False
269,4581,logT_over_pi_h1,1,0.9991709855870771,0.01781746284916963,0.9991709855870771,0.01781746284916963,False
270,4581,logT_over_pi_h1,1,0.9991419616760847,0.017983148454397302,0.9991419616760847,0.017983148454397302,False
271,4581,logT_over_pi_h1,1,0.9991624228484169,0.01796797755640167,0.9991624228484169,0.01796797755640167,False
272,4581,logT_over_pi_h1,1,0.9991638518816692,0.017799972117358287,0.9991638518816692,0.017799972117358287,False
273,4581,logT_over_pi_h1,1,0.9991740791002738,0.017837307005580172,0.9991740791002738,0.017837307005580172,False
274,4581,logT_over_pi_h1,1,0.9991400604672135,0.018146481991537122,0.9991400604672135,0.018146481991537122,False
275,4581,logT_over_pi_h1,1,0.9991378996424308,0.018146415720817544,0.9991378996424308,0.018146415720817544,False
276,4581,logT_over_pi_h1,1,0.9991512152010342,0.017802528095431036,0.9991512152010342,0.017802528095431036,False
277,4581,logT_over_pi_h1,1,0.9991454519485286,0.01792832019367996,0.9991454519485286,0.01792832019367996,False
278,4581,logT_over_pi_h1,1,0.9991410655599041,0.018048712146976342,0.9991410655599041,0.018048712146976342,False
279,4581,logT_over_pi_h1,1,0.9991568251416584,0.017900183105354017,0.9991568251416584,0.017900183105354017,False
280,4581,logT_over_pi_h1,1,0.9991377310399998,0.018126596429762998,0.9991377310399998,0.018126596429762998,False
281,4581,logT_over_pi_h1,1,0.999144527445873,0.018157090790133168,0.999144527445873,0.018157090790133168,False
282,4581,logT_over_pi_h1,1,0.9991350317429178,0.018179271249598727,0.9991350317429178,0.018179271249598727,False
283,4581,logT_over_pi_h1,1,0.9991495601778027,0.01793550850557324,0.9991495601778027,0.01793550850557324,False
284,4581,logT_over_pi_h1,1,0.9991548724117997,0.017914300912620362,0.9991548724117997,0.017914300912620362,False
285,4581,logT_over_pi_h1,1,0.999146100231742,0.018045339583094844,0.999146100231742,0.018045339583094844,False
286,4581,logT_over_pi_h1,1,0.9991607936437602,0.017930987696607836,0.9991607936437602,0.017930987696607836,False
287,4581,logT_over_pi_h1,1,0.9991328908311599,0.018166191028520018,0.9991328908311599,0.018166191028520018,False
288,4581,logT_over_pi_h1,1,0.9991431523112275,0.018078993727939974,0.9991431523112275,0.018078993727939974,False
289,4581,logT_over_pi_h1,1,0.999143938727642,0.017983420770968372,0.999143938727642,0.017983420770968372,False
290,4581,logT_over_pi_h1,1,0.9991732608277409,0.01780597580354204,0.9991732608277409,0.01780597580354204,False
291,4581,logT_over_pi_h1,1,0.9991402168464504,0.017974709372964526,0.9991402168464504,0.017974709372964526,False
292,4581,logT_over_pi_h1,1,0.9991520704240101,0.01804028154864845,0.9991520704240101,0.01804028154864845,False
293,4581,logT_over_pi_h1,1,0.9991543249936635,0.017805086443116735,0.9991543249936635,0.017805086443116735,False
294,4581,logT_over_pi_h1,1,0.9991618192527671,0.017710925526438714,0.9991618192527671,0.017710925526438714,False
295,4581,logT_over_pi_h1,1,0.9991623417212424,0.01778540960892272,0.9991623417212424,0.01778540960892272,False
296,4581,logT_over_pi_h1,1,0.9991393528925486,0.018010834479027515,0.9991393528925486,0.018010834479027515,False
297,4581,logT_over_pi_h1,1,0.9991590546680151,0.017985536745835695,0.9991590546680151,0.017985536745835695,False
298,4581,logT_over_pi_h1,1,0.9991307811408852,0.018156242060872074,0.9991307811408852,0.018156242060872074,False
299,4581,logT_over_pi_h1,1,0.9991482486817084,0.017841075159606312,0.9991482486817084,0.017841075159606312,False
300,4581,logT_over_pi_h1,1,0.9991504232058162,0.018052489213507883,0.9991504232058162,0.018052489213507883,False
301,4581,logT_over_pi_h1,1,0.9991807699277192,0.01772346636488109,0.9991807699277192,0.01772346636488109,False
302,4581,logT_over_pi_h1,1,0.9991563047848437,0.017933243035201052,0.9991563047848437,0.017933243035201052,False
303,4581,logT_over_pi_h1,1,0.9991371278471289,0.01807100154857899,0.9991371278471289,0.01807100154857899,False
304,4581,logT_over_pi_h1,1,0.9991497533508442,0.018022774188672486,0.9991497533508442,0.018022774188672486,False
305,4581,logT_over_pi_h1,1,0.9991502539517997,0.01804366110021416,0.9991502539517997,0.01804366110021416,False
306,4581,logT_over_pi_h1,1,0.9991391511879509,0.018076216422389102,0.9991391511879509,0.018076216422389102,False
307,4581,logT_over_pi_h1,1,0.9991501562415788,0.017867547907160386,0.9991501562415788,0.017867547907160386,False
308,4581,logT_over_pi_h1,1,0.9991498696087613,0.018070745825357726,0.9991498696087613,0.018070745825357726,False
309,4581,logT_over_pi_h1,1,0.999141765652243,0.018072722915627004,0.999141765652243,0.018072722915627004,False
310,4581,logT_over_pi_h1,1,0.9991604607799772,0.01786650667456069,0.9991604607799772,0.01786650667456069,False
311,4581,logT_over_pi_h1,1,0.9991348649490194,0.018158930612099944,0.9991348649490194,0.018158930612099944,False
312,4581,logT_over_pi_h1,1,0.9991427575629255,0.01806478229514763,0.9991427575629255,0.01806478229514763,False
313,4581,logT_over_pi_h1,1,0.9991548829056964,0.01797187643459175,0.9991548829056964,0.01797187643459175,False
314,4581,logT_over_pi_h1,1,0.999137928838707,0.01785910159510884,0.999137928838707,0.01785910159510884,False
315,4581,logT_over_pi_h1,1,0.9991515901538397,0.018050438153577097,0.9991515901538397,0.018050438153577097,False
316,4581,logT_over_pi_h1,1,0.9991422708282078,0.018136692285374956,0.9991422708282078,0.018136692285374956,False
317,4581,logT_over_pi_h1,1,0.9991306746999703,0.01819444097557721,0.9991306746999703,0.01819444097557721,False
318,4581,logT_over_pi_h1,1,0.9991537185512123,0.017858887912424848,0.9991537185512123,0.017858887912424848,False
319,4581,logT_over_pi_h1,1,0.9991552167242354,0.01803811006280487,0.9991552167242354,0.01803811006280487,False
320,4581,logT_over_pi_h1,1,0.999160303273194,0.017748770459855123,0.999160303273194,0.017748770459855123,False
321,4581,logT_over_pi_h1,1,0.9991476485740396,0.018136263475681424,0.9991476485740396,0.018136263475681424,False
322,4581,logT_over_pi_h1,1,0.9991426107573065,0.018049057230038024,0.9991426107573065,0.018049057230038024,False
323,4581,logT_over_pi_h1,1,0.9991709834065416,0.017839256978485984,0.9991709834065416,0.017839256978485984,False
324,4581,logT_over_pi_h1,1,0.9991809270636599,0.01775363718226508,0.9991809270636599,0.01775363718226508,False
325,4581,logT_over_pi_h1,1,0.9991516633211867,0.018057751560240476,0.9991516633211867,0.018057751560240476,False
326,4581,logT_over_pi_h1,1,0.9991465991849292,0.017956105040821235,0.9991465991849292,0.017956105040821235,False
327,4581,logT_over_pi_h1,1,0.99915557552178,0.01769270382861521,0.99915557552178,0.01769270382861521,False
328,4581,logT_over_pi_h1,1,0.9991436704458351,0.018015622835868328,0.9991436704458351,0.018015622835868328,False
329,4581,logT_over_pi_h1,1,0.9991517406435867,0.017924496245862898,0.9991517406435867,0.017924496245862898,False
330,4581,logT_over_pi_h1,1,0.9991522278910995,0.017971109006463593,0.9991522278910995,0.017971109006463593,False
331,4581,logT_over_pi_h1,1,0.9991416493890817,0.017965877700598654,0.9991416493890817,0.017965877700598654,False
332,4581,logT_over_pi_h1,1,0.9991502316710079,0.017984815519167086,0.9991502316710079,0.017984815519167086,False
333,4581,logT_over_pi_h1,1,0.9991481632063385,0.018030838629957913,0.9991481632063385,0.018030838629957913,False
334,4581,logT_over_pi_h1,1,0.9991442037782302,0.017997377428470074,0.9991442037782302,0.017997377428470074,False
335,4581,logT_over_pi_h1,1,0.9991282892285859,0.018177221201960414,0.9991282892285859,0.018177221201960414,False
336,4581,logT_over_pi_h1,1,0.9991451780508447,0.01809655831768886,0.9991451780508447,0.01809655831768886,False
337,4581,logT_over_pi_h1,1,0.9991665724143762,0.01780884812490502,0.9991665724143762,0.01780884812490502,False
338,4581,logT_over_pi_h1,1,0.9991521147056437,0.017912876919266907,0.9991521147056437,0.017912876919266907,False
339,4581,logT_over_pi_h1,1,0.9991349592839238,0.0181298674746051,0.9991349592839238,0.0181298674746051,False
340,4581,logT_over_pi_h1,1,0.999159961355036,0.017864190211517084,0.999159961355036,0.017864190211517084,False
341,4581,logT_over_pi_h1,1,0.9991670586362691,0.017743702576304976,0.9991670586362691,0.017743702576304976,False
342,4581,logT_over_pi_h1,1,0.9991528003484177,0.01786172000841013,0.9991528003484177,0.01786172000841013,False
343,4581,logT_over_pi_h1,1,0.999132831443775,0.018171157819592665,0.999132831443775,0.018171157819592665,False
344,4581,logT_over_pi_h1,1,0.9991301806181466,0.01815374792578961,0.9991301806181466,0.01815374792578961,False
345,4581,logT_over_pi_h1,1,0.999164224732967,0.017894760232262996,0.999164224732967,0.017894760232262996,False
346,4581,logT_over_pi_h1,1,0.9991495817584692,0.01797955770960069,0.9991495817584692,0.01797955770960069,False
347,4581,logT_over_pi_h1,1,0.9991377536339252,0.018096388253224127,0.9991377536339252,0.018096388253224127,False
348,4581,logT_over_pi_h1,1,0.9991664294800898,0.017929724184864604,0.9991664294800898,0.017929724184864604,False
349,4581,logT_over_pi_h1,1,0.999155584002192,0.01803619776726162,0.999155584002192,0.01803619776726162,False
350,4581,logT_over_pi_h1,1,0.9991603913766964,0.017988773639546096,0.9991603913766964,0.017988773639546096,False
351,4581,logT_over_pi_h1,1,0.9991497171547974,0.017892085536768576,0.9991497171547974,0.017892085536768576,False
352,4581,logT_over_pi_h1,1,0.9991415662652375,0.01811642039674677,0.9991415662652375,0.01811642039674677,False
353,4581,logT_over_pi_h1,1,0.9991738358388798,0.017816544545754986,0.9991738358388798,0.017816544545754986,False
354,4581,logT_over_pi_h1,1,0.9991554107207958,0.0179049155867661,0.9991554107207958,0.0179049155867661,False
355,4581,logT_over_pi_h1,1,0.9991638164198273,0.017751944864714986,0.9991638164198273,0.017751944864714986,False
356,4581,logT_over_pi_h1,1,0.9991485059649522,0.017931556526565195,0.9991485059649522,0.017931556526565195,False
357,4581,logT_over_pi_h1,1,0.9991307888720901,0.018108494799165875,0.9991307888720901,0.018108494799165875,False
358,4581,logT_over_pi_h1,1,0.9991668627001085,0.017880796403463073,0.9991668627001085,0.017880796403463073,False
359,4581,logT_over_pi_h1,1,0.9991597338533881,0.01798718166727742,0.9991597338533881,0.01798718166727742,False
360,4581,logT_over_pi_h1,1,0.9991543643734803,0.017987230717979585,0.9991543643734803,0.017987230717979585,False
361,4581,logT_over_pi_h1,1,0.9991417459703302,0.018002699129778144,0.9991417459703302,0.018002699129778144,False
362,4581,logT_over_pi_h1,1,0.9991477205844669,0.01796329365419691,0.9991477205844669,0.01796329365419691,False
363,4581,logT_over_pi_h1,1,0.9991492305202669,0.017900568331584488,0.9991492305202669,0.017900568331584488,False
364,4581,logT_over_pi_h1,1,0.9991676714685926,0.017597534263845915,0.9991676714685926,0.017597534263845915,False
365,4581,logT_over_pi_h1,1,0.999145906331436,0.01794992234064452,0.999145906331436,0.01794992234064452,False
366,4581,logT_over_pi_h1,1,0.9991599411325895,0.017863589207760988,0.9991599411325895,0.017863589207760988,False
367,4581,logT_over_pi_h1,1,0.9991452401812483,0.017944736201429556,0.9991452401812483,0.017944736201429556,False
368,4581,logT_over_pi_h1,1,0.9991415086577194,0.018001269791018792,0.9991415086577194,0.018001269791018792,False
369,4581,logT_over_pi_h1,1,0.9991415196662237,0.017979719486476142,0.9991415196662237,0.017979719486476142,False
370,4581,logT_over_pi_h1,1,0.9991491749546371,0.0179266894497081,0.9991491749546371,0.0179266894497081,False
371,4581,logT_over_pi_h1,1,0.9991294987626225,0.017999341373524658,0.9991294987626225,0.017999341373524658,False
372,4581,logT_over_pi_h1,1,0.9991661163742395,0.0178253155517476,0.9991661163742395,0.0178253155517476,False
373,4581,logT_over_pi_h1,1,0.9991531327849877,0.01796964235512455,0.9991531327849877,0.01796964235512455,False
374,4581,logT_over_pi_h1,1,0.9991638651835405,0.017913342783995034,0.9991638651835405,0.017913342783995034,False
375,4581,logT_over_pi_h1,1,0.9991375976101384,0.018097802880132186,0.9991375976101384,0.018097802880132186,False
376,4581,logT_over_pi_h1,1,0.999151512771706,0.017912258887181842,0.999151512771706,0.017912258887181842,False
377,4581,logT_over_pi_h1,1,0.9991497852941341,0.01788329444299741,0.9991497852941341,0.01788329444299741,False
378,4581,logT_over_pi_h1,1,0.9991304531987244,0.018070561001216845,0.9991304531987244,0.018070561001216845,False
379,4581,logT_over_pi_h1,1,0.9991467571437428,0.017980243888712444,0.9991467571437428,0.017980243888712444,False
380,4581,logT_over_pi_h1,1,0.9991480790296344,0.018056810955792812,0.9991480790296344,0.018056810955792812,False
381,4581,logT_over_pi_h1,1,0.9991451714184515,0.01802592012985027,0.9991451714184515,0.01802592012985027,False
382,4581,logT_over_pi_h1,1,0.9991566113471314,0.017919613199275375,0.9991566113471314,0.017919613199275375,False
383,4581,logT_over_pi_h1,1,0.9991559429752584,0.017869532776290775,0.9991559429752584,0.017869532776290775,False
384,4581,logT_over_pi_h1,1,0.9991472588705801,0.017992597985231562,0.9991472588705801,0.017992597985231562,False
385,4581,logT_over_pi_h1,1,0.9991623089483309,0.01787581143346184,0.9991623089483309,0.01787581143346184,False
386,4581,logT_over_pi_h1,1,0.9991653466910354,0.017924970594736855,0.9991653466910354,0.017924970594736855,False
387,4581,logT_over_pi_h1,1,0.9991541672190516,0.01796327171611356,0.9991541672190516,0.01796327171611356,False
388,4581,logT_over_pi_h1,1,0.9991409976221698,0.018143030468500854,0.9991409976221698,0.018143030468500854,False
389,4581,logT_over_pi_h1,1,0.9991552120162167,0.0178205582293689,0.9991552120162167,0.0178205582293689,False
390,4581,logT_over_pi_h1,1,0.9991461329744599,0.01802600692725953,0.9991461329744599,0.01802600692725953,False
391,4581,logT_over_pi_h1,1,0.999153695167253,0.018059747661069103,0.999153695167253,0.018059747661069103,False
392,4581,logT_over_pi_h1,1,0.9991565162921217,0.017794556280904317,0.9991565162921217,0.017794556280904317,False
393,4581,logT_over_pi_h1,1,0.9991589539414633,0.0179879561710381,0.9991589539414633,0.0179879561710381,False
394,4581,logT_over_pi_h1,1,0.9991384078054484,0.018181929342317105,0.9991384078054484,0.018181929342317105,False
395,4581,logT_over_pi_h1,1,0.9991554785026014,0.017732594084133524,0.9991554785026014,0.017732594084133524,False
396,4581,logT_over_pi_h1,1,0.9991417014309664,0.018121019770978464,0.9991417014309664,0.018121019770978464,False
397,4581,logT_over_pi_h1,1,0.9991599480424549,0.01792380437604102,0.9991599480424549,0.01792380437604102,False
398,4581,logT_over_pi_h1,1,0.999168349965655,0.017866028487854457,0.999168349965655,0.017866028487854457,False
399,4581,logT_over_pi_h1,1,0.9991466902070651,0.01808393786572804,0.9991466902070651,0.01808393786572804,False
400,4581,logT_over_pi_h1,1,0.9991644211229622,0.017780611665365598,0.9991644211229622,0.017780611665365598,False
401,4581,logT_over_pi_h1,1,0.9991557707140868,0.01800385953665362,0.9991557707140868,0.01800385953665362,False
402,4581,logT_over_pi_h1,1,0.9991395333716314,0.017947254942630053,0.9991395333716314,0.017947254942630053,False
403,4581,logT_over_pi_h1,1,0.9991421249902773,0.018102458047654757,0.9991421249902773,0.018102458047654757,False
404,4581,logT_over_pi_h1,1,0.9991447336597832,0.01806938546675152,0.9991447336597832,0.01806938546675152,False
405,4581,logT_over_pi_h1,1,0.9991582118103297,0.017853190473180014,0.9991582118103297,0.017853190473180014,False
406,4581,logT_over_pi_h1,1,0.9991572862640073,0.018032136012571698,0.9991572862640073,0.018032136012571698,False
407,4581,logT_over_pi_h1,1,0.999141744407417,0.018054089992965316,0.999141744407417,0.018054089992965316,False
408,4581,logT_over_pi_h1,1,0.9991424915025402,0.018007174504226953,0.9991424915025402,0.018007174504226953,False
409,4581,logT_over_pi_h1,1,0.9991476523397094,0.01808449457790573,0.9991476523397094,0.01808449457790573,False
410,4581,logT_over_pi_h1,1,0.999166349874004,0.017715205079912977,0.999166349874004,0.017715205079912977,False
411,4581,logT_over_pi_h1,1,0.9991543080579469,0.017956864661810457,0.9991543080579469,0.017956864661810457,False
412,4581,logT_over_pi_h1,1,0.9991483585728449,0.017894787333476714,0.9991483585728449,0.017894787333476714,False
413,4581,logT_over_pi_h1,1,0.9991574973471304,0.017830237254758963,0.9991574973471304,0.017830237254758963,False
414,4581,logT_over_pi_h1,1,0.9991378045056112,0.018075789308324985,0.9991378045056112,0.018075789308324985,False
415,4581,logT_over_pi_h1,1,0.9991609630922799,0.01789509005145984,0.9991609630922799,0.01789509005145984,False
416,4581,logT_over_pi_h1,1,0.9991435811042743,0.01799598037873018,0.9991435811042743,0.01799598037873018,False
417,4581,logT_over_pi_h1,1,0.9991574566786626,0.01788357473398694,0.9991574566786626,0.01788357473398694,False
418,4581,logT_over_pi_h1,1,0.9991356666035165,0.018150667533566534,0.9991356666035165,0.018150667533566534,False
419,4581,logT_over_pi_h1,1,0.9991379338486167,0.01805574631163953,0.9991379338486167,0.01805574631163953,False
420,4581,logT_over_pi_h1,1,0.9991544755894165,0.017944717604340354,0.9991544755894165,0.017944717604340354,False
421,4581,logT_over_pi_h1,1,0.9991632993475067,0.01785592180241924,0.9991632993475067,0.01785592180241924,False
422,4581,logT_over_pi_h1,1,0.9991561208137887,0.017887712916475174,0.9991561208137887,0.017887712916475174,False
423,4581,logT_over_pi_h1,1,0.9991352623478298,0.017890348847120485,0.9991352623478298,0.017890348847120485,False
424,4581,logT_over_pi_h1,1,0.9991406029303869,0.018126213766660904,0.9991406029303869,0.018126213766660904,False
425,4581,logT_over_pi_h1,1,0.9991432722209237,0.01782518217664464,0.9991432722209237,0.01782518217664464,False
426,4581,logT_over_pi_h1,1,0.9991490913473865,0.018003196990034276,0.9991490913473865,0.018003196990034276,False
427,4581,logT_over_pi_h1,1,0.9991323262516099,0.018061535417012387,0.9991323262516099,0.018061535417012387,False
428,4581,logT_over_pi_h1,1,0.9991585627563023,0.017940804185376358,0.9991585627563023,0.017940804185376358,False
429,4581,logT_over_pi_h1,1,0.9991319504411241,0.018203020301468698,0.9991319504411241,0.018203020301468698,False
430,4581,logT_over_pi_h1,1,0.9991551325477965,0.017955915062912275,0.9991551325477965,0.017955915062912275,False
431,4581,logT_over_pi_h1,1,0.9991577153948387,0.017838257603713714,0.9991577153948387,0.017838257603713714,False
432,4581,logT_over_pi_h1,1,0.9991700143679544,0.017933649990149014,0.9991700143679544,0.017933649990149014,False
433,4581,logT_over_pi_h1,1,0.9991326250212798,0.01816378193061574,0.9991326250212798,0.01816378193061574,False
434,4581,logT_over_pi_h1,1,0.9991724360331049,0.017876837020863512,0.9991724360331049,0.017876837020863512,False
435,4581,logT_over_pi_h1,1,0.999132502106483,0.01805535794027069,0.999132502106483,0.01805535794027069,False
436,4581,logT_over_pi_h1,1,0.9991417993328793,0.01805414788229065,0.9991417993328793,0.01805414788229065,False
437,4581,logT_over_pi_h1,1,0.9991434965442191,0.018075644185736373,0.9991434965442191,0.018075644185736373,False
438,4581,logT_over_pi_h1,1,0.9991506211813036,0.017856449535094576,0.9991506211813036,0.017856449535094576,False
439,4581,logT_over_pi_h1,1,0.9991493358964986,0.017911311619522863,0.9991493358964986,0.017911311619522863,False
440,4581,logT_over_pi_h1,1,0.9991423518244321,0.018072785433688843,0.9991423518244321,0.018072785433688843,False
441,4581,logT_over_pi_h1,1,0.999134343996141,0.01820416907988953,0.999134343996141,0.01820416907988953,False
442,4581,logT_over_pi_h1,1,0.99913584881591,0.01821246280863864,0.99913584881591,0.01821246280863864,False
443,4581,logT_over_pi_h1,1,0.9991304475409499,0.018100818580547795,0.9991304475409499,0.018100818580547795,False
444,4581,logT_over_pi_h1,1,0.9991433459382412,0.01795791213326048,0.9991433459382412,0.01795791213326048,False
445,4581,logT_over_pi_h1,1,0.9991486124184783,0.018125477704526993,0.9991486124184783,0.018125477704526993,False
446,4581,logT_over_pi_h1,1,0.9991399906657787,0.0180037097148098,0.9991399906657787,0.0180037097148098,False
447,4581,logT_over_pi_h1,1,0.9991561051502659,0.01779255063985108,0.9991561051502659,0.01779255063985108,False
448,4581,logT_over_pi_h1,1,0.9991722415983716,0.017624936709631278,0.9991722415983716,0.017624936709631278,False
449,4581,logT_over_pi_h1,1,0.9991448813332295,0.01803603923792174,0.9991448813332295,0.01803603923792174,False
450,4581,logT_over_pi_h1,1,0.9991641853626634,0.01800257791952653,0.9991641853626634,0.01800257791952653,False
451,4581,logT_over_pi_h1,1,0.9991538701424347,0.017954535398933658,0.9991538701424347,0.017954535398933658,False
452,4581,logT_over_pi_h1,1,0.9991597554070535,0.01802584377892469,0.9991597554070535,0.01802584377892469,False
453,4581,logT_over_pi_h1,1,0.9991649328652599,0.017827664207291427,0.9991649328652599,0.017827664207291427,False
454,4581,logT_over_pi_h1,1,0.9991265476446076,0.018026161211245117,0.9991265476446076,0.018026161211245117,False
455,4581,logT_over_pi_h1,1,0.999125169190442,0.018230986713254183,0.999125169190442,0.018230986713254183,False
456,4581,logT_over_pi_h1,1,0.9991439587398995,0.017995663872496515,0.9991439587398995,0.017995663872496515,False
457,4581,logT_over_pi_h1,1,0.999163629925589,0.017731426781968374,0.999163629925589,0.017731426781968374,False
458,4581,logT_over_pi_h1,1,0.9991396343863103,0.018044517046556408,0.9991396343863103,0.018044517046556408,False
459,4581,logT_over_pi_h1,1,0.9991454614663886,0.018058529154531655,0.9991454614663886,0.018058529154531655,False
460,4581,logT_over_pi_h1,1,0.9991501671010001,0.01800811976810479,0.9991501671010001,0.01800811976810479,False
461,4581,logT_over_pi_h1,1,0.9991623742701162,0.017812041615450802,0.9991623742701162,0.017812041615450802,False
462,4581,logT_over_pi_h1,1,0.9991347711476607,0.01804200325528882,0.9991347711476607,0.01804200325528882,False
463,4581,logT_over_pi_h1,1,0.9991498090152026,0.01797798991302102,0.9991498090152026,0.01797798991302102,False
464,4581,logT_over_pi_h1,1,0.9991663083837863,0.018017372974485468,0.9991663083837863,0.018017372974485468,False
465,4581,logT_over_pi_h1,1,0.9991549414641906,0.017924100221616612,0.9991549414641906,0.017924100221616612,False
466,4581,logT_over_pi_h1,1,0.9991487166079542,0.017926147520942237,0.9991487166079542,0.017926147520942237,False
467,4581,logT_over_pi_h1,1,0.99913632683673,0.018015619208492595,0.99913632683673,0.018015619208492595,False
468,4581,logT_over_pi_h1,1,0.9991526647713163,0.017915069919033577,0.9991526647713163,0.017915069919033577,False
469,4581,logT_over_pi_h1,1,0.9991354860853594,0.018116241834873925,0.9991354860853594,0.018116241834873925,False
470,4581,logT_over_pi_h1,1,0.9991554701054969,0.017834792898351104,0.9991554701054969,0.017834792898351104,False
471,4581,logT_over_pi_h1,1,0.9991719373698841,0.017859971381009032,0.9991719373698841,0.017859971381009032,False
472,4581,logT_over_pi_h1,1,0.999155144304199,0.017971607436318315,0.999155144304199,0.017971607436318315,False
473,4581,logT_over_pi_h1,1,0.9991331467291411,0.01810316655210098,0.9991331467291411,0.01810316655210098,False
474,4581,logT_over_pi_h1,1,0.9991644517607582,0.01791756187428195,0.9991644517607582,0.01791756187428195,False
475,4581,logT_over_pi_h1,1,0.9991620549952847,0.017807440233148064,0.9991620549952847,0.017807440233148064,False
476,4581,logT_over_pi_h1,1,0.9991535373977641,0.018020442326714736,0.9991535373977641,0.018020442326714736,False
477,4581,logT_over_pi_h1,1,0.9991646078352272,0.01782699275686639,0.9991646078352272,0.01782699275686639,False
478,4581,logT_over_pi_h1,1,0.9991518861587226,0.017976617939501338,0.9991518861587226,0.017976617939501338,False
479,4581,logT_over_pi_h1,1,0.9991490131226716,0.017982657247903155,0.9991490131226716,0.017982657247903155,False
480,4581,logT_over_pi_h1,1,0.9991641553132325,0.017956249717132167,0.9991641553132325,0.017956249717132167,False
481,4581,logT_over_pi_h1,1,0.9991468904390224,0.017934316224312852,0.9991468904390224,0.017934316224312852,False
482,4581,logT_over_pi_h1,1,0.9991464992098961,0.017985763292692525,0.9991464992098961,0.017985763292692525,False
483,4581,logT_over_pi_h1,1,0.999161929990812,0.01796088151396269,0.999161929990812,0.01796088151396269,False
484,4581,logT_over_pi_h1,1,0.99915763642271,0.017909921721209088,0.99915763642271,0.017909921721209088,False
485,4581,logT_over_pi_h1,1,0.999129906353871,0.01820885597740851,0.999129906353871,0.01820885597740851,False
486,4581,logT_over_pi_h1,1,0.9991687413027722,0.01778433765869636,0.9991687413027722,0.01778433765869636,False
487,4581,logT_over_pi_h1,1,0.9991606238246715,0.01795060862553921,0.9991606238246715,0.01795060862553921,False
488,4581,logT_over_pi_h1,1,0.9991432589438145,0.017967751329038606,0.9991432589438145,0.017967751329038606,False
489,4581,logT_over_pi_h1,1,0.9991611726170146,0.017746533160655886,0.9991611726170146,0.017746533160655886,False
490,4581,logT_over_pi_h1,1,0.9991339118146723,0.018150492632849513,0.9991339118146723,0.018150492632849513,False
491,4581,logT_over_pi_h1,1,0.9991423443322055,0.018179167977487865,0.9991423443322055,0.018179167977487865,False
492,4581,logT_over_pi_h1,1,0.9991595158606035,0.018045076447765318,0.9991595158606035,0.018045076447765318,False
493,4581,logT_over_pi_h1,1,0.9991326075184914,0.01822112411697585,0.9991326075184914,0.01822112411697585,False
494,4581,logT_over_pi_h1,1,0.9991553151884863,0.017959624260536877,0.9991553151884863,0.017959624260536877,False
495,4581,logT_over_pi_h1,1,0.9991499915736028,0.01797202454684932,0.9991499915736028,0.01797202454684932,False
496,4581,logT_over_pi_h1,1,0.9991505257855015,0.018023794862428666,0.9991505257855015,0.018023794862428666,False
497,4581,logT_over_pi_h1,1,0.9991329062038274,0.018171324124849342,0.9991329062038274,0.018171324124849342,False
498,4581,logT_over_pi_h1,1,0.9991703454802838,0.0178213164679768,0.9991703454802838,0.0178213164679768,False
499,4581,logT_over_pi_h1,1,0.9991431535553755,0.018047373547418033,0.9991431535553755,0.018047373547418033,False
500,4581,logT_over_pi_h1,1,0.9991197427042465,0.018107294829467158,0.9991197427042465,0.018107294829467158,False
501,4581,logT_over_pi_h1,1,0.9991466388815895,0.017843591407340043,0.9991466388815895,0.017843591407340043,False
502,4581,logT_over_pi_h1,1,0.9991396860806099,0.018052557066989827,0.9991396860806099,0.018052557066989827,False
503,4581,logT_over_pi_h1,1,0.9991287400641597,0.017985437637543455,0.9991287400641597,0.017985437637543455,False
504,4581,logT_over_pi_h1,1,0.9991498724390723,0.018039265553650985,0.9991498724390723,0.018039265553650985,False
505,4581,logT_over_pi_h1,1,0.9991692742597833,0.01779895869573167,0.9991692742597833,0.01779895869573167,False
506,4581,logT_over_pi_h1,1,0.9991485406212227,0.018021055470048175,0.9991485406212227,0.018021055470048175,False
507,4581,logT_over_pi_h1,1,0.9991831071866444,0.017717828029068627,0.9991831071866444,0.017717828029068627,False
508,4581,logT_over_pi_h1,1,0.9991625685287074,0.017903390414165443,0.9991625685287074,0.017903390414165443,False
509,4581,logT_over_pi_h1,1,0.999149981643276,0.0180657017776511,0.999149981643276,0.0180657017776511,False
510,4581,logT_over_pi_h1,1,0.9991399425321641,0.01815650550536052,0.9991399425321641,0.01815650550536052,False
511,4581,logT_over_pi_h1,1,0.9991338435720231,0.0180145246330623,0.9991338435720231,0.0180145246330623,False
512,4581,logT_over_pi_h1,1,0.9991508833042176,0.01797029562863628,0.9991508833042176,0.01797029562863628,False
513,4581,logT_over_pi_h1,1,0.9991502974182656,0.017927826923653356,0.9991502974182656,0.017927826923653356,False
514,4581,logT_over_pi_h1,1,0.9991614523839853,0.01794061413896042,0.9991614523839853,0.01794061413896042,False
515,4581,logT_over_pi_h1,1,0.9991698164562983,0.017905958992195714,0.9991698164562983,0.017905958992195714,False
516,4581,logT_over_pi_h1,1,0.999163650274907,0.017986472874127912,0.999163650274907,0.017986472874127912,False
517,4581,logT_over_pi_h1,1,0.9991596983377244,0.017922229941762957,0.9991596983377244,0.017922229941762957,False
518,4581,logT_over_pi_h1,1,0.9991782734425154,0.01772252581181899,0.9991782734425154,0.01772252581181899,False
519,4581,logT_over_pi_h1,1,0.9991521608943587,0.01805024874302763,0.9991521608943587,0.01805024874302763,False
520,4581,logT_over_pi_h1,1,0.9991433716925081,0.017982850549583596,0.9991433716925081,0.017982850549583596,False
521,4581,logT_over_pi_h1,1,0.9991451445660362,0.018144643740340527,0.9991451445660362,0.018144643740340527,False
522,4581,logT_over_pi_h1,1,0.9991486731940553,0.01805807189654285,0.9991486731940553,0.01805807189654285,False
523,4581,logT_over_pi_h1,1,0.9991367305490376,0.018106817504282446,0.9991367305490376,0.018106817504282446,False
524,4581,logT_over_pi_h1,1,0.9991366177176563,0.01801961328430135,0.9991366177176563,0.01801961328430135,False
525,4581,logT_over_pi_h1,1,0.9991556473827066,0.017945487940303373,0.9991556473827066,0.017945487940303373,False
526,4581,logT_over_pi_h1,1,0.999162575019912,0.017914465463337415,0.999162575019912,0.017914465463337415,False
527,4581,logT_over_pi_h1,1,0.9991496977920656,0.017873189138361667,0.9991496977920656,0.017873189138361667,False
528,4581,logT_over_pi_h1,1,0.9991547226840665,0.018035152922604603,0.9991547226840665,0.018035152922604603,False
529,4581,logT_over_pi_h1,1,0.9991282826048262,0.01821412424548452,0.9991282826048262,0.01821412424548452,False
530,4581,logT_over_pi_h1,1,0.9991547862822462,0.01774961344280168,0.9991547862822462,0.01774961344280168,False
531,4581,logT_over_pi_h1,1,0.9991199325614183,0.0179963039417137,0.9991199325614183,0.0179963039417137,False
532,4581,logT_over_pi_h1,1,0.9991464598131439,0.018063402282824548,0.9991464598131439,0.018063402282824548,False
533,4581,logT_over_pi_h1,1,0.9991311683876436,0.01817567743544668,0.9991311683876436,0.01817567743544668,False
534,4581,logT_over_pi_h1,1,0.9991352116275841,0.017928525554562924,0.9991352116275841,0.017928525554562924,False
535,4581,logT_over_pi_h1,1,0.9991660679442931,0.017679683548601943,0.9991660679442931,0.017679683548601943,False
536,4581,logT_over_pi_h1,1,0.9991422947387114,0.018049271989044158,0.9991422947387114,0.018049271989044158,False
537,4581,logT_over_pi_h1,1,0.9991486047762889,0.018092813357489135,0.9991486047762889,0.018092813357489135,False
538,4581,logT_over_pi_h1,1,0.9991535878360606,0.017924724823408233,0.9991535878360606,0.017924724823408233,False
539,4581,logT_over_pi_h1,1,0.9991485940120823,0.01807605707706461,0.9991485940120823,0.01807605707706461,False
540,4581,logT_over_pi_h1,1,0.9991617091775793,0.017972323223328424,0.9991617091775793,0.017972323223328424,False
541,4581,logT_over_pi_h1,1,0.9991424023273797,0.01799559678927487,0.9991424023273797,0.01799559678927487,False
542,4581,logT_over_pi_h1,1,0.9991455774918153,0.01805659123468839,0.9991455774918153,0.01805659123468839,False
543,4581,logT_over_pi_h1,1,0.9991451703201198,0.017985278766382784,0.9991451703201198,0.017985278766382784,False
544,4581,logT_over_pi_h1,1,0.999147428560324,0.017787173004378154,0.999147428560324,0.017787173004378154,False
545,4581,logT_over_pi_h1,1,0.9991449793545873,0.0180492192312931,0.9991449793545873,0.0180492192312931,False
546,4581,logT_over_pi_h1,1,0.9991311468799915,0.01820806287980492,0.9991311468799915,0.01820806287980492,False
547,4581,logT_over_pi_h1,1,0.9991391974783003,0.018064044863379536,0.9991391974783003,0.018064044863379536,False
548,4581,logT_over_pi_h1,1,0.9991673261601624,0.01789093046013157,0.9991673261601624,0.01789093046013157,False
549,4581,logT_over_pi_h1,1,0.9991449788420644,0.018048153524485855,0.9991449788420644,0.018048153524485855,False
550,4581,logT_over_pi_h1,1,0.9991588998291242,0.017862842123416378,0.9991588998291242,0.017862842123416378,False
551,4581,logT_over_pi_h1,1,0.9991587912351161,0.017845276436036173,0.9991587912351161,0.017845276436036173,False
552,4581,logT_over_pi_h1,1,0.9991476063477148,0.018058181937679052,0.9991476063477148,0.018058181937679052,False
553,4581,logT_over_pi_h1,1,0.9991324609807319,0.018204653085905242,0.9991324609807319,0.018204653085905242,False
554,4581,logT_over_pi_h1,1,0.9991427909036469,0.018049191584767144,0.9991427909036469,0.018049191584767144,False
555,4581,logT_over_pi_h1,1,0.999134313446682,0.018207614355000068,0.999134313446682,0.018207614355000068,False
556,4581,logT_over_pi_h1,1,0.9991483405553361,0.018064463313724133,0.9991483405553361,0.018064463313724133,False
557,4581,logT_over_pi_h1,1,0.9991246037763613,0.018196793225770946,0.9991246037763613,0.018196793225770946,False
558,4581,logT_over_pi_h1,1,0.9991533254139423,0.018034445439893076,0.9991533254139423,0.018034445439893076,False
559,4581,logT_over_pi_h1,1,0.9991622376454304,0.017858807931162346,0.9991622376454304,0.017858807931162346,False
560,4581,logT_over_pi_h1,1,0.9991529487194879,0.01788111180031393,0.9991529487194879,0.01788111180031393,False
561,4581,logT_over_pi_h1,1,0.9991629586180201,0.017785440558165,0.9991629586180201,0.017785440558165,False
562,4581,logT_over_pi_h1,1,0.9991693791507611,0.017773711755999066,0.9991693791507611,0.017773711755999066,False
563,4581,logT_over_pi_h1,1,0.9991557264487972,0.0179036044099794,0.9991557264487972,0.0179036044099794,False
564,4581,logT_over_pi_h1,1,0.9991513533697529,0.017904755328951083,0.9991513533697529,0.017904755328951083,False
565,4581,logT_over_pi_h1,1,0.999145636471671,0.01798387019908887,0.999145636471671,0.01798387019908887,False
566,4581,logT_over_pi_h1,1,0.9991392514321198,0.018020808244943787,0.9991392514321198,0.018020808244943787,False
567,4581,logT_over_pi_h1,1,0.9991260951185623,0.01829191331916391,0.9991260951185623,0.01829191331916391,False
568,4581,logT_over_pi_h1,1,0.999131434706739,0.017954622949973853,0.999131434706739,0.017954622949973853,False
569,4581,logT_over_pi_h1,1,0.9991513234843475,0.01796358813425769,0.9991513234843475,0.01796358813425769,False
570,4581,logT_over_pi_h1,1,0.9991638779551514,0.01797831626575519,0.9991638779551514,0.01797831626575519,False
571,4581,logT_over_pi_h1,1,0.9991541322861186,0.018069888988200944,0.9991541322861186,0.018069888988200944,False
572,4581,logT_over_pi_h1,1,0.9991631407702412,0.017683902732912316,0.9991631407702412,0.017683902732912316,False
573,4581,logT_over_pi_h1,1,0.9991392462495339,0.018159334726008503,0.9991392462495339,0.018159334726008503,False
574,4581,logT_over_pi_h1,1,0.9991438365349752,0.01800599857223162,0.9991438365349752,0.01800599857223162,False
575,4581,logT_over_pi_h1,1,0.9991622129154006,0.017790888079460387,0.9991622129154006,0.017790888079460387,False
576,4581,logT_over_pi_h1,1,0.9991549388305708,0.017856808783241362,0.9991549388305708,0.017856808783241362,False
577,4581,logT_over_pi_h1,1,0.9991614153705497,0.01776056089859246,0.9991614153705497,0.01776056089859246,False
578,4581,logT_over_pi_h1,1,0.9991674090736121,0.017858570097838644,0.9991674090736121,0.017858570097838644,False
579,4581,logT_over_pi_h1,1,0.9991341389119228,0.01805971136948692,0.9991341389119228,0.01805971136948692,False
580,4581,logT_over_pi_h1,1,0.9991507071461607,0.01794233699226222,0.9991507071461607,0.01794233699226222,False
581,4581,logT_over_pi_h1,1,0.9991494184016594,0.017883513574505017,0.9991494184016594,0.017883513574505017,False
582,4581,logT_over_pi_h1,1,0.999157535804332,0.01796801941357007,0.999157535804332,0.01796801941357007,False
583,4581,logT_over_pi_h1,1,0.9991618981795423,0.01796117327612734,0.9991618981795423,0.01796117327612734,False
584,4581,logT_over_pi_h1,1,0.9991461542904584,0.017995879210412014,0.9991461542904584,0.017995879210412014,False
585,4581,logT_over_pi_h1,1,0.9991565025258216,0.01794816060157256,0.9991565025258216,0.01794816060157256,False
586,4581,logT_over_pi_h1,1,0.9991432848463759,0.018090800344412017,0.9991432848463759,0.018090800344412017,False
587,4581,logT_over_pi_h1,1,0.9991603115606683,0.017871994816835546,0.9991603115606683,0.017871994816835546,False
588,4581,logT_over_pi_h1,1,0.9991424139347685,0.01794674067098878,0.9991424139347685,0.01794674067098878,False
589,4581,logT_over_pi_h1,1,0.9991525355240841,0.018047251726843072,0.9991525355240841,0.018047251726843072,False
590,4581,logT_over_pi_h1,1,0.9991526778847283,0.01803772510270285,0.9991526778847283,0.01803772510270285,False
591,4581,logT_over_pi_h1,1,0.9991395176284358,0.018122398121439787,0.9991395176284358,0.018122398121439787,False
592,4581,logT_over_pi_h1,1,0.9991437035125771,0.017858310062314864,0.9991437035125771,0.017858310062314864,False
593,4581,logT_over_pi_h1,1,0.9991423682894363,0.018053698416624187,0.9991423682894363,0.018053698416624187,False
594,4581,logT_over_pi_h1,1,0.9991556314360183,0.018030100197667487,0.9991556314360183,0.018030100197667487,False
595,4581,logT_over_pi_h1,1,0.9991472700719772,0.018036660581369546,0.9991472700719772,0.018036660581369546,False
596,4581,logT_over_pi_h1,1,0.9991554006783907,0.017882376303291814,0.9991554006783907,0.017882376303291814,False
597,4581,logT_over_pi_h1,1,0.9991394738192447,0.018101615685129246,0.9991394738192447,0.018101615685129246,False
598,4581,logT_over_pi_h1,1,0.9991475266649509,0.018031679595098993,0.9991475266649509,0.018031679595098993,False
599,4581,logT_over_pi_h1,1,0.9991746108565791,0.017759021810603848,0.9991746108565791,0.017759021810603848,False
600,4581,logT_over_pi_h1,1,0.9991521592479873,0.01796858401581769,0.9991521592479873,0.01796858401581769,False
601,4581,logT_over_pi_h1,1,0.9991363334888668,0.018127815329442853,0.9991363334888668,0.018127815329442853,False
602,4581,logT_over_pi_h1,1,0.999160787184676,0.017838946894610075,0.999160787184676,0.017838946894610075,False
603,4581,logT_over_pi_h1,1,0.9991325418464087,0.01815517905312536,0.9991325418464087,0.01815517905312536,False
604,4581,logT_over_pi_h1,1,0.9991587717879188,0.018041944419071143,0.9991587717879188,0.018041944419071143,False
605,4581,logT_over_pi_h1,1,0.9991246961097107,0.018219837920352866,0.9991246961097107,0.018219837920352866,False
606,4581,logT_over_pi_h1,1,0.9991344491401593,0.018170409459466796,0.9991344491401593,0.018170409459466796,False
607,4581,logT_over_pi_h1,1,0.9991602129641477,0.017923510854948255,0.9991602129641477,0.017923510854948255,False
608,4581,logT_over_pi_h1,1,0.9991501682472033,0.01810008658212947,0.9991501682472033,0.01810008658212947,False
609,4581,logT_over_pi_h1,1,0.9991292803303216,0.01805679331522647,0.9991292803303216,0.01805679331522647,False
610,4581,logT_over_pi_h1,1,0.9991339886961081,0.01804439832597282,0.9991339886961081,0.01804439832597282,False
611,4581,logT_over_pi_h1,1,0.9991267091977881,0.01810674794020617,0.9991267091977881,0.01810674794020617,False
612,4581,logT_over_pi_h1,1,0.999162657460884,0.017903150593288508,0.999162657460884,0.017903150593288508,False
613,4581,logT_over_pi_h1,1,0.999162336251851,0.01791212429033351,0.999162336251851,0.01791212429033351,False
614,4581,logT_over_pi_h1,1,0.9991569433366264,0.01800689617917861,0.9991569433366264,0.01800689617917861,False
615,4581,logT_over_pi_h1,1,0.9991538634844036,0.018067230837532477,0.9991538634844036,0.018067230837532477,False
616,4581,logT_over_pi_h1,1,0.9991339091329079,0.01801808494835555,0.9991339091329079,0.01801808494835555,False
617,4581,logT_over_pi_h1,1,0.9991353246052167,0.018150159977373015,0.9991353246052167,0.018150159977373015,False
618,4581,logT_over_pi_h1,1,0.9991332559753451,0.018128111371692235,0.9991332559753451,0.018128111371692235,False
619,4581,logT_over_pi_h1,1,0.9991500722825077,0.018091746470775938,0.9991500722825077,0.018091746470775938,False
620,4581,logT_over_pi_h1,1,0.9991540323333681,0.018015686340432602,0.9991540323333681,0.018015686340432602,False
621,4581,logT_over_pi_h1,1,0.999141033301818,0.018029665462464095,0.999141033301818,0.018029665462464095,False
622,4581,logT_over_pi_h1,1,0.9991599447836662,0.017984296478648076,0.9991599447836662,0.017984296478648076,False
623,4581,logT_over_pi_h1,1,0.9991384806806324,0.01817148702679905,0.9991384806806324,0.01817148702679905,False
624,4581,logT_over_pi_h1,1,0.9991367445040829,0.018188373310166206,0.9991367445040829,0.018188373310166206,False
625,4581,logT_over_pi_h1,1,0.9991541160107774,0.017987989255428438,0.9991541160107774,0.017987989255428438,False
626,4581,logT_over_pi_h1,1,0.9991561615276328,0.017947241073877684,0.9991561615276328,0.017947241073877684,False
627,4581,logT_over_pi_h1,1,0.9991411750340402,0.017824570319552535,0.9991411750340402,0.017824570319552535,False
628,4581,logT_over_pi_h1,1,0.999152689798391,0.01795918083027548,0.999152689798391,0.01795918083027548,False
629,4581,logT_over_pi_h1,1,0.9991584872175492,0.01794806320706588,0.9991584872175492,0.01794806320706588,False
630,4581,logT_over_pi_h1,1,0.9991223455022338,0.018330902741598543,0.9991223455022338,0.018330902741598543,False
631,4581,logT_over_pi_h1,1,0.9991597569141327,0.01798488386657837,0.9991597569141327,0.01798488386657837,False
632,4581,logT_over_pi_h1,1,0.9991469769044813,0.01803973346528398,0.9991469769044813,0.01803973346528398,False
633,4581,logT_over_pi_h1,1,0.9991329991077784,0.01798823285943474,0.9991329991077784,0.01798823285943474,False
634,4581,logT_over_pi_h1,1,0.9991516196170677,0.01788854747402535,0.9991516196170677,0.01788854747402535,False
635,4581,logT_over_pi_h1,1,0.9991625145031551,0.01765811767108083,0.9991625145031551,0.01765811767108083,False
636,4581,logT_over_pi_h1,1,0.9991722777613007,0.01771709908588104,0.9991722777613007,0.01771709908588104,False
637,4581,logT_over_pi_h1,1,0.9991506309643728,0.01803885456017884,0.9991506309643728,0.01803885456017884,False
638,4581,logT_over_pi_h1,1,0.9991531021023512,0.0179545766214968,0.9991531021023512,0.0179545766214968,False
639,4581,logT_over_pi_h1,1,0.9991430638139743,0.017943830812559902,0.9991430638139743,0.017943830812559902,False
640,4581,logT_over_pi_h1,1,0.9991594077881489,0.017897739689837877,0.9991594077881489,0.017897739689837877,False
641,4581,logT_over_pi_h1,1,0.9991441202201389,0.017908626784910453,0.9991441202201389,0.017908626784910453,False
642,4581,logT_over_pi_h1,1,0.9991523595969272,0.01796915615381689,0.9991523595969272,0.01796915615381689,False
643,4581,logT_over_pi_h1,1,0.9991617237784708,0.018006539360734486,0.9991617237784708,0.018006539360734486,False
644,4581,logT_over_pi_h1,1,0.9991313922481884,0.018283049928044193,0.9991313922481884,0.018283049928044193,False
645,4581,logT_over_pi_h1,1,0.9991418855891829,0.017890012415403334,0.9991418855891829,0.017890012415403334,False
646,4581,logT_over_pi_h1,1,0.9991455208615206,0.018044951817088872,0.9991455208615206,0.018044951817088872,False
647,4581,logT_over_pi_h1,1,0.9991528688344486,0.017889148568941415,0.9991528688344486,0.017889148568941415,False
648,4581,logT_over_pi_h1,1,0.9991598130472436,0.01800370382705374,0.9991598130472436,0.01800370382705374,False
649,4581,logT_over_pi_h1,1,0.999148160990519,0.017981432725893143,0.999148160990519,0.017981432725893143,False
650,4581,logT_over_pi_h1,1,0.9991581407597651,0.01778813003810331,0.9991581407597651,0.01778813003810331,False
651,4581,logT_over_pi_h1,1,0.9991462240052209,0.018077570084625627,0.9991462240052209,0.018077570084625627,False
652,4581,logT_over_pi_h1,1,0.9991347124434365,0.018128889690497196,0.9991347124434365,0.018128889690497196,False
653,4581,logT_over_pi_h1,1,0.9991573541208084,0.01800729483374841,0.9991573541208084,0.01800729483374841,False
654,4581,logT_over_pi_h1,1,0.9991549005322589,0.017924443218225505,0.9991549005322589,0.017924443218225505,False
655,4581,logT_over_pi_h1,1,0.9991626225470366,0.01790980351373328,0.9991626225470366,0.01790980351373328,False
656,4581,logT_over_pi_h1,1,0.9991654641342902,0.0177865562614139,0.9991654641342902,0.0177865562614139,False
657,4581,logT_over_pi_h1,1,0.9991434683451685,0.018102661870074144,0.9991434683451685,0.018102661870074144,False
658,4581,logT_over_pi_h1,1,0.9991700184081617,0.01787299919536789,0.9991700184081617,0.01787299919536789,False
659,4581,logT_over_pi_h1,1,0.9991508021315729,0.017759265233898702,0.9991508021315729,0.017759265233898702,False
660,4581,logT_over_pi_h1,1,0.9991456839577912,0.01809495825473917,0.9991456839577912,0.01809495825473917,False
661,4581,logT_over_pi_h1,1,0.9991611567725133,0.017979013926157528,0.9991611567725133,0.017979013926157528,False
662,4581,logT_over_pi_h1,1,0.9991319182532468,0.018148008255138848,0.9991319182532468,0.018148008255138848,False
663,4581,logT_over_pi_h1,1,0.9991429281602877,0.01810544271329384,0.9991429281602877,0.01810544271329384,False
664,4581,logT_over_pi_h1,1,0.9991447446624935,0.01808391210665583,0.9991447446624935,0.01808391210665583,False
665,4581,logT_over_pi_h1,1,0.9991697270765196,0.017837826427736125,0.9991697270765196,0.017837826427736125,False
666,4581,logT_over_pi_h1,1,0.9991756146689846,0.017813015252129638,0.9991756146689846,0.017813015252129638,False
667,4581,logT_over_pi_h1,1,0.9991576390706317,0.017941628425748313,0.9991576390706317,0.017941628425748313,False
668,4581,logT_over_pi_h1,1,0.9991587046372683,0.01791810842765429,0.9991587046372683,0.01791810842765429,False
669,4581,logT_over_pi_h1,1,0.9991522400154857,0.01798029078129293,0.9991522400154857,0.01798029078129293,False
670,4581,logT_over_pi_h1,1,0.9991579285170589,0.018002056372126596,0.9991579285170589,0.018002056372126596,False
671,4581,logT_over_pi_h1,1,0.9991430378805684,0.017877204987115647,0.9991430378805684,0.017877204987115647,False
672,4581,logT_over_pi_h1,1,0.9991473496924167,0.01803972081056937,0.9991473496924167,0.01803972081056937,False
673,4581,logT_over_pi_h1,1,0.9991349095482275,0.018184676840593994,0.9991349095482275,0.018184676840593994,False
674,4581,logT_over_pi_h1,1,0.9991543004064525,0.017894362982075585,0.9991543004064525,0.017894362982075585,False
675,4581,logT_over_pi_h1,1,0.9991307900199058,0.018247763312072784,0.9991307900199058,0.018247763312072784,False
676,4581,logT_over_pi_h1,1,0.9991609843231612,0.017943643883719496,0.9991609843231612,0.017943643883719496,False
677,4581,logT_over_pi_h1,1,0.9991562721297256,0.017984613270821903,0.9991562721297256,0.017984613270821903,False
678,4581,logT_over_pi_h1,1,0.9991546851053291,0.01777925312863271,0.9991546851053291,0.01777925312863271,False
679,4581,logT_over_pi_h1,1,0.9991481245065584,0.017991321547696337,0.9991481245065584,0.017991321547696337,False
680,4581,logT_over_pi_h1,1,0.9991529039886967,0.01803301671304247,0.9991529039886967,0.01803301671304247,False
681,4581,logT_over_pi_h1,1,0.9991555160175195,0.018071246555266818,0.9991555160175195,0.018071246555266818,False
682,4581,logT_over_pi_h1,1,0.9991396706357453,0.018081770276697995,0.9991396706357453,0.018081770276697995,False
683,4581,logT_over_pi_h1,1,0.9991550431838392,0.017831999881749105,0.9991550431838392,0.017831999881749105,False
684,4581,logT_over_pi_h1,1,0.9991463395076252,0.018030751169711756,0.9991463395076252,0.018030751169711756,False
685,4581,logT_over_pi_h1,1,0.9991619141452625,0.01788939007389878,0.9991619141452625,0.01788939007389878,False
686,4581,logT_over_pi_h1,1,0.9991602260536099,0.01792317765718021,0.9991602260536099,0.01792317765718021,False
687,4581,logT_over_pi_h1,1,0.9991619107917912,0.017923229463505663,0.9991619107917912,0.017923229463505663,False
688,4581,logT_over_pi_h1,1,0.9991457326022353,0.017968091057189106,0.9991457326022353,0.017968091057189106,False
689,4581,logT_over_pi_h1,1,0.9991489995135027,0.01793068301901446,0.9991489995135027,0.01793068301901446,False
690,4581,logT_over_pi_h1,1,0.9991734803612388,0.017891750340138124,0.9991734803612388,0.017891750340138124,False
691,4581,logT_over_pi_h1,1,0.9991413568638782,0.01812362199402795,0.9991413568638782,0.01812362199402795,False
692,4581,logT_over_pi_h1,1,0.9991409347609616,0.018101488112103326,0.9991409347609616,0.018101488112103326,False
693,4581,logT_over_pi_h1,1,0.9991552037933966,0.017966353733341656,0.9991552037933966,0.017966353733341656,False
694,4581,logT_over_pi_h1,1,0.9991652014698255,0.01781788701442899,0.9991652014698255,0.01781788701442899,False
695,4581,logT_over_pi_h1,1,0.9991585034726914,0.01771633069853884,0.9991585034726914,0.01771633069853884,False
696,4581,logT_over_pi_h1,1,0.9991655322994732,0.017953869307226533,0.9991655322994732,0.017953869307226533,False
697,4581,logT_over_pi_h1,1,0.999176267194996,0.017871476820983112,0.999176267194996,0.017871476820983112,False
698,4581,logT_over_pi_h1,1,0.9991368925717576,0.017966327820870376,0.9991368925717576,0.017966327820870376,False
699,4581,logT_over_pi_h1,1,0.9991397460362705,0.018065890347520153,0.9991397460362705,0.018065890347520153,False
700,4581,logT_over_pi_h1,1,0.9991366240767307,0.018180907225356258,0.9991366240767307,0.018180907225356258,False
701,4581,logT_over_pi_h1,1,0.9991477944084067,0.017975812483711273,0.9991477944084067,0.017975812483711273,False
702,4581,logT_over_pi_h1,1,0.9991484291201964,0.018035909074795242,0.9991484291201964,0.018035909074795242,False
703,4581,logT_over_pi_h1,1,0.999158021201422,0.017788423462731906,0.999158021201422,0.017788423462731906,False
704,4581,logT_over_pi_h1,1,0.9991562082699313,0.018024846384546933,0.9991562082699313,0.018024846384546933,False
705,4581,logT_over_pi_h1,1,0.9991520241659816,0.01806340754942326,0.9991520241659816,0.01806340754942326,False
706,4581,logT_over_pi_h1,1,0.9991625005462208,0.017866133438948495,0.9991625005462208,0.017866133438948495,False
707,4581,logT_over_pi_h1,1,0.9991491451180008,0.017979757846251943,0.9991491451180008,0.017979757846251943,False
708,4581,logT_over_pi_h1,1,0.9991565641252252,0.017789146132829003,0.9991565641252252,0.017789146132829003,False
709,4581,logT_over_pi_h1,1,0.9991514589317001,0.017766276150466886,0.9991514589317001,0.017766276150466886,False
710,4581,logT_over_pi_h1,1,0.9991536460744717,0.017964947012484522,0.9991536460744717,0.017964947012484522,False
711,4581,logT_over_pi_h1,1,0.9991350782977981,0.018244901409087078,0.9991350782977981,0.018244901409087078,False
712,4581,logT_over_pi_h1,1,0.9991338038531354,0.018006944464395325,0.9991338038531354,0.018006944464395325,False
713,4581,logT_over_pi_h1,1,0.9991639290773471,0.018002353577979413,0.9991639290773471,0.018002353577979413,False
714,4581,logT_over_pi_h1,1,0.9991653703615155,0.017861462460440514,0.9991653703615155,0.017861462460440514,False
715,4581,logT_over_pi_h1,1,0.9991478689282057,0.017996110255622533,0.9991478689282057,0.017996110255622533,False
716,4581,logT_over_pi_h1,1,0.9991388044125433,0.01811934709847396,0.9991388044125433,0.01811934709847396,False
717,4581,logT_over_pi_h1,1,0.999125537916157,0.018096137980085913,0.999125537916157,0.018096137980085913,False
718,4581,logT_over_pi_h1,1,0.9991631998510617,0.017819955422025302,0.9991631998510617,0.017819955422025302,False
719,4581,logT_over_pi_h1,1,0.9991560815196088,0.01779731801230433,0.9991560815196088,0.01779731801230433,False
720,4581,logT_over_pi_h1,1,0.9991528227432884,0.0180015852079789,0.9991528227432884,0.0180015852079789,False
721,4581,logT_over_pi_h1,1,0.9991482375971141,0.01802037715511684,0.9991482375971141,0.01802037715511684,False
722,4581,logT_over_pi_h1,1,0.9991687359218469,0.01774479758464853,0.9991687359218469,0.01774479758464853,False
723,4581,logT_over_pi_h1,1,0.9991363060241036,0.01807765776671566,0.9991363060241036,0.01807765776671566,False
724,4581,logT_over_pi_h1,1,0.9991539101600648,0.0180267841944044,0.9991539101600648,0.0180267841944044,False
725,4581,logT_over_pi_h1,1,0.9991350159385187,0.01809942374395579,0.9991350159385187,0.01809942374395579,False
726,4581,logT_over_pi_h1,1,0.9991276450966182,0.018202482832567313,0.9991276450966182,0.018202482832567313,False
727,4581,logT_over_pi_h1,1,0.9991563752704586,0.017764130138040457,0.9991563752704586,0.017764130138040457,False
728,4581,logT_over_pi_h1,1,0.9991497358886567,0.018127486682062433,0.9991497358886567,0.018127486682062433,False
729,4581,logT_over_pi_h1,1,0.9991531062296238,0.01797697205099613,0.9991531062296238,0.01797697205099613,False
730,4581,logT_over_pi_h1,1,0.9991682046353928,0.017749556825785717,0.9991682046353928,0.017749556825785717,False
731,4581,logT_over_pi_h1,1,0.9991561005424442,0.017881223396788215,0.9991561005424442,0.017881223396788215,False
732,4581,logT_over_pi_h1,1,0.9991409178848917,0.017912162305986357,0.9991409178848917,0.017912162305986357,False
733,4581,logT_over_pi_h1,1,0.9991593410522738,0.017695051977638876,0.9991593410522738,0.017695051977638876,False
734,4581,logT_over_pi_h1,1,0.9991427608342367,0.018049667554065785,0.9991427608342367,0.018049667554065785,False
735,4581,logT_over_pi_h1,1,0.9991554340788774,0.01805488935654953,0.9991554340788774,0.01805488935654953,False
736,4581,logT_over_pi_h1,1,0.999153738344056,0.017800391389616976,0.999153738344056,0.017800391389616976,False
737,4581,logT_over_pi_h1,1,0.9991427921842876,0.018041950692823328,0.9991427921842876,0.018041950692823328,False
738,4581,logT_over_pi_h1,1,0.9991330082472876,0.01810463976306398,0.9991330082472876,0.01810463976306398,False
739,4581,logT_over_pi_h1,1,0.9991446103676405,0.017927050887711182,0.9991446103676405,0.017927050887711182,False
740,4581,logT_over_pi_h1,1,0.9991614339020015,0.017900556879377305,0.9991614339020015,0.017900556879377305,False
741,4581,logT_over_pi_h1,1,0.9991608499816163,0.018044852173133563,0.9991608499816163,0.018044852173133563,False
742,4581,logT_over_pi_h1,1,0.9991564515796462,0.017843000115293606,0.9991564515796462,0.017843000115293606,False
743,4581,logT_over_pi_h1,1,0.9991607118648772,0.01794671743330145,0.9991607118648772,0.01794671743330145,False
744,4581,logT_over_pi_h1,1,0.9991345499011108,0.018054993403701758,0.9991345499011108,0.018054993403701758,False
745,4581,logT_over_pi_h1,1,0.9991443343259248,0.017957793428585056,0.9991443343259248,0.017957793428585056,False
746,4581,logT_over_pi_h1,1,0.999138205110778,0.018126162526869827,0.999138205110778,0.018126162526869827,False
747,4581,logT_over_pi_h1,1,0.999155020176826,0.017857565074735682,0.999155020176826,0.017857565074735682,False
748,4581,logT_over_pi_h1,1,0.9991625716134046,0.01790247022141145,0.9991625716134046,0.01790247022141145,False
749,4581,logT_over_pi_h1,1,0.9991539911132681,0.017887821873458165,0.9991539911132681,0.017887821873458165,False
750,4581,logT_over_pi_h1,1,0.9991332045159474,0.018173290623107796,0.9991332045159474,0.018173290623107796,False
751,4581,logT_over_pi_h1,1,0.9991358451601268,0.01810311736975656,0.9991358451601268,0.01810311736975656,False
752,4581,logT_over_pi_h1,1,0.9991466249392135,0.018089024076042293,0.9991466249392135,0.018089024076042293,False
753,4581,logT_over_pi_h1,1,0.9991485904351628,0.017839777384818234,0.9991485904351628,0.017839777384818234,False
754,4581,logT_over_pi_h1,1,0.999156448791928,0.01792414866315628,0.999156448791928,0.01792414866315628,False
755,4581,logT_over_pi_h1,1,0.9991561678749984,0.018021997447323912,0.9991561678749984,0.018021997447323912,False
756,4581,logT_over_pi_h1,1,0.9991674829659384,0.017828681685215564,0.9991674829659384,0.017828681685215564,False
757,4581,logT_over_pi_h1,1,0.9991347358614913,0.01822598757684535,0.9991347358614913,0.01822598757684535,False
758,4581,logT_over_pi_h1,1,0.9991425003387585,0.017962982059174237,0.9991425003387585,0.017962982059174237,False
759,4581,logT_over_pi_h1,1,0.9991624911904666,0.017843514374281,0.9991624911904666,0.017843514374281,False
760,4581,logT_over_pi_h1,1,0.999129635561125,0.01819986307645305,0.999129635561125,0.01819986307645305,False
761,4581,logT_over_pi_h1,1,0.9991253337661788,0.018310273310944147,0.9991253337661788,0.018310273310944147,False
762,4581,logT_over_pi_h1,1,0.9991534330926524,0.017950037976497413,0.9991534330926524,0.017950037976497413,False
763,4581,logT_over_pi_h1,1,0.9991744768090907,0.01775283581379572,0.9991744768090907,0.01775283581379572,False
764,4581,logT_over_pi_h1,1,0.9991480235886789,0.017950738658594645,0.9991480235886789,0.017950738658594645,False
765,4581,logT_over_pi_h1,1,0.999154981801728,0.017860086627733196,0.999154981801728,0.017860086627733196,False
766,4581,logT_over_pi_h1,1,0.999171550806362,0.01779067663255507,0.999171550806362,0.01779067663255507,False
767,4581,logT_over_pi_h1,1,0.9991575068383337,0.017938554660736905,0.9991575068383337,0.017938554660736905,False
768,4581,logT_over_pi_h1,1,0.9991476231796244,0.017998676441798978,0.9991476231796244,0.017998676441798978,False
769,4581,logT_over_pi_h1,1,0.9991360166969404,0.018175185263511473,0.9991360166969404,0.018175185263511473,False
770,4581,logT_over_pi_h1,1,0.9991452736585043,0.018054921096602783,0.9991452736585043,0.018054921096602783,False
771,4581,logT_over_pi_h1,1,0.999158011788862,0.017933407146257352,0.999158011788862,0.017933407146257352,False
772,4581,logT_over_pi_h1,1,0.999148068802442,0.017912390454301708,0.999148068802442,0.017912390454301708,False
773,4581,logT_over_pi_h1,1,0.9991503309739549,0.017833444623393646,0.9991503309739549,0.017833444623393646,False
774,4581,logT_over_pi_h1,1,0.9991437978965829,0.017926885372336443,0.9991437978965829,0.017926885372336443,False
775,4581,logT_over_pi_h1,1,0.9991532100638545,0.017975485509004407,0.9991532100638545,0.017975485509004407,False
776,4581,logT_over_pi_h1,1,0.9991377165738081,0.01792938447626291,0.9991377165738081,0.01792938447626291,False
777,4581,logT_over_pi_h1,1,0.9991241041781084,0.018102797123298764,0.9991241041781084,0.018102797123298764,False
778,4581,logT_over_pi_h1,1,0.9991459394493483,0.0179738859023173,0.9991459394493483,0.0179738859023173,False
779,4581,logT_over_pi_h1,1,0.999134905203041,0.01802044927819413,0.999134905203041,0.01802044927819413,False
780,4581,logT_over_pi_h1,1,0.9991609257411352,0.017986057928874644,0.9991609257411352,0.017986057928874644,False
781,4581,logT_over_pi_h1,1,0.9991370201601859,0.018093932633350462,0.9991370201601859,0.018093932633350462,False
782,4581,logT_over_pi_h1,1,0.9991561388355271,0.01801933440208625,0.9991561388355271,0.01801933440208625,False
783,4581,logT_over_pi_h1,1,0.9991503336844553,0.01790196860540849,0.9991503336844553,0.01790196860540849,False
784,4581,logT_over_pi_h1,1,0.999166814231321,0.017906677036283014,0.999166814231321,0.017906677036283014,False
785,4581,logT_over_pi_h1,1,0.9991517618639305,0.018092262740671217,0.9991517618639305,0.018092262740671217,False
786,4581,logT_over_pi_h1,1,0.9991383744309368,0.018022901702813066,0.9991383744309368,0.018022901702813066,False
787,4581,logT_over_pi_h1,1,0.9991368627997639,0.0179291772361152,0.9991368627997639,0.0179291772361152,False
788,4581,logT_over_pi_h1,1,0.9991325261216683,0.018086474463349766,0.9991325261216683,0.018086474463349766,False
789,4581,logT_over_pi_h1,1,0.9991348740695396,0.01808462845577541,0.9991348740695396,0.01808462845577541,False
790,4581,logT_over_pi_h1,1,0.9991718116303479,0.017831337328428454,0.9991718116303479,0.017831337328428454,False
791,4581,logT_over_pi_h1,1,0.9991467186112206,0.018070883757612677,0.9991467186112206,0.018070883757612677,False
792,4581,logT_over_pi_h1,1,0.999175431087068,0.017677108708628708,0.999175431087068,0.017677108708628708,False
793,4581,logT_over_pi_h1,1,0.9991444844197643,0.01809609190343675,0.9991444844197643,0.01809609190343675,False
794,4581,logT_over_pi_h1,1,0.9991338365758197,0.018079713427428423,0.9991338365758197,0.018079713427428423,False
795,4581,logT_over_pi_h1,1,0.9991379445048658,0.018081658331158934,0.9991379445048658,0.018081658331158934,False
796,4581,logT_over_pi_h1,1,0.9991400700871145,0.017918965414545518,0.9991400700871145,0.017918965414545518,False
797,4581,logT_over_pi_h1,1,0.9991583038593758,0.01796031741670312,0.9991583038593758,0.01796031741670312,False
798,4581,logT_over_pi_h1,1,0.9991694345110851,0.017846931884413664,0.9991694345110851,0.017846931884413664,False
799,4581,logT_over_pi_h1,1,0.999152503186932,0.01794668069249017,0.999152503186932,0.01794668069249017,False
800,4581,logT_over_pi_h1,1,0.9991417909083501,0.01813478949078018,0.9991417909083501,0.01813478949078018,False
801,4581,logT_over_pi_h1,1,0.9991286518709712,0.018125720536917633,0.9991286518709712,0.018125720536917633,False
802,4581,logT_over_pi_h1,1,0.9991606562477677,0.017971035666028534,0.9991606562477677,0.017971035666028534,False
803,4581,logT_over_pi_h1,1,0.9991740565345815,0.017763680719351527,0.9991740565345815,0.017763680719351527,False
804,4581,logT_over_pi_h1,1,0.9991335287766773,0.018134994529488857,0.9991335287766773,0.018134994529488857,False
805,4581,logT_over_pi_h1,1,0.9991443167976847,0.01791097541710318,0.9991443167976847,0.01791097541710318,False
806,4581,logT_over_pi_h1,1,0.9991585100309592,0.017968992991898247,0.9991585100309592,0.017968992991898247,False
807,4581,logT_over_pi_h1,1,0.9991600011715048,0.017843828077306334,0.9991600011715048,0.017843828077306334,False
808,4581,logT_over_pi_h1,1,0.9991380760263193,0.018152685062117868,0.9991380760263193,0.018152685062117868,False
809,4581,logT_over_pi_h1,1,0.9991332022179525,0.018152162944879535,0.9991332022179525,0.018152162944879535,False
810,4581,logT_over_pi_h1,1,0.9991489075679931,0.01796985891689573,0.9991489075679931,0.01796985891689573,False
811,4581,logT_over_pi_h1,1,0.9991430587178867,0.018056947017741187,0.9991430587178867,0.018056947017741187,False
812,4581,logT_over_pi_h1,1,0.9991573677066781,0.017944687738516762,0.9991573677066781,0.017944687738516762,False
813,4581,logT_over_pi_h1,1,0.9991493961842096,0.018088616069163344,0.9991493961842096,0.018088616069163344,False
814,4581,logT_over_pi_h1,1,0.9991317868037165,0.017981595081065116,0.9991317868037165,0.017981595081065116,False
815,4581,logT_over_pi_h1,1,0.9991647909548675,0.01796066965868892,0.9991647909548675,0.01796066965868892,False
816,4581,logT_over_pi_h1,1,0.9991489318606838,0.01790115306209117,0.9991489318606838,0.01790115306209117,False
817,4581,logT_over_pi_h1,1,0.9991311218606628,0.01815701534194325,0.9991311218606628,0.01815701534194325,False
818,4581,logT_over_pi_h1,1,0.9991374375446799,0.017946533469316073,0.9991374375446799,0.017946533469316073,False
819,4581,logT_over_pi_h1,1,0.9991365014040001,0.018141950932470507,0.9991365014040001,0.018141950932470507,False
820,4581,logT_over_pi_h1,1,0.9991696646706864,0.01781439111836214,0.9991696646706864,0.01781439111836214,False
821,4581,logT_over_pi_h1,1,0.9991655118361383,0.0179322857238704,0.9991655118361383,0.0179322857238704,False
822,4581,logT_over_pi_h1,1,0.9991623631315119,0.01785955405388151,0.9991623631315119,0.01785955405388151,False
823,4581,logT_over_pi_h1,1,0.9991318556505303,0.01823343712323222,0.9991318556505303,0.01823343712323222,False
824,4581,logT_over_pi_h1,1,0.9991464895600664,0.017940084156904845,0.9991464895600664,0.017940084156904845,False
825,4581,logT_over_pi_h1,1,0.9991504489852976,0.01794623175850507,0.9991504489852976,0.01794623175850507,False
826,4581,logT_over_pi_h1,1,0.9991597005420585,0.01795884445541507,0.9991597005420585,0.01795884445541507,False
827,4581,logT_over_pi_h1,1,0.9991508919428641,0.017992972846400335,0.9991508919428641,0.017992972846400335,False
828,4581,logT_over_pi_h1,1,0.9991595936906418,0.0178450510988295,0.9991595936906418,0.0178450510988295,False
829,4581,logT_over_pi_h1,1,0.9991497790221813,0.017949073989907305,0.9991497790221813,0.017949073989907305,False
830,4581,logT_over_pi_h1,1,0.9991545816530558,0.018000856578360924,0.9991545816530558,0.018000856578360924,False
831,4581,logT_over_pi_h1,1,0.9991446786804132,0.018108164869389043,0.9991446786804132,0.018108164869389043,False
832,4581,logT_over_pi_h1,1,0.9991441327084298,0.018013113599920416,0.9991441327084298,0.018013113599920416,False
833,4581,logT_over_pi_h1,1,0.9991602824134951,0.01778007326248421,0.9991602824134951,0.01778007326248421,False
834,4581,logT_over_pi_h1,1,0.9991336908296368,0.018006187026514908,0.9991336908296368,0.018006187026514908,False
835,4581,logT_over_pi_h1,1,0.9991427375229754,0.0181014815180518,0.9991427375229754,0.0181014815180518,False
836,4581,logT_over_pi_h1,1,0.9991257679052011,0.018091514750976145,0.9991257679052011,0.018091514750976145,False
837,4581,logT_over_pi_h1,1,0.9991454181190486,0.017940971988869236,0.9991454181190486,0.017940971988869236,False
838,4581,logT_over_pi_h1,1,0.9991489172397344,0.018017778156872666,0.9991489172397344,0.018017778156872666,False
839,4581,logT_over_pi_h1,1,0.9991405143618797,0.01805977874875797,0.9991405143618797,0.01805977874875797,False
840,4581,logT_over_pi_h1,1,0.9991418635734723,0.01807546538310323,0.9991418635734723,0.01807546538310323,False
841,4581,logT_over_pi_h1,1,0.999143291453715,0.018125703708996355,0.999143291453715,0.018125703708996355,False
842,4581,logT_over_pi_h1,1,0.9991491077703147,0.018056209005788304,0.9991491077703147,0.018056209005788304,False
843,4581,logT_over_pi_h1,1,0.9991677039767245,0.017875188442952883,0.9991677039767245,0.017875188442952883,False
844,4581,logT_over_pi_h1,1,0.9991478887266415,0.0180084027865286,0.9991478887266415,0.0180084027865286,False
845,4581,logT_over_pi_h1,1,0.9991597079806042,0.017921480257229838,0.9991597079806042,0.017921480257229838,False
846,4581,logT_over_pi_h1,1,0.999152108256424,0.0179592410495939,0.999152108256424,0.0179592410495939,False
847,4581,logT_over_pi_h1,1,0.9991618113679293,0.017999860328697714,0.9991618113679293,0.017999860328697714,False
848,4581,logT_over_pi_h1,1,0.9991691735460669,0.017770552962409703,0.9991691735460669,0.017770552962409703,False
849,4581,logT_over_pi_h1,1,0.9991520957139839,0.01806741050812022,0.9991520957139839,0.01806741050812022,False
850,4581,logT_over_pi_h1,1,0.9991432615271397,0.017932987892580243,0.9991432615271397,0.017932987892580243,False
851,4581,logT_over_pi_h1,1,0.9991359858244357,0.018201950745903694,0.9991359858244357,0.018201950745903694,False
852,4581,logT_over_pi_h1,1,0.9991376686668513,0.01810200775870019,0.9991376686668513,0.01810200775870019,False
853,4581,logT_over_pi_h1,1,0.9991338632689,0.01820811665913169,0.9991338632689,0.01820811665913169,False
854,4581,logT_over_pi_h1,1,0.9991458160754488,0.017958900659316157,0.9991458160754488,0.017958900659316157,False
855,4581,logT_over_pi_h1,1,0.9991629648969007,0.01772637000024435,0.9991629648969007,0.01772637000024435,False
856,4581,logT_over_pi_h1,1,0.9991437782396461,0.018001402722218174,0.9991437782396461,0.018001402722218174,False
857,4581,logT_over_pi_h1,1,0.9991309898401954,0.018008642970336552,0.9991309898401954,0.018008642970336552,False
858,4581,logT_over_pi_h1,1,0.9991358375316918,0.018174033751802376,0.9991358375316918,0.018174033751802376,False
859,4581,logT_over_pi_h1,1,0.9991385594586086,0.01816403007314804,0.9991385594586086,0.01816403007314804,False
860,4581,logT_over_pi_h1,1,0.9991300657964242,0.01807111141954021,0.9991300657964242,0.01807111141954021,False
861,4581,logT_over_pi_h1,1,0.999144135207177,0.01803078828160576,0.999144135207177,0.01803078828160576,False
862,4581,logT_over_pi_h1,1,0.999161091298896,0.017763644027927405,0.999161091298896,0.017763644027927405,False
863,4581,logT_over_pi_h1,1,0.999151453466054,0.017764628984999753,0.999151453466054,0.017764628984999753,False
864,4581,logT_over_pi_h1,1,0.9991659203477699,0.0179024930741285,0.9991659203477699,0.0179024930741285,False
865,4581,logT_over_pi_h1,1,0.9991549616293292,0.017997797390225223,0.9991549616293292,0.017997797390225223,False
866,4581,logT_over_pi_h1,1,0.9991342405804875,0.018017426312138873,0.9991342405804875,0.018017426312138873,False
867,4581,logT_over_pi_h1,1,0.9991443441632747,0.017967498400061288,0.9991443441632747,0.017967498400061288,False
868,4581,logT_over_pi_h1,1,0.9991722876155246,0.017691278901752483,0.9991722876155246,0.017691278901752483,False
869,4581,logT_over_pi_h1,1,0.9991634689618109,0.017890161136743465,0.9991634689618109,0.017890161136743465,False
870,4581,logT_over_pi_h1,1,0.9991556832357379,0.017900503690683855,0.9991556832357379,0.017900503690683855,False
871,4581,logT_over_pi_h1,1,0.9991479578153135,0.018082525819030693,0.9991479578153135,0.018082525819030693,False
872,4581,logT_over_pi_h1,1,0.9991594598416059,0.017934323663582497,0.9991594598416059,0.017934323663582497,False
873,4581,logT_over_pi_h1,1,0.9991254255656399,0.018294604433836348,0.9991254255656399,0.018294604433836348,False
874,4581,logT_over_pi_h1,1,0.9991369483837929,0.01816454096857978,0.9991369483837929,0.01816454096857978,False
875,4581,logT_over_pi_h1,1,0.9991402552240841,0.017791467503196046,0.9991402552240841,0.017791467503196046,False
876,4581,logT_over_pi_h1,1,0.9991625971768282,0.01778918671172036,0.9991625971768282,0.01778918671172036,False
877,4581,logT_over_pi_h1,1,0.9991536648608921,0.018025166791948877,0.9991536648608921,0.018025166791948877,False
878,4581,logT_over_pi_h1,1,0.9991629020619123,0.01786730359016886,0.9991629020619123,0.01786730359016886,False
879,4581,logT_over_pi_h1,1,0.9991497039892756,0.01781607318351508,0.9991497039892756,0.01781607318351508,False
880,4581,logT_over_pi_h1,1,0.9991649527996871,0.01780861950534529,0.9991649527996871,0.01780861950534529,False
881,4581,logT_over_pi_h1,1,0.9991523074166185,0.017991500113622827,0.9991523074166185,0.017991500113622827,False
882,4581,logT_over_pi_h1,1,0.9991394617896046,0.018179861120555252,0.9991394617896046,0.018179861120555252,False
883,4581,logT_over_pi_h1,1,0.999140051232226,0.018097099907662617,0.999140051232226,0.018097099907662617,False
884,4581,logT_over_pi_h1,1,0.9991461071910945,0.018038540655041402,0.9991461071910945,0.018038540655041402,False
885,4581,logT_over_pi_h1,1,0.9991713633130282,0.017907868891486878,0.9991713633130282,0.017907868891486878,False
886,4581,logT_over_pi_h1,1,0.9991567319548353,0.01791350145831494,0.9991567319548353,0.01791350145831494,False
887,4581,logT_over_pi_h1,1,0.999145522248537,0.017997925440783824,0.999145522248537,0.017997925440783824,False
888,4581,logT_over_pi_h1,1,0.9991353090751715,0.01813371839773481,0.9991353090751715,0.01813371839773481,False
889,4581,logT_over_pi_h1,1,0.999161104905619,0.01789144036434287,0.999161104905619,0.01789144036434287,False
890,4581,logT_over_pi_h1,1,0.999151877374868,0.0177782643997908,0.999151877374868,0.0177782643997908,False
891,4581,logT_over_pi_h1,1,0.9991377664295928,0.01818011768562844,0.9991377664295928,0.01818011768562844,False
892,4581,logT_over_pi_h1,1,0.9991471470507675,0.017877805188409646,0.9991471470507675,0.017877805188409646,False
893,4581,logT_over_pi_h1,1,0.999149397091231,0.018065922127497025,0.999149397091231,0.018065922127497025,False
894,4581,logT_over_pi_h1,1,0.9991549302002607,0.017899566664317135,0.9991549302002607,0.017899566664317135,False
895,4581,logT_over_pi_h1,1,0.9991527888678753,0.017977772111404278,0.9991527888678753,0.017977772111404278,False
896,4581,logT_over_pi_h1,1,0.9991412379370236,0.01810206355467514,0.9991412379370236,0.01810206355467514,False
897,4581,logT_over_pi_h1,1,0.9991384376678103,0.017987473604311965,0.9991384376678103,0.017987473604311965,False
898,4581,logT_over_pi_h1,1,0.9991564389145579,0.017776100966106156,0.9991564389145579,0.017776100966106156,False
899,4581,logT_over_pi_h1,1,0.9991505743127479,0.018042142888750945,0.9991505743127479,0.018042142888750945,False
900,4581,logT_over_pi_h1,1,0.99914915477602,0.018074486560002434,0.99914915477602,0.018074486560002434,False
901,4581,logT_over_pi_h1,1,0.9991661809234639,0.01796669727758804,0.9991661809234639,0.01796669727758804,False
902,4581,logT_over_pi_h1,1,0.9991367400277228,0.018012593816501443,0.9991367400277228,0.018012593816501443,False
903,4581,logT_over_pi_h1,1,0.9991465976427116,0.017987882626291807,0.9991465976427116,0.017987882626291807,False
904,4581,logT_over_pi_h1,1,0.999121029681662,0.01826413321931586,0.999121029681662,0.01826413321931586,False
905,4581,logT_over_pi_h1,1,0.9991526543426933,0.018085587151695393,0.9991526543426933,0.018085587151695393,False
906,4581,logT_over_pi_h1,1,0.999149182978132,0.018100583720818797,0.999149182978132,0.018100583720818797,False
907,4581,logT_over_pi_h1,1,0.9991458887946791,0.018053285342833014,0.9991458887946791,0.018053285342833014,False
908,4581,logT_over_pi_h1,1,0.9991438641969826,0.01805129840762465,0.9991438641969826,0.01805129840762465,False
909,4581,logT_over_pi_h1,1,0.9991549738809627,0.01786943639329497,0.9991549738809627,0.01786943639329497,False
910,4581,logT_over_pi_h1,1,0.9991544108732626,0.017913806821530542,0.9991544108732626,0.017913806821530542,False
911,4581,logT_over_pi_h1,1,0.9991378311080702,0.01811258269232674,0.9991378311080702,0.01811258269232674,False
912,4581,logT_over_pi_h1,1,0.9991564886987782,0.017945326885357993,0.9991564886987782,0.017945326885357993,False
913,4581,logT_over_pi_h1,1,0.9991509149474562,0.017933445792551517,0.9991509149474562,0.017933445792551517,False
914,4581,logT_over_pi_h1,1,0.9991433801254825,0.018101290556558958,0.9991433801254825,0.018101290556558958,False
915,4581,logT_over_pi_h1,1,0.9991508381866853,0.017972477625189498,0.9991508381866853,0.017972477625189498,False
916,4581,logT_over_pi_h1,1,0.9991468431114502,0.01793621346313934,0.9991468431114502,0.01793621346313934,False
917,4581,logT_over_pi_h1,1,0.9991460374803125,0.018040276292723867,0.9991460374803125,0.018040276292723867,False
918,4581,logT_over_pi_h1,1,0.9991487040466119,0.017967020935421907,0.9991487040466119,0.017967020935421907,False
919,4581,logT_over_pi_h1,1,0.9991545155438764,0.017937898028479893,0.9991545155438764,0.017937898028479893,False
920,4581,logT_over_pi_h1,1,0.9991412819872747,0.01815266800786386,0.9991412819872747,0.01815266800786386,False
921,4581,logT_over_pi_h1,1,0.9991528943092439,0.017951568902478066,0.9991528943092439,0.017951568902478066,False
922,4581,logT_over_pi_h1,1,0.9991420477834526,0.018031805596510964,0.9991420477834526,0.018031805596510964,False
923,4581,logT_over_pi_h1,1,0.9991321675568049,0.018060343866774353,0.9991321675568049,0.018060343866774353,False
924,4581,logT_over_pi_h1,1,0.999159908421155,0.017867894876276047,0.999159908421155,0.017867894876276047,False
925,4581,logT_over_pi_h1,1,0.9991589714750849,0.01791871557969582,0.9991589714750849,0.01791871557969582,False
926,4581,logT_over_pi_h1,1,0.9991657504325911,0.017813731835496505,0.9991657504325911,0.017813731835496505,False
927,4581,logT_over_pi_h1,1,0.9991708743554862,0.01780784896197929,0.9991708743554862,0.01780784896197929,False
928,4581,logT_over_pi_h1,1,0.9991507435410077,0.018023971229339963,0.9991507435410077,0.018023971229339963,False
929,4581,logT_over_pi_h1,1,0.9991384719266879,0.018135878749480305,0.9991384719266879,0.018135878749480305,False
930,4581,logT_over_pi_h1,1,0.9991722727581626,0.01767512679699923,0.9991722727581626,0.01767512679699923,False
931,4581,logT_over_pi_h1,1,0.9991467038797663,0.017930793873453865,0.9991467038797663,0.017930793873453865,False
932,4581,logT_over_pi_h1,1,0.9991560298618086,0.018015566696818475,0.9991560298618086,0.018015566696818475,False
933,4581,logT_over_pi_h1,1,0.9991448263135462,0.018104024758240023,0.9991448263135462,0.018104024758240023,False
934,4581,logT_over_pi_h1,1,0.9991647215048155,0.017954570510632983,0.9991647215048155,0.017954570510632983,False
935,4581,logT_over_pi_h1,1,0.9991248132455933,0.018092700908433734,0.9991248132455933,0.018092700908433734,False
936,4581,logT_over_pi_h1,1,0.9991350398571736,0.01802807366552628,0.9991350398571736,0.01802807366552628,False
937,4581,logT_over_pi_h1,1,0.9991544208264954,0.018044406111483724,0.9991544208264954,0.018044406111483724,False
938,4581,logT_over_pi_h1,1,0.9991476254103936,0.017883526070022526,0.9991476254103936,0.017883526070022526,False
939,4581,logT_over_pi_h1,1,0.9991382526466968,0.01801574072425094,0.9991382526466968,0.01801574072425094,False
940,4581,logT_over_pi_h1,1,0.9991408688328552,0.01808224862577923,0.9991408688328552,0.01808224862577923,False
941,4581,logT_over_pi_h1,1,0.9991263499028308,0.01818262563385531,0.9991263499028308,0.01818262563385531,False
942,4581,logT_over_pi_h1,1,0.9991536269630155,0.01805609012941911,0.9991536269630155,0.01805609012941911,False
943,4581,logT_over_pi_h1,1,0.9991620654357619,0.01789600455274787,0.9991620654357619,0.01789600455274787,False
944,4581,logT_over_pi_h1,1,0.9991534560747963,0.01804853024145281,0.9991534560747963,0.01804853024145281,False
945,4581,logT_over_pi_h1,1,0.9991411044384098,0.018041956466421816,0.9991411044384098,0.018041956466421816,False
946,4581,logT_over_pi_h1,1,0.9991262947068,0.01800815294282465,0.9991262947068,0.01800815294282465,False
947,4581,logT_over_pi_h1,1,0.9991547355670019,0.0178991859827482,0.9991547355670019,0.0178991859827482,False
948,4581,logT_over_pi_h1,1,0.9991473392604054,0.01794221845086863,0.9991473392604054,0.01794221845086863,False
949,4581,logT_over_pi_h1,1,0.9991482458570603,0.018069508302450465,0.9991482458570603,0.018069508302450465,False
950,4581,logT_over_pi_h1,1,0.9991333731305099,0.01810230968274862,0.9991333731305099,0.01810230968274862,False
951,4581,logT_over_pi_h1,1,0.9991540118232034,0.017897601183575418,0.9991540118232034,0.017897601183575418,False
952,4581,logT_over_pi_h1,1,0.9991538563791377,0.01794003251165055,0.9991538563791377,0.01794003251165055,False
953,4581,logT_over_pi_h1,1,0.9991408212281911,0.018121882025976532,0.9991408212281911,0.018121882025976532,False
954,4581,logT_over_pi_h1,1,0.9991517648686675,0.017845864579406623,0.9991517648686675,0.017845864579406623,False
955,4581,logT_over_pi_h1,1,0.999157486862205,0.01797173327834134,0.999157486862205,0.01797173327834134,False
956,4581,logT_over_pi_h1,1,0.9991455646131148,0.018078850379965594,0.9991455646131148,0.018078850379965594,False
957,4581,logT_over_pi_h1,1,0.9991541832056474,0.0179128064784706,0.9991541832056474,0.0179128064784706,False
958,4581,logT_over_pi_h1,1,0.9991305566578483,0.018198771073301145,0.9991305566578483,0.018198771073301145,False
959,4581,logT_over_pi_h1,1,0.9991459017863193,0.017997734801905807,0.9991459017863193,0.017997734801905807,False
960,4581,logT_over_pi_h1,1,0.9991352620134284,0.017957848702774726,0.9991352620134284,0.017957848702774726,False
961,4581,logT_over_pi_h1,1,0.9991617079262306,0.017978241236756176,0.9991617079262306,0.017978241236756176,False
962,4581,logT_over_pi_h1,1,0.9991601523950886,0.01788044772883346,0.9991601523950886,0.01788044772883346,False
963,4581,logT_over_pi_h1,1,0.999151460577094,0.01796719400744795,0.999151460577094,0.01796719400744795,False
964,4581,logT_over_pi_h1,1,0.9991629985637307,0.017856731807212256,0.9991629985637307,0.017856731807212256,False
965,4581,logT_over_pi_h1,1,0.9991570872341942,0.01793546898525733,0.9991570872341942,0.01793546898525733,False
966,4581,logT_over_pi_h1,1,0.9991466118189752,0.018137674757727318,0.9991466118189752,0.018137674757727318,False
967,4581,logT_over_pi_h1,1,0.9991492717574084,0.01791689231819049,0.9991492717574084,0.01791689231819049,False
968,4581,logT_over_pi_h1,1,0.9991438550566447,0.018067959207176187,0.9991438550566447,0.018067959207176187,False
969,4581,logT_over_pi_h1,1,0.9991294397851896,0.01825496136904814,0.9991294397851896,0.01825496136904814,False
970,4581,logT_over_pi_h1,1,0.9991630095298909,0.01794710768172525,0.9991630095298909,0.01794710768172525,False
971,4581,logT_over_pi_h1,1,0.9991495890810554,0.018073364253550217,0.9991495890810554,0.018073364253550217,False
972,4581,logT_over_pi_h1,1,0.9991585389268378,0.017817112830922355,0.9991585389268378,0.017817112830922355,False
973,4581,logT_over_pi_h1,1,0.9991561435938376,0.018032562712752664,0.9991561435938376,0.018032562712752664,False
974,4581,logT_over_pi_h1,1,0.9991316675327492,0.018232990441171992,0.9991316675327492,0.018232990441171992,False
975,4581,logT_over_pi_h1,1,0.999143063501393,0.018129232523431682,0.999143063501393,0.018129232523431682,False
976,4581,logT_over_pi_h1,1,0.9991529230969981,0.017962408309481148,0.9991529230969981,0.017962408309481148,False
977,4581,logT_over_pi_h1,1,0.999156678223033,0.01791370839200379,0.999156678223033,0.01791370839200379,False
978,4581,logT_over_pi_h1,1,0.9991514694761527,0.018045178873556722,0.9991514694761527,0.018045178873556722,False
979,4581,logT_over_pi_h1,1,0.9991281171699052,0.018087395625053126,0.9991281171699052,0.018087395625053126,False
980,4581,logT_over_pi_h1,1,0.9991285485175505,0.017986539826186032,0.9991285485175505,0.017986539826186032,False
981,4581,logT_over_pi_h1,1,0.9991540081062257,0.017919979964282184,0.9991540081062257,0.017919979964282184,False
982,4581,logT_over_pi_h1,1,0.9991720548407452,0.01765428943127567,0.9991720548407452,0.01765428943127567,False
983,4581,logT_over_pi_h1,1,0.999163538878432,0.017939281661279338,0.999163538878432,0.017939281661279338,False
984,4581,logT_over_pi_h1,1,0.9991388919375135,0.018118884763617338,0.9991388919375135,0.018118884763617338,False
985,4581,logT_over_pi_h1,1,0.9991505489322181,0.01799396879989601,0.9991505489322181,0.01799396879989601,False
986,4581,logT_over_pi_h1,1,0.9991472141823633,0.018035139452571514,0.9991472141823633,0.018035139452571514,False
987,4581,logT_over_pi_h1,1,0.9991528806323353,0.017839257732044977,0.9991528806323353,0.017839257732044977,False
988,4581,logT_over_pi_h1,1,0.9991528785542553,0.017937299170453613,0.9991528785542553,0.017937299170453613,False
989,4581,logT_over_pi_h1,1,0.9991586339373871,0.01780736063335553,0.9991586339373871,0.01780736063335553,False
990,4581,logT_over_pi_h1,1,0.9991532253449092,0.018033679280367032,0.9991532253449092,0.018033679280367032,False
991,4581,logT_over_pi_h1,1,0.9991517225960495,0.017954468904652465,0.9991517225960495,0.017954468904652465,False
992,4581,logT_over_pi_h1,1,0.9991491438273792,0.017985535488369564,0.9991491438273792,0.017985535488369564,False
993,4581,logT_over_pi_h1,1,0.9991648766395999,0.01767329651789673,0.9991648766395999,0.01767329651789673,False
994,4581,logT_over_pi_h1,1,0.9991485011782545,0.018079429311919526,0.9991485011782545,0.018079429311919526,False
995,4581,logT_over_pi_h1,1,0.9991312136117176,0.0179519350956161,0.9991312136117176,0.0179519350956161,False
996,4581,logT_over_pi_h1,1,0.9991487528061899,0.017927870695706005,0.9991487528061899,0.017927870695706005,False
997,4581,logT_over_pi_h1,1,0.999143588852408,0.018144092156010316,0.999143588852408,0.018144092156010316,False
998,4581,logT_over_pi_h1,1,0.9991530111614048,0.018047524441691998,0.9991530111614048,0.018047524441691998,False
999,4581,logT_over_pi_h1,1,0.9991535419090465,0.01781888961272937,0.9991535419090465,0.01781888961272937,False
1000,4581,logT_over_pi_h1,1,0.9991527042353695,0.018044440703925524,0.9991527042353695,0.018044440703925524,False
1001,4581,logT_over_pi_h1,1,0.9991437586045915,0.018020294641777568,0.9991437586045915,0.018020294641777568,False
1002,4581,logT_over_pi_h1,1,0.9991604208844036,0.01791335879153788,0.9991604208844036,0.01791335879153788,False
1003,4581,logT_over_pi_h1,1,0.9991524117449845,0.01804114432274062,0.9991524117449845,0.01804114432274062,False
1004,4581,logT_over_pi_h1,1,0.9991637762857801,0.017965756353498286,0.9991637762857801,0.017965756353498286,False
1005,4581,logT_over_pi_h1,1,0.9991509017468169,0.017954595237433146,0.9991509017468169,0.017954595237433146,False
1006,4581,logT_over_pi_h1,1,0.9991291314813315,0.018112429691822918,0.9991291314813315,0.018112429691822918,False
1007,4581,logT_over_pi_h1,1,0.9991355814816708,0.01801383320950123,0.9991355814816708,0.01801383320950123,False
1008,4581,logT_over_pi_h1,1,0.9991529015920491,0.017920748274853793,0.9991529015920491,0.017920748274853793,False
1009,4581,logT_over_pi_h1,1,0.9991549497626602,0.01795341196176281,0.9991549497626602,0.01795341196176281,False
1010,4581,logT_over_pi_h1,1,0.9991443515467958,0.018024563212522438,0.9991443515467958,0.018024563212522438,False
1011,4581,logT_over_pi_h1,1,0.9991578541129446,0.018000801462547678,0.9991578541129446,0.018000801462547678,False
1012,4581,logT_over_pi_h1,1,0.9991500754564061,0.018028734498190424,0.9991500754564061,0.018028734498190424,False
1013,4581,logT_over_pi_h1,1,0.999143286637795,0.01807784776593735,0.999143286637795,0.01807784776593735,False
1014,4581,logT_over_pi_h1,1,0.9991322728907225,0.01804139233930968,0.9991322728907225,0.01804139233930968,False
1015,4581,logT_over_pi_h1,1,0.999153392815812,0.018022502135407237,0.999153392815812,0.018022502135407237,False
1016,4581,logT_over_pi_h1,1,0.9991407672923375,0.01798338635219121,0.9991407672923375,0.01798338635219121,False
1017,4581,logT_over_pi_h1,1,0.999158191602918,0.017955281975892134,0.999158191602918,0.017955281975892134,False
1018,4581,logT_over_pi_h1,1,0.9991626389996193,0.01787445318938463,0.9991626389996193,0.01787445318938463,False
1019,4581,logT_over_pi_h1,1,0.999143661360941,0.017902528862936862,0.999143661360941,0.017902528862936862,False
1020,4581,logT_over_pi_h1,1,0.9991445912808982,0.018076437480323726,0.9991445912808982,0.018076437480323726,False
1021,4581,logT_over_pi_h1,1,0.9991672719907474,0.017879941038923874,0.9991672719907474,0.017879941038923874,False
1022,4581,logT_over_pi_h1,1,0.9991637286720036,0.017880732102144137,0.9991637286720036,0.017880732102144137,False
1023,4581,logT_over_pi_h1,1,0.9991648733127388,0.017800414795141606,0.9991648733127388,0.017800414795141606,False
1024,4581,logT_over_pi_h1,1,0.9991463802893364,0.01808450701470843,0.9991463802893364,0.01808450701470843,False
1025,4581,logT_over_pi_h1,1,0.9991545381900032,0.0178575664092957,0.9991545381900032,0.0178575664092957,False
1026,4581,logT_over_pi_h1,1,0.9991450093525809,0.017970474377594137,0.9991450093525809,0.017970474377594137,False
1027,4581,logT_over_pi_h1,1,0.9991547446112901,0.01784507411961478,0.9991547446112901,0.01784507411961478,False
1028,4581,logT_over_pi_h1,1,0.9991461531022203,0.017958098147261126,0.9991461531022203,0.017958098147261126,False
1029,4581,logT_over_pi_h1,1,0.999153254731978,0.01802489722547218,0.999153254731978,0.01802489722547218,False
1030,4581,logT_over_pi_h1,1,0.999145677735806,0.018057286311736753,0.999145677735806,0.018057286311736753,False
1031,4581,logT_over_pi_h1,1,0.9991360954219549,0.01817937325875807,0.9991360954219549,0.01817937325875807,False
1032,4581,logT_over_pi_h1,1,0.9991465338329996,0.017998185694659163,0.9991465338329996,0.017998185694659163,False
1033,4581,logT_over_pi_h1,1,0.9991435398000845,0.018047444922670408,0.9991435398000845,0.018047444922670408,False
1034,4581,logT_over_pi_h1,1,0.9991196652447594,0.018198229408008082,0.9991196652447594,0.018198229408008082,False
1035,4581,logT_over_pi_h1,1,0.9991466296088536,0.017950509249597957,0.9991466296088536,0.017950509249597957,False
1036,4581,logT_over_pi_h1,1,0.9991158594723863,0.018113015642546415,0.9991158594723863,0.018113015642546415,False
1037,4581,logT_over_pi_h1,1,0.9991595516722104,0.018056507197265148,0.9991595516722104,0.018056507197265148,False
1038,4581,logT_over_pi_h1,1,0.999134300660075,0.018182920090366927,0.999134300660075,0.018182920090366927,False
1039,4581,logT_over_pi_h1,1,0.9991549789689237,0.01797965655245015,0.9991549789689237,0.01797965655245015,False
1040,4581,logT_over_pi_h1,1,0.9991492300576458,0.017903637634836045,0.9991492300576458,0.017903637634836045,False
1041,4581,logT_over_pi_h1,1,0.999178101432526,0.017715949210370674,0.999178101432526,0.017715949210370674,False
1042,4581,logT_over_pi_h1,1,0.9991435906856058,0.017831785402819378,0.9991435906856058,0.017831785402819378,False
1043,4581,logT_over_pi_h1,1,0.9991365420313046,0.017999561066966763,0.9991365420313046,0.017999561066966763,False
1044,4581,logT_over_pi_h1,1,0.9991367771093561,0.01814912806109792,0.9991367771093561,0.01814912806109792,False
1045,4581,logT_over_pi_h1,1,0.9991462772832245,0.018038277299521788,0.9991462772832245,0.018038277299521788,False
1046,4581,logT_over_pi_h1,1,0.9991479382552271,0.017978490641271883,0.9991479382552271,0.017978490641271883,False
1047,4581,logT_over_pi_h1,1,0.9991596083345513,0.017925263477707176,0.9991596083345513,0.017925263477707176,False
1048,4581,logT_over_pi_h1,1,0.9991359544209877,0.01809522951650333,0.9991359544209877,0.01809522951650333,False
1049,4581,logT_over_pi_h1,1,0.9991744823579034,0.017838622807797577,0.9991744823579034,0.017838622807797577,False
1050,4581,logT_over_pi_h1,1,0.9991448673310898,0.018037474150372823,0.9991448673310898,0.018037474150372823,False
1051,4581,logT_over_pi_h1,1,0.999134943546303,0.01819532775723598,0.999134943546303,0.01819532775723598,False
1052,4581,logT_over_pi_h1,1,0.9991495900367262,0.01790950412242509,0.9991495900367262,0.01790950412242509,False
1053,4581,logT_over_pi_h1,1,0.9991595337727002,0.017812382499263535,0.9991595337727002,0.017812382499263535,False
1054,4581,logT_over_pi_h1,1,0.999143350756781,0.01795393387168609,0.999143350756781,0.01795393387168609,False
1055,4581,logT_over_pi_h1,1,0.9991729731982161,0.01784155249641639,0.9991729731982161,0.01784155249641639,False
1056,4581,logT_over_pi_h1,1,0.9991450327344558,0.017993337414925037,0.9991450327344558,0.017993337414925037,False
1057,4581,logT_over_pi_h1,1,0.9991443693178231,0.01803232408886135,0.9991443693178231,0.01803232408886135,False
1058,4581,logT_over_pi_h1,1,0.9991433462239392,0.018013220012671027,0.9991433462239392,0.018013220012671027,False
1059,4581,logT_over_pi_h1,1,0.9991693998243795,0.01787901349787102,0.9991693998243795,0.01787901349787102,False
1060,4581,logT_over_pi_h1,1,0.999157633531839,0.018028738786538767,0.999157633531839,0.018028738786538767,False
1061,4581,logT_over_pi_h1,1,0.9991549504436801,0.018021283893554063,0.9991549504436801,0.018021283893554063,False
1062,4581,logT_over_pi_h1,1,0.999147064576465,0.01810480227745881,0.999147064576465,0.01810480227745881,False
1063,4581,logT_over_pi_h1,1,0.9991522845150916,0.01807683989601294,0.9991522845150916,0.01807683989601294,False
1064,4581,logT_over_pi_h1,1,0.9991477297672071,0.018042785258345795,0.9991477297672071,0.018042785258345795,False
1065,4581,logT_over_pi_h1,1,0.9991409472486112,0.01812695600030434,0.9991409472486112,0.01812695600030434,False
1066,4581,logT_over_pi_h1,1,0.9991386529028264,0.01809746929123346,0.9991386529028264,0.01809746929123346,False
1067,4581,logT_over_pi_h1,1,0.9991390863519514,0.018146893811551656,0.9991390863519514,0.018146893811551656,False
1068,4581,logT_over_pi_h1,1,0.9991548592356073,0.01785929685568366,0.9991548592356073,0.01785929685568366,False
1069,4581,logT_over_pi_h1,1,0.9991661690776856,0.01790624796976381,0.9991661690776856,0.01790624796976381,False
1070,4581,logT_over_pi_h1,1,0.9991637952918296,0.017872625427227895,0.9991637952918296,0.017872625427227895,False
1071,4581,logT_over_pi_h1,1,0.9991387221285647,0.018015176430560054,0.9991387221285647,0.018015176430560054,False
1072,4581,logT_over_pi_h1,1,0.999164269160123,0.017958574192311616,0.999164269160123,0.017958574192311616,False
1073,4581,logT_over_pi_h1,1,0.9991524797614977,0.017935981100643872,0.9991524797614977,0.017935981100643872,False
1074,4581,logT_over_pi_h1,1,0.9991484860408585,0.017786826607020245,0.9991484860408585,0.017786826607020245,False
1075,4581,logT_over_pi_h1,1,0.999148774956111,0.0180375901616312,0.999148774956111,0.0180375901616312,False
1076,4581,logT_over_pi_h1,1,0.9991417715637422,0.018119436495380725,0.9991417715637422,0.018119436495380725,False
1077,4581,logT_over_pi_h1,1,0.9991478202331818,0.018072197856374927,0.9991478202331818,0.018072197856374927,False
1078,4581,logT_over_pi_h1,1,0.999148130299082,0.018032267048371686,0.999148130299082,0.018032267048371686,False
1079,4581,logT_over_pi_h1,1,0.9991390345927047,0.018051619265293084,0.9991390345927047,0.018051619265293084,False
1080,4581,logT_over_pi_h1,1,0.999149838860921,0.018121140396766933,0.999149838860921,0.018121140396766933,False
1081,4581,logT_over_pi_h1,1,0.999133746197976,0.018123102794128876,0.999133746197976,0.018123102794128876,False
1082,4581,logT_over_pi_h1,1,0.9991605913962663,0.01783644134958262,0.9991605913962663,0.01783644134958262,False
1083,4581,logT_over_pi_h1,1,0.9991615895206927,0.017923729895636065,0.9991615895206927,0.017923729895636065,False
1084,4581,logT_over_pi_h1,1,0.9991492425568229,0.017955642205372158,0.9991492425568229,0.017955642205372158,False
1085,4581,logT_over_pi_h1,1,0.9991585409342428,0.017973733510136647,0.9991585409342428,0.017973733510136647,False
1086,4581,logT_over_pi_h1,1,0.9991487353138493,0.018116263450578707,0.9991487353138493,0.018116263450578707,False
1087,4581,logT_over_pi_h1,1,0.9991593477622962,0.0176880158813022,0.9991593477622962,0.0176880158813022,False
1088,4581,logT_over_pi_h1,1,0.9991407823091377,0.01794724516071433,0.9991407823091377,0.01794724516071433,False
1089,4581,logT_over_pi_h1,1,0.9991268824341324,0.018044526815462092,0.9991268824341324,0.018044526815462092,False
1090,4581,logT_over_pi_h1,1,0.9991363428724557,0.01808588323720528,0.9991363428724557,0.01808588323720528,False
1091,4581,logT_over_pi_h1,1,0.9991495862246162,0.01804596610644804,0.9991495862246162,0.01804596610644804,False
1092,4581,logT_over_pi_h1,1,0.9991451057007257,0.018017109027289813,0.9991451057007257,0.018017109027289813,False
1093,4581,logT_over_pi_h1,1,0.9991521423409033,0.017972858610641573,0.9991521423409033,0.017972858610641573,False
1094,4581,logT_over_pi_h1,1,0.9991430074530834,0.01795345272368465,0.9991430074530834,0.01795345272368465,False
1095,4581,logT_over_pi_h1,1,0.9991463584886755,0.01809112673660085,0.9991463584886755,0.01809112673660085,False
1096,4581,logT_over_pi_h1,1,0.9991563933168421,0.01785246447865063,0.9991563933168421,0.01785246447865063,False
1097,4581,logT_over_pi_h1,1,0.9991343759319233,0.018204617117373978,0.9991343759319233,0.018204617117373978,False
1098,4581,logT_over_pi_h1,1,0.9991672961358417,0.017831239284907596,0.9991672961358417,0.017831239284907596,False
1099,4581,logT_over_pi_h1,1,0.999144587469542,0.018078041379344434,0.999144587469542,0.018078041379344434,False
1100,4581,logT_over_pi_h1,1,0.9991521046272475,0.017880048782309643,0.9991521046272475,0.017880048782309643,False
1101,4581,logT_over_pi_h1,1,0.9991547353084459,0.017782927290691752,0.9991547353084459,0.017782927290691752,False
1102,4581,logT_over_pi_h1,1,0.9991601977457831,0.01791736273661293,0.9991601977457831,0.01791736273661293,False
1103,4581,logT_over_pi_h1,1,0.9991417533790405,0.01798470395575169,0.9991417533790405,0.01798470395575169,False
1104,4581,logT_over_pi_h1,1,0.9991318287674011,0.01802446675285818,0.9991318287674011,0.01802446675285818,False
1105,4581,logT_over_pi_h1,1,0.9991331670450504,0.018174512102991258,0.9991331670450504,0.018174512102991258,False
1106,4581,logT_over_pi_h1,1,0.9991619020565511,0.017929658822091632,0.9991619020565511,0.017929658822091632,False
1107,4581,logT_over_pi_h1,1,0.999164720639604,0.01794733892996181,0.999164720639604,0.01794733892996181,False
1108,4581,logT_over_pi_h1,1,0.9991775774008989,0.017680876200162565,0.9991775774008989,0.017680876200162565,False
1109,4581,logT_over_pi_h1,1,0.9991583466454186,0.01795264874464042,0.9991583466454186,0.01795264874464042,False
1110,4581,logT_over_pi_h1,1,0.9991643396924174,0.01777370003756218,0.9991643396924174,0.01777370003756218,False
1111,4581,logT_over_pi_h1,1,0.9991594078004207,0.01794256931172189,0.9991594078004207,0.01794256931172189,False
1112,4581,logT_over_pi_h1,1,0.9991340569865577,0.018182194078095293,0.9991340569865577,0.018182194078095293,False
1113,4581,logT_over_pi_h1,1,0.999143973739663,0.01817979789954105,0.999143973739663,0.01817979789954105,False
1114,4581,logT_over_pi_h1,1,0.999154912640746,0.01793624746445399,0.999154912640746,0.01793624746445399,False
1115,4581,logT_over_pi_h1,1,0.9991578915090249,0.017935233691178887,0.9991578915090249,0.017935233691178887,False
1116,4581,logT_over_pi_h1,1,0.9991515807635543,0.01772462670775532,0.9991515807635543,0.01772462670775532,False
1117,4581,logT_over_pi_h1,1,0.9991323834149665,0.018210269823732084,0.9991323834149665,0.018210269823732084,False
1118,4581,logT_over_pi_h1,1,0.9991449290577636,0.01804771236814151,0.9991449290577636,0.01804771236814151,False
1119,4581,logT_over_pi_h1,1,0.9991645955270559,0.01791845000576675,0.9991645955270559,0.01791845000576675,False
1120,4581,logT_over_pi_h1,1,0.9991545694149736,0.017899716997532344,0.9991545694149736,0.017899716997532344,False
1121,4581,logT_over_pi_h1,1,0.9991593300811895,0.017777121829043452,0.9991593300811895,0.017777121829043452,False
1122,4581,logT_over_pi_h1,1,0.9991486963911532,0.01772836984113013,0.9991486963911532,0.01772836984113013,False
1123,4581,logT_over_pi_h1,1,0.999171334529676,0.017857627148393007,0.999171334529676,0.017857627148393007,False
1124,4581,logT_over_pi_h1,1,0.9991357887794078,0.018119555432213552,0.9991357887794078,0.018119555432213552,False
1125,4581,logT_over_pi_h1,1,0.9991569500879988,0.018025023295345832,0.9991569500879988,0.018025023295345832,False
1126,4581,logT_over_pi_h1,1,0.9991755713785722,0.017664113373761836,0.9991755713785722,0.017664113373761836,False
1127,4581,logT_over_pi_h1,1,0.9991444680895313,0.018010733896034026,0.9991444680895313,0.018010733896034026,False
1128,4581,logT_over_pi_h1,1,0.9991430805923806,0.01809458256723584,0.9991430805923806,0.01809458256723584,False
1129,4581,logT_over_pi_h1,1,0.9991435558257888,0.018130124217575982,0.9991435558257888,0.018130124217575982,False
1130,4581,logT_over_pi_h1,1,0.9991434560685227,0.018137030348203353,0.9991434560685227,0.018137030348203353,False
1131,4581,logT_over_pi_h1,1,0.9991379427904182,0.01796691771344161,0.9991379427904182,0.01796691771344161,False
1132,4581,logT_over_pi_h1,1,0.999131780367986,0.018139074772496322,0.999131780367986,0.018139074772496322,False
1133,4581,logT_over_pi_h1,1,0.9991357228606489,0.01810197391057944,0.9991357228606489,0.01810197391057944,False
1134,4581,logT_over_pi_h1,1,0.9991445523954298,0.018150332688951387,0.9991445523954298,0.018150332688951387,False
1135,4581,logT_over_pi_h1,1,0.9991328712785734,0.01816083706269822,0.9991328712785734,0.01816083706269822,False
1136,4581,logT_over_pi_h1,1,0.9991517327467333,0.017953212063845037,0.9991517327467333,0.017953212063845037,False
1137,4581,logT_over_pi_h1,1,0.9991547064213625,0.017904825805149294,0.9991547064213625,0.017904825805149294,False
1138,4581,logT_over_pi_h1,1,0.999135113928138,0.01814606014206177,0.999135113928138,0.01814606014206177,False
1139,4581,logT_over_pi_h1,1,0.9991400486751782,0.018001622382837645,0.9991400486751782,0.018001622382837645,False
1140,4581,logT_over_pi_h1,1,0.9991730053378669,0.017809102259427334,0.9991730053378669,0.017809102259427334,False
1141,4581,logT_over_pi_h1,1,0.9991469738126616,0.01788795828835177,0.9991469738126616,0.01788795828835177,False
1142,4581,logT_over_pi_h1,1,0.9991674230690875,0.017966461427412206,0.9991674230690875,0.017966461427412206,False
1143,4581,logT_over_pi_h1,1,0.9991789531478602,0.017699738089651085,0.9991789531478602,0.017699738089651085,False
1144,4581,logT_over_pi_h1,1,0.999142899342636,0.018067207260744844,0.999142899342636,0.018067207260744844,False
1145,4581,logT_over_pi_h1,1,0.9991401199928732,0.018035077162373625,0.9991401199928732,0.018035077162373625,False
1146,4581,logT_over_pi_h1,1,0.9991391579611603,0.01808276688219923,0.9991391579611603,0.01808276688219923,False
1147,4581,logT_over_pi_h1,1,0.9991571657977869,0.01799342599333542,0.9991571657977869,0.01799342599333542,False
1148,4581,logT_over_pi_h1,1,0.9991535385199095,0.018041066874225464,0.9991535385199095,0.018041066874225464,False
1149,4581,logT_over_pi_h1,1,0.9991635966106811,0.017984063071150302,0.9991635966106811,0.017984063071150302,False
1150,4581,logT_over_pi_h1,1,0.9991307920924306,0.018132613615067683,0.9991307920924306,0.018132613615067683,False
1151,4581,logT_over_pi_h1,1,0.9991576975085064,0.01792203247064883,0.9991576975085064,0.01792203247064883,False
1152,4581,logT_over_pi_h1,1,0.9991373813880648,0.018090249378865053,0.9991373813880648,0.018090249378865053,False
1153,4581,logT_over_pi_h1,1,0.9991450666615677,0.017976943551090585,0.9991450666615677,0.017976943551090585,False
1154,4581,logT_over_pi_h1,1,0.9991377490767667,0.018114057917088644,0.9991377490767667,0.018114057917088644,False
1155,4581,logT_over_pi_h1,1,0.9991274216254137,0.018099986076333785,0.9991274216254137,0.018099986076333785,False
1156,4581,logT_over_pi_h1,1,0.9991591066057532,0.017582955189340943,0.9991591066057532,0.017582955189340943,False
1157,4581,logT_over_pi_h1,1,0.99914166227822,0.0179723414839863,0.99914166227822,0.0179723414839863,False
1158,4581,logT_over_pi_h1,1,0.9991601762263516,0.017808341784800064,0.9991601762263516,0.017808341784800064,False
1159,4581,logT_over_pi_h1,1,0.9991444711414533,0.018051727574250442,0.9991444711414533,0.018051727574250442,False
1160,4581,logT_over_pi_h1,1,0.9991570659261892,0.018010186784224835,0.9991570659261892,0.018010186784224835,False
1161,4581,logT_over_pi_h1,1,0.9991562798188831,0.017970176068781818,0.9991562798188831,0.017970176068781818,False
1162,4581,logT_over_pi_h1,1,0.9991413748921115,0.01813287318072998,0.9991413748921115,0.01813287318072998,False
1163,4581,logT_over_pi_h1,1,0.9991440594971048,0.01801930371035354,0.9991440594971048,0.01801930371035354,False
1164,4581,logT_over_pi_h1,1,0.9991522734540529,0.018088287522083135,0.9991522734540529,0.018088287522083135,False
1165,4581,logT_over_pi_h1,1,0.9991462019979623,0.017983036894769988,0.9991462019979623,0.017983036894769988,False
1166,4581,logT_over_pi_h1,1,0.9991645858801621,0.01787530323612252,0.9991645858801621,0.01787530323612252,False
1167,4581,logT_over_pi_h1,1,0.9991613146655244,0.017962910059993398,0.9991613146655244,0.017962910059993398,False
1168,4581,logT_over_pi_h1,1,0.999148618953167,0.017963408457398522,0.999148618953167,0.017963408457398522,False
1169,4581,logT_over_pi_h1,1,0.9991485113959722,0.01800582779077331,0.9991485113959722,0.01800582779077331,False
1170,4581,logT_over_pi_h1,1,0.9991432823278139,0.01809724655650502,0.9991432823278139,0.01809724655650502,False
1171,4581,logT_over_pi_h1,1,0.9991615715924926,0.01774491917709664,0.9991615715924926,0.01774491917709664,False
1172,4581,logT_over_pi_h1,1,0.9991636262186342,0.017873417097266753,0.9991636262186342,0.017873417097266753,False
1173,4581,logT_over_pi_h1,1,0.9991484641005006,0.018123109972556506,0.9991484641005006,0.018123109972556506,False
1174,4581,logT_over_pi_h1,1,0.999154831596921,0.01795787214571032,0.999154831596921,0.01795787214571032,False
1175,4581,logT_over_pi_h1,1,0.9991335578270304,0.018199286489060107,0.9991335578270304,0.018199286489060107,False
1176,4581,logT_over_pi_h1,1,0.9991300250332241,0.018137382531210555,0.9991300250332241,0.018137382531210555,False
1177,4581,logT_over_pi_h1,1,0.9991456023747962,0.018048444260037932,0.9991456023747962,0.018048444260037932,False
1178,4581,logT_over_pi_h1,1,0.9991451711777166,0.018070725816569322,0.9991451711777166,0.018070725816569322,False
1179,4581,logT_over_pi_h1,1,0.9991437500761889,0.01809017576947536,0.9991437500761889,0.01809017576947536,False
1180,4581,logT_over_pi_h1,1,0.9991534539672184,0.018041250454190916,0.9991534539672184,0.018041250454190916,False
1181,4581,logT_over_pi_h1,1,0.9991465878880174,0.01806036956992063,0.9991465878880174,0.01806036956992063,False
1182,4581,logT_over_pi_h1,1,0.999142926524833,0.01814324444396931,0.999142926524833,0.01814324444396931,False
1183,4581,logT_over_pi_h1,1,0.9991337621127049,0.01817727757960963,0.9991337621127049,0.01817727757960963,False
1184,4581,logT_over_pi_h1,1,0.9991620496548484,0.01795812575102662,0.9991620496548484,0.01795812575102662,False
1185,4581,logT_over_pi_h1,1,0.9991575039317857,0.017817197026552378,0.9991575039317857,0.017817197026552378,False
1186,4581,logT_over_pi_h1,1,0.9991301136344988,0.01801005657459598,0.9991301136344988,0.01801005657459598,False
1187,4581,logT_over_pi_h1,1,0.9991514747224678,0.017979745183989593,0.9991514747224678,0.017979745183989593,False
1188,4581,logT_over_pi_h1,1,0.9991274895789344,0.01825628609635821,0.9991274895789344,0.01825628609635821,False
1189,4581,logT_over_pi_h1,1,0.9991576514966386,0.017866771311056517,0.9991576514966386,0.017866771311056517,False
1190,4581,logT_over_pi_h1,1,0.9991633348475057,0.017916047622272835,0.9991633348475057,0.017916047622272835,False
1191,4581,logT_over_pi_h1,1,0.9991684179256539,0.017870502127542487,0.9991684179256539,0.017870502127542487,False
1192,4581,logT_over_pi_h1,1,0.9991235832410406,0.01825533568732407,0.9991235832410406,0.01825533568732407,False
1193,4581,logT_over_pi_h1,1,0.9991398565236288,0.018077664087903678,0.9991398565236288,0.018077664087903678,False
1194,4581,logT_over_pi_h1,1,0.999151236311431,0.018003016204506395,0.999151236311431,0.018003016204506395,False
1195,4581,logT_over_pi_h1,1,0.9991449669078102,0.01798475103631425,0.9991449669078102,0.01798475103631425,False
1196,4581,logT_over_pi_h1,1,0.9991440497384362,0.018120322227859198,0.9991440497384362,0.018120322227859198,False
1197,4581,logT_over_pi_h1,1,0.9991531939116807,0.018075545068408694,0.9991531939116807,0.018075545068408694,False
1198,4581,logT_over_pi_h1,1,0.9991512064037271,0.017983689472751863,0.9991512064037271,0.017983689472751863,False
1199,4581,logT_over_pi_h1,1,0.9991418280530839,0.01814757473291806,0.9991418280530839,0.01814757473291806,False
1200,4581,logT_over_pi_h1,1,0.9991651730887354,0.017869322786082442,0.9991651730887354,0.017869322786082442,False
1201,4581,logT_over_pi_h1,1,0.9991441837917596,0.01810245514124098,0.9991441837917596,0.01810245514124098,False
1202,4581,logT_over_pi_h1,1,0.999133674781492,0.01803046877275527,0.999133674781492,0.01803046877275527,False
1203,4581,logT_over_pi_h1,1,0.9991430123583813,0.01808257845623462,0.9991430123583813,0.01808257845623462,False
1204,4581,logT_over_pi_h1,1,0.999155778268813,0.018010113110475068,0.999155778268813,0.018010113110475068,False
1205,4581,logT_over_pi_h1,1,0.9991523196622827,0.01800093085984944,0.9991523196622827,0.01800093085984944,False
1206,4581,logT_over_pi_h1,1,0.999147294734305,0.018005781581805103,0.999147294734305,0.018005781581805103,False
1207,4581,logT_over_pi_h1,1,0.9991593612783944,0.018048543133771133,0.9991593612783944,0.018048543133771133,False
1208,4581,logT_over_pi_h1,1,0.9991523887270221,0.017893310213525915,0.9991523887270221,0.017893310213525915,False
1209,4581,logT_over_pi_h1,1,0.9991301333770491,0.018219756876561632,0.9991301333770491,0.018219756876561632,False
1210,4581,logT_over_pi_h1,1,0.9991614203494469,0.01784844644938488,0.9991614203494469,0.01784844644938488,False
1211,4581,logT_over_pi_h1,1,0.9991528982273458,0.01789599620536464,0.9991528982273458,0.01789599620536464,False
1212,4581,logT_over_pi_h1,1,0.9991510967740054,0.017744194028662896,0.9991510967740054,0.017744194028662896,False
1213,4581,logT_over_pi_h1,1,0.9991635037876501,0.017860496354965782,0.9991635037876501,0.017860496354965782,False
1214,4581,logT_over_pi_h1,1,0.9991348160348512,0.018063435185609045,0.9991348160348512,0.018063435185609045,False
1215,4581,logT_over_pi_h1,1,0.9991312085640113,0.0180056999496907,0.9991312085640113,0.0180056999496907,False
1216,4581,logT_over_pi_h1,1,0.9991682748158579,0.017877842911177666,0.9991682748158579,0.017877842911177666,False
1217,4581,logT_over_pi_h1,1,0.9991621829130525,0.017699182671094604,0.9991621829130525,0.017699182671094604,False
1218,4581,logT_over_pi_h1,1,0.9991468358049569,0.01805948480590036,0.9991468358049569,0.01805948480590036,False
1219,4581,logT_over_pi_h1,1,0.9991550099679705,0.01782681059456337,0.9991550099679705,0.01782681059456337,False
1220,4581,logT_over_pi_h1,1,0.9991411787389792,0.018113936942603104,0.9991411787389792,0.018113936942603104,False
1221,4581,logT_over_pi_h1,1,0.9991693191754026,0.01773309257880129,0.9991693191754026,0.01773309257880129,False
1222,4581,logT_over_pi_h1,1,0.999145725309512,0.017942303575965823,0.999145725309512,0.017942303575965823,False
1223,4581,logT_over_pi_h1,1,0.9991526532717188,0.017950869624287158,0.9991526532717188,0.017950869624287158,False
1224,4581,logT_over_pi_h1,1,0.9991707061156072,0.017795170390738413,0.9991707061156072,0.017795170390738413,False
1225,4581,logT_over_pi_h1,1,0.9991605235885201,0.017717828295413796,0.9991605235885201,0.017717828295413796,False
1226,4581,logT_over_pi_h1,1,0.9991412155805903,0.01799295086231467,0.9991412155805903,0.01799295086231467,False
1227,4581,logT_over_pi_h1,1,0.9991322400501638,0.018217391255013204,0.9991322400501638,0.018217391255013204,False
1228,4581,logT_over_pi_h1,1,0.9991506744956444,0.017894722203314117,0.9991506744956444,0.017894722203314117,False
1229,4581,logT_over_pi_h1,1,0.9991571211812943,0.017840973966737117,0.9991571211812943,0.017840973966737117,False
1230,4581,logT_over_pi_h1,1,0.9991510628404399,0.017840777152130727,0.9991510628404399,0.017840777152130727,False
1231,4581,logT_over_pi_h1,1,0.9991567988460278,0.017864428159717782,0.9991567988460278,0.017864428159717782,False
1232,4581,logT_over_pi_h1,1,0.999142325541647,0.018173926842195876,0.999142325541647,0.018173926842195876,False
1233,4581,logT_over_pi_h1,1,0.999142453938921,0.017971696771802215,0.999142453938921,0.017971696771802215,False
1234,4581,logT_over_pi_h1,1,0.9991426130611067,0.017887946256228027,0.9991426130611067,0.017887946256228027,False
1235,4581,logT_over_pi_h1,1,0.9991568838072671,0.01795723600258281,0.9991568838072671,0.01795723600258281,False
1236,4581,logT_over_pi_h1,1,0.9991255784393223,0.018124978328838637,0.9991255784393223,0.018124978328838637,False
1237,4581,logT_over_pi_h1,1,0.9991629402596716,0.017956320118218017,0.9991629402596716,0.017956320118218017,False
1238,4581,logT_over_pi_h1,1,0.9991362544939156,0.018030731019649693,0.9991362544939156,0.018030731019649693,False
1239,4581,logT_over_pi_h1,1,0.9991306559832915,0.01803807477672592,0.9991306559832915,0.01803807477672592,False
1240,4581,logT_over_pi_h1,1,0.999133571213784,0.018117956353392195,0.999133571213784,0.018117956353392195,False
1241,4581,logT_over_pi_h1,1,0.9991504954565155,0.018059859428254832,0.9991504954565155,0.018059859428254832,False
1242,4581,logT_over_pi_h1,1,0.9991334853160948,0.018140494369329296,0.9991334853160948,0.018140494369329296,False
1243,4581,logT_over_pi_h1,1,0.9991463509549829,0.01802815916801137,0.9991463509549829,0.01802815916801137,False
1244,4581,logT_over_pi_h1,1,0.9991620504630613,0.01787556111709332,0.9991620504630613,0.01787556111709332,False
1245,4581,logT_over_pi_h1,1,0.9991464931223613,0.018046483590453022,0.9991464931223613,0.018046483590453022,False
1246,4581,logT_over_pi_h1,1,0.9991392855995926,0.018027435908791745,0.9991392855995926,0.018027435908791745,False
1247,4581,logT_over_pi_h1,1,0.9991497358450446,0.017972829510013,0.9991497358450446,0.017972829510013,False
1248,4581,logT_over_pi_h1,1,0.9991546007382779,0.01778061844077783,0.9991546007382779,0.01778061844077783,False
1249,4581,logT_over_pi_h1,1,0.9991572732886925,0.01790025407296536,0.9991572732886925,0.01790025407296536,False
1250,4581,logT_over_pi_h1,1,0.9991404775335476,0.018014528312185085,0.9991404775335476,0.018014528312185085,False
1251,4581,logT_over_pi_h1,1,0.9991637425542016,0.017780883911579615,0.9991637425542016,0.017780883911579615,False
1252,4581,logT_over_pi_h1,1,0.9991539791572013,0.018049861525470945,0.9991539791572013,0.018049861525470945,False
1253,4581,logT_over_pi_h1,1,0.9991355983514292,0.018127590989085896,0.9991355983514292,0.018127590989085896,False
1254,4581,logT_over_pi_h1,1,0.9991474510615349,0.018039067009784304,0.9991474510615349,0.018039067009784304,False
1255,4581,logT_over_pi_h1,1,0.9991358807892602,0.018078881108502642,0.9991358807892602,0.018078881108502642,False
1256,4581,logT_over_pi_h1,1,0.9991491327449022,0.0179976580521517,0.9991491327449022,0.0179976580521517,False
1257,4581,logT_over_pi_h1,1,0.999148673627475,0.017902550905448678,0.999148673627475,0.017902550905448678,False
1258,4581,logT_over_pi_h1,1,0.9991665312243679,0.017864191552813935,0.9991665312243679,0.017864191552813935,False
1259,4581,logT_over_pi_h1,1,0.9991607850739149,0.017954733514745413,0.9991607850739149,0.017954733514745413,False
1260,4581,logT_over_pi_h1,1,0.9991585415937084,0.01802578727098325,0.9991585415937084,0.01802578727098325,False
1261,4581,logT_over_pi_h1,1,0.9991620603159563,0.0178980509172737,0.9991620603159563,0.0178980509172737,False
1262,4581,logT_over_pi_h1,1,0.9991589357521986,0.01788697374376369,0.9991589357521986,0.01788697374376369,False
1263,4581,logT_over_pi_h1,1,0.9991446633000127,0.018053748278709314,0.9991446633000127,0.018053748278709314,False
1264,4581,logT_over_pi_h1,1,0.9991562337714377,0.017993499636270727,0.9991562337714377,0.017993499636270727,False
1265,4581,logT_over_pi_h1,1,0.9991628413248141,0.01793650521346901,0.9991628413248141,0.01793650521346901,False
1266,4581,logT_over_pi_h1,1,0.9991420903594501,0.01811015086400758,0.9991420903594501,0.01811015086400758,False
1267,4581,logT_over_pi_h1,1,0.999130600864003,0.018153907064520247,0.999130600864003,0.018153907064520247,False
1268,4581,logT_over_pi_h1,1,0.9991754998361453,0.017829723166864042,0.9991754998361453,0.017829723166864042,False
1269,4581,logT_over_pi_h1,1,0.9991605451759088,0.017948721498310505,0.9991605451759088,0.017948721498310505,False
1270,4581,logT_over_pi_h1,1,0.9991545126955752,0.017894204859973506,0.9991545126955752,0.017894204859973506,False
1271,4581,logT_over_pi_h1,1,0.9991415407214849,0.018112541828673834,0.9991415407214849,0.018112541828673834,False
1272,4581,logT_over_pi_h1,1,0.999143884777872,0.018007222458553684,0.999143884777872,0.018007222458553684,False
1273,4581,logT_over_pi_h1,1,0.9991665951880818,0.017787511658097444,0.9991665951880818,0.017787511658097444,False
1274,4581,logT_over_pi_h1,1,0.9991558151587075,0.01784455245034433,0.9991558151587075,0.01784455245034433,False
1275,4581,logT_over_pi_h1,1,0.9991383503338439,0.01816025187924364,0.9991383503338439,0.01816025187924364,False
1276,4581,logT_over_pi_h1,1,0.9991693380602701,0.017929955651520224,0.9991693380602701,0.017929955651520224,False
1277,4581,logT_over_pi_h1,1,0.9991604138840045,0.01794537711222688,0.9991604138840045,0.01794537711222688,False
1278,4581,logT_over_pi_h1,1,0.9991654359554226,0.017888894070033245,0.9991654359554226,0.017888894070033245,False
1279,4581,logT_over_pi_h1,1,0.999143358693548,0.01804741607027527,0.999143358693548,0.01804741607027527,False
1280,4581,logT_over_pi_h1,1,0.9991540084419754,0.0180611934456536,0.9991540084419754,0.0180611934456536,False
1281,4581,logT_over_pi_h1,1,0.9991374557067572,0.01814737851181647,0.9991374557067572,0.01814737851181647,False
1282,4581,logT_over_pi_h1,1,0.9991568399600647,0.017755671186134414,0.9991568399600647,0.017755671186134414,False
1283,4581,logT_over_pi_h1,1,0.999145286726239,0.01795858072790857,0.999145286726239,0.01795858072790857,False
1284,4581,logT_over_pi_h1,1,0.9991519020183384,0.01807543331816941,0.9991519020183384,0.01807543331816941,False
1285,4581,logT_over_pi_h1,1,0.9991561793330894,0.017936500559739166,0.9991561793330894,0.017936500559739166,False
1286,4581,logT_over_pi_h1,1,0.9991606792216037,0.017837404553018743,0.9991606792216037,0.017837404553018743,False
1287,4581,logT_over_pi_h1,1,0.9991471434027687,0.0180192659949876,0.9991471434027687,0.0180192659949876,False
1288,4581,logT_over_pi_h1,1,0.9991582811143168,0.017989882776698884,0.9991582811143168,0.017989882776698884,False
1289,4581,logT_over_pi_h1,1,0.9991475446701776,0.01801440492902273,0.9991475446701776,0.01801440492902273,False
1290,4581,logT_over_pi_h1,1,0.9991602498683178,0.017641189359491882,0.9991602498683178,0.017641189359491882,False
1291,4581,logT_over_pi_h1,1,0.9991419755432093,0.018094241289159818,0.9991419755432093,0.018094241289159818,False
1292,4581,logT_over_pi_h1,1,0.999151664335167,0.01786826098504868,0.999151664335167,0.01786826098504868,False
1293,4581,logT_over_pi_h1,1,0.9991417544711427,0.01808201700049228,0.9991417544711427,0.01808201700049228,False
1294,4581,logT_over_pi_h1,1,0.9991235209403359,0.017967815909933904,0.9991235209403359,0.017967815909933904,False
1295,4581,logT_over_pi_h1,1,0.9991442611686534,0.017951525871473528,0.9991442611686534,0.017951525871473528,False
1296,4581,logT_over_pi_h1,1,0.9991354036435046,0.018123868533709064,0.9991354036435046,0.018123868533709064,False
1297,4581,logT_over_pi_h1,1,0.9991377149272829,0.017989052482723977,0.9991377149272829,0.017989052482723977,False
1298,4581,logT_over_pi_h1,1,0.9991574510973854,0.017804209519354686,0.9991574510973854,0.017804209519354686,False
1299,4581,logT_over_pi_h1,1,0.9991558536220415,0.018013713155160538,0.9991558536220415,0.018013713155160538,False
1300,4581,logT_over_pi_h1,1,0.9991673210224274,0.017877417714773358,0.9991673210224274,0.017877417714773358,False
1301,4581,logT_over_pi_h1,1,0.9991593168093934,0.017942940686237918,0.9991593168093934,0.017942940686237918,False
1302,4581,logT_over_pi_h1,1,0.9991432542829738,0.017915407808183126,0.9991432542829738,0.017915407808183126,False
1303,4581,logT_over_pi_h1,1,0.9991376758455625,0.018026744577460896,0.9991376758455625,0.018026744577460896,False
1304,4581,logT_over_pi_h1,1,0.9991437939940488,0.018050110482249693,0.9991437939940488,0.018050110482249693,False
1305,4581,logT_over_pi_h1,1,0.9991682605687342,0.01777970154222608,0.9991682605687342,0.01777970154222608,False
1306,4581,logT_over_pi_h1,1,0.9991458373371549,0.01802946126104832,0.9991458373371549,0.01802946126104832,False
1307,4581,logT_over_pi_h1,1,0.9991424293597858,0.01808908577899704,0.9991424293597858,0.01808908577899704,False
1308,4581,logT_over_pi_h1,1,0.9991469203384489,0.018021265890480365,0.9991469203384489,0.018021265890480365,False
1309,4581,logT_over_pi_h1,1,0.9991589954369511,0.017934875692664498,0.9991589954369511,0.017934875692664498,False
1310,4581,logT_over_pi_h1,1,0.9991678449282461,0.017804223892314397,0.9991678449282461,0.017804223892314397,False
1311,4581,logT_over_pi_h1,1,0.9991508668571748,0.01793011092011554,0.9991508668571748,0.01793011092011554,False
1312,4581,logT_over_pi_h1,1,0.9991634567559494,0.01795784313575499,0.9991634567559494,0.01795784313575499,False
1313,4581,logT_over_pi_h1,1,0.9991505313440944,0.017963868065334232,0.9991505313440944,0.017963868065334232,False
1314,4581,logT_over_pi_h1,1,0.9991544387230838,0.017907177543667885,0.9991544387230838,0.017907177543667885,False
1315,4581,logT_over_pi_h1,1,0.9991440913226324,0.01799522588285818,0.9991440913226324,0.01799522588285818,False
1316,4581,logT_over_pi_h1,1,0.999146540706719,0.01801978143256555,0.999146540706719,0.01801978143256555,False
1317,4581,logT_over_pi_h1,1,0.9991550734815614,0.017843947665149962,0.9991550734815614,0.017843947665149962,False
1318,4581,logT_over_pi_h1,1,0.9991493661370926,0.01797895173206676,0.9991493661370926,0.01797895173206676,False
1319,4581,logT_over_pi_h1,1,0.9991452783291989,0.017934157012180485,0.9991452783291989,0.017934157012180485,False
1320,4581,logT_over_pi_h1,1,0.9991605516035514,0.017818880456832886,0.9991605516035514,0.017818880456832886,False
1321,4581,logT_over_pi_h1,1,0.9991578854870137,0.01792351776650225,0.9991578854870137,0.01792351776650225,False
1322,4581,logT_over_pi_h1,1,0.9991621570729402,0.017754224556408182,0.9991621570729402,0.017754224556408182,False
1323,4581,logT_over_pi_h1,1,0.9991501717241914,0.018047621225400157,0.9991501717241914,0.018047621225400157,False
1324,4581,logT_over_pi_h1,1,0.9991436589671792,0.01802625992134388,0.9991436589671792,0.01802625992134388,False
1325,4581,logT_over_pi_h1,1,0.9991350173407706,0.017864728758435255,0.9991350173407706,0.017864728758435255,False
1326,4581,logT_over_pi_h1,1,0.9991528433270405,0.018012410602341156,0.9991528433270405,0.018012410602341156,False
1327,4581,logT_over_pi_h1,1,0.9991246940498341,0.018008806180132453,0.9991246940498341,0.018008806180132453,False
1328,4581,logT_over_pi_h1,1,0.9991594401239487,0.017956690496283123,0.9991594401239487,0.017956690496283123,False
1329,4581,logT_over_pi_h1,1,0.999150107148982,0.017992636118854044,0.999150107148982,0.017992636118854044,False
1330,4581,logT_over_pi_h1,1,0.9991698462107791,0.017864372912089976,0.9991698462107791,0.017864372912089976,False
1331,4581,logT_over_pi_h1,1,0.9991567943849236,0.017932176034666014,0.9991567943849236,0.017932176034666014,False
1332,4581,logT_over_pi_h1,1,0.9991461788589502,0.01796878968673621,0.9991461788589502,0.01796878968673621,False
1333,4581,logT_over_pi_h1,1,0.9991504178782318,0.017940047349170207,0.9991504178782318,0.017940047349170207,False
1334,4581,logT_over_pi_h1,1,0.9991662628761677,0.017901357298125475,0.9991662628761677,0.017901357298125475,False
1335,4581,logT_over_pi_h1,1,0.9991565281124495,0.017980309771971292,0.9991565281124495,0.017980309771971292,False
1336,4581,logT_over_pi_h1,1,0.9991541015232215,0.01788482744768327,0.9991541015232215,0.01788482744768327,False
1337,4581,logT_over_pi_h1,1,0.999139491541676,0.018174128237054,0.999139491541676,0.018174128237054,False
1338,4581,logT_over_pi_h1,1,0.9991492079660457,0.017767548218022178,0.9991492079660457,0.017767548218022178,False
1339,4581,logT_over_pi_h1,1,0.9991378472965367,0.018068335051220075,0.9991378472965367,0.018068335051220075,False
1340,4581,logT_over_pi_h1,1,0.9991576039898252,0.01792370818613076,0.9991576039898252,0.01792370818613076,False
1341,4581,logT_over_pi_h1,1,0.9991350895957251,0.018063033937427697,0.9991350895957251,0.018063033937427697,False
1342,4581,logT_over_pi_h1,1,0.9991784624806795,0.017697738422198128,0.9991784624806795,0.017697738422198128,False
1343,4581,logT_over_pi_h1,1,0.9991536153685662,0.01791135269289157,0.9991536153685662,0.01791135269289157,False
1344,4581,logT_over_pi_h1,1,0.9991191353713421,0.01828451935329234,0.9991191353713421,0.01828451935329234,False
1345,4581,logT_over_pi_h1,1,0.9991469734029721,0.017909958442359653,0.9991469734029721,0.017909958442359653,False
1346,4581,logT_over_pi_h1,1,0.9991357329850802,0.01793700323258829,0.9991357329850802,0.01793700323258829,False
1347,4581,logT_over_pi_h1,1,0.9991360346621784,0.01806957078799165,0.9991360346621784,0.01806957078799165,False
1348,4581,logT_over_pi_h1,1,0.999156857132949,0.01781135345372853,0.999156857132949,0.01781135345372853,False
1349,4581,logT_over_pi_h1,1,0.9991470221589805,0.017999526149860223,0.9991470221589805,0.017999526149860223,False
1350,4581,logT_over_pi_h1,1,0.9991493549384459,0.018089780973883585,0.9991493549384459,0.018089780973883585,False
1351,4581,logT_over_pi_h1,1,0.9991451079133314,0.018044690433951516,0.9991451079133314,0.018044690433951516,False
1352,4581,logT_over_pi_h1,1,0.9991635673168757,0.017652517514332722,0.9991635673168757,0.017652517514332722,False
1353,4581,logT_over_pi_h1,1,0.9991399229850949,0.017982473283081113,0.9991399229850949,0.017982473283081113,False
1354,4581,logT_over_pi_h1,1,0.9991377018063072,0.018185810377884692,0.9991377018063072,0.018185810377884692,False
1355,4581,logT_over_pi_h1,1,0.9991513756407674,0.018027963363268285,0.9991513756407674,0.018027963363268285,False
1356,4581,logT_over_pi_h1,1,0.9991366188943015,0.018193377910850295,0.9991366188943015,0.018193377910850295,False
1357,4581,logT_over_pi_h1,1,0.9991574763879666,0.01796846553359366,0.9991574763879666,0.01796846553359366,False
1358,4581,logT_over_pi_h1,1,0.9991622525110196,0.017859790407446674,0.9991622525110196,0.017859790407446674,False
1359,4581,logT_over_pi_h1,1,0.9991563894379693,0.017928887061193777,0.9991563894379693,0.017928887061193777,False
1360,4581,logT_over_pi_h1,1,0.9991596247892893,0.017807235582309566,0.9991596247892893,0.017807235582309566,False
1361,4581,logT_over_pi_h1,1,0.9991646789814913,0.01778867260347372,0.9991646789814913,0.01778867260347372,False
1362,4581,logT_over_pi_h1,1,0.9991484097893011,0.018104052662588188,0.9991484097893011,0.018104052662588188,False
1363,4581,logT_over_pi_h1,1,0.9991459796274081,0.01807663153190031,0.9991459796274081,0.01807663153190031,False
1364,4581,logT_over_pi_h1,1,0.9991448491317816,0.01817175539618887,0.9991448491317816,0.01817175539618887,False
1365,4581,logT_over_pi_h1,1,0.9991684799628573,0.01791536662862825,0.9991684799628573,0.01791536662862825,False
1366,4581,logT_over_pi_h1,1,0.9991534918352069,0.01799653570910742,0.9991534918352069,0.01799653570910742,False
1367,4581,logT_over_pi_h1,1,0.9991569093934608,0.017940169195778566,0.9991569093934608,0.017940169195778566,False
1368,4581,logT_over_pi_h1,1,0.9991584775035991,0.01793477344540495,0.9991584775035991,0.01793477344540495,False
1369,4581,logT_over_pi_h1,1,0.9991525447464964,0.017990861128427404,0.9991525447464964,0.017990861128427404,False
1370,4581,logT_over_pi_h1,1,0.9991647139295436,0.0179120120336993,0.9991647139295436,0.0179120120336993,False
1371,4581,logT_over_pi_h1,1,0.9991673618864938,0.017828714180486926,0.9991673618864938,0.017828714180486926,False
1372,4581,logT_over_pi_h1,1,0.9991542242745148,0.0179617832584551,0.9991542242745148,0.0179617832584551,False
1373,4581,logT_over_pi_h1,1,0.9991333442604772,0.018018778905644517,0.9991333442604772,0.018018778905644517,False
1374,4581,logT_over_pi_h1,1,0.9991430924381284,0.018149143830878067,0.9991430924381284,0.018149143830878067,False
1375,4581,logT_over_pi_h1,1,0.9991321374115557,0.017868495641224058,0.9991321374115557,0.017868495641224058,False
1376,4581,logT_over_pi_h1,1,0.9991674377210006,0.017878645632213086,0.9991674377210006,0.017878645632213086,False
1377,4581,logT_over_pi_h1,1,0.9991424702941479,0.01805758364818466,0.9991424702941479,0.01805758364818466,False
1378,4581,logT_over_pi_h1,1,0.9991616007821641,0.017989533530113455,0.9991616007821641,0.017989533530113455,False
1379,4581,logT_over_pi_h1,1,0.9991522842233981,0.017913978348111037,0.9991522842233981,0.017913978348111037,False
1380,4581,logT_over_pi_h1,1,0.9991529635735911,0.017981652408720628,0.9991529635735911,0.017981652408720628,False
1381,4581,logT_over_pi_h1,1,0.999142496605237,0.01797633840593349,0.999142496605237,0.01797633840593349,False
1382,4581,logT_over_pi_h1,1,0.9991530528035809,0.01795374622179491,0.9991530528035809,0.01795374622179491,False
1383,4581,logT_over_pi_h1,1,0.999143414150661,0.017997777610760934,0.999143414150661,0.017997777610760934,False
1384,4581,logT_over_pi_h1,1,0.9991568025944256,0.017860309425960175,0.9991568025944256,0.017860309425960175,False
1385,4581,logT_over_pi_h1,1,0.9991672177350363,0.01784679698867464,0.9991672177350363,0.01784679698867464,False
1386,4581,logT_over_pi_h1,1,0.9991210761377707,0.018143726424087347,0.9991210761377707,0.018143726424087347,False
1387,4581,logT_over_pi_h1,1,0.9991237181064867,0.01823136995979624,0.9991237181064867,0.01823136995979624,False
1388,4581,logT_over_pi_h1,1,0.9991631763384198,0.017772200534333038,0.9991631763384198,0.017772200534333038,False
1389,4581,logT_over_pi_h1,1,0.9991683837410387,0.017669391062065998,0.9991683837410387,0.017669391062065998,False
1390,4581,logT_over_pi_h1,1,0.999147059073283,0.01796523840077402,0.999147059073283,0.01796523840077402,False
1391,4581,logT_over_pi_h1,1,0.9991406350811766,0.017986428421203016,0.9991406350811766,0.017986428421203016,False
1392,4581,logT_over_pi_h1,1,0.9991728098727347,0.01755392455362692,0.9991728098727347,0.01755392455362692,False
1393,4581,logT_over_pi_h1,1,0.9991442060548524,0.018005506563932627,0.9991442060548524,0.018005506563932627,False
1394,4581,logT_over_pi_h1,1,0.9991615471242309,0.017889845035452545,0.9991615471242309,0.017889845035452545,False
1395,4581,logT_over_pi_h1,1,0.9991401126972724,0.01798104274181611,0.9991401126972724,0.01798104274181611,False
1396,4581,logT_over_pi_h1,1,0.9991458252682688,0.018034233079519346,0.9991458252682688,0.018034233079519346,False
1397,4581,logT_over_pi_h1,1,0.999112915346969,0.018358339337219753,0.999112915346969,0.018358339337219753,False
1398,4581,logT_over_pi_h1,1,0.9991474511041512,0.017952623280951485,0.9991474511041512,0.017952623280951485,False
1399,4581,logT_over_pi_h1,1,0.9991383731946701,0.01811115683282516,0.9991383731946701,0.01811115683282516,False
1400,4581,logT_over_pi_h1,1,0.9991522845264946,0.01795635982159194,0.9991522845264946,0.01795635982159194,False
1401,4581,logT_over_pi_h1,1,0.9991494961129679,0.01801164031111835,0.9991494961129679,0.01801164031111835,False
1402,4581,logT_over_pi_h1,1,0.9991501782743754,0.01795112985123737,0.9991501782743754,0.01795112985123737,False
1403,4581,logT_over_pi_h1,1,0.9991599232149676,0.017960796915659216,0.9991599232149676,0.017960796915659216,False
1404,4581,logT_over_pi_h1,1,0.9991313892563156,0.01818055169740962,0.9991313892563156,0.01818055169740962,False
1405,4581,logT_over_pi_h1,1,0.9991559357469111,0.017994766756013192,0.9991559357469111,0.017994766756013192,False
1406,4581,logT_over_pi_h1,1,0.9991398481367333,0.018161818557755005,0.9991398481367333,0.018161818557755005,False
1407,4581,logT_over_pi_h1,1,0.9991542990933239,0.017997572162895104,0.9991542990933239,0.017997572162895104,False
1408,4581,logT_over_pi_h1,1,0.9991407893596519,0.018130057350659534,0.9991407893596519,0.018130057350659534,False
1409,4581,logT_over_pi_h1,1,0.9991514467543349,0.018011606282167136,0.9991514467543349,0.018011606282167136,False
1410,4581,logT_over_pi_h1,1,0.9991519443446707,0.01808832455188103,0.9991519443446707,0.01808832455188103,False
1411,4581,logT_over_pi_h1,1,0.9991589952428286,0.01786514991960786,0.9991589952428286,0.01786514991960786,False
1412,4581,logT_over_pi_h1,1,0.9991403836358377,0.01811642861191931,0.9991403836358377,0.01811642861191931,False
1413,4581,logT_over_pi_h1,1,0.9991477882215725,0.017983602085220873,0.9991477882215725,0.017983602085220873,False
1414,4581,logT_over_pi_h1,1,0.999149538579944,0.017942755348338224,0.999149538579944,0.017942755348338224,False
1415,4581,logT_over_pi_h1,1,0.9991594791730295,0.017975968969046185,0.9991594791730295,0.017975968969046185,False
1416,4581,logT_over_pi_h1,1,0.999147719569296,0.017781593392011352,0.999147719569296,0.017781593392011352,False
1417,4581,logT_over_pi_h1,1,0.9991536710423918,0.01787936724654937,0.9991536710423918,0.01787936724654937,False
1418,4581,logT_over_pi_h1,1,0.9991580488097342,0.017957911181600394,0.9991580488097342,0.017957911181600394,False
1419,4581,logT_over_pi_h1,1,0.9991510885328787,0.017827040183854947,0.9991510885328787,0.017827040183854947,False
1420,4581,logT_over_pi_h1,1,0.9991388505812637,0.017997359856009254,0.9991388505812637,0.017997359856009254,False
1421,4581,logT_over_pi_h1,1,0.9991517118937178,0.017986497026040382,0.9991517118937178,0.017986497026040382,False
1422,4581,logT_over_pi_h1,1,0.999138470013074,0.01805017975130152,0.999138470013074,0.01805017975130152,False
1423,4581,logT_over_pi_h1,1,0.999131554404879,0.018131978970060025,0.999131554404879,0.018131978970060025,False
1424,4581,logT_over_pi_h1,1,0.9991337161824636,0.01817413793639311,0.9991337161824636,0.01817413793639311,False
1425,4581,logT_over_pi_h1,1,0.9991331584441767,0.01800657408288142,0.9991331584441767,0.01800657408288142,False
1426,4581,logT_over_pi_h1,1,0.9991727793010496,0.017822906259911342,0.9991727793010496,0.017822906259911342,False
1427,4581,logT_over_pi_h1,1,0.9991508471628228,0.01809390954659662,0.9991508471628228,0.01809390954659662,False
1428,4581,logT_over_pi_h1,1,0.9991416626461668,0.018164775250563814,0.9991416626461668,0.018164775250563814,False
1429,4581,logT_over_pi_h1,1,0.9991671362754332,0.017793378943307125,0.9991671362754332,0.017793378943307125,False
1430,4581,logT_over_pi_h1,1,0.9991450948121623,0.018099197052830363,0.9991450948121623,0.018099197052830363,False
1431,4581,logT_over_pi_h1,1,0.9991476396781787,0.018078340004409554,0.9991476396781787,0.018078340004409554,False
1432,4581,logT_over_pi_h1,1,0.9991489701398628,0.017820081069798377,0.9991489701398628,0.017820081069798377,False
1433,4581,logT_over_pi_h1,1,0.9991466432321476,0.018009158922173363,0.9991466432321476,0.018009158922173363,False
1434,4581,logT_over_pi_h1,1,0.9991449618876025,0.018004072645386948,0.9991449618876025,0.018004072645386948,False
1435,4581,logT_over_pi_h1,1,0.9991483908397475,0.017981153140362416,0.9991483908397475,0.017981153140362416,False
1436,4581,logT_over_pi_h1,1,0.9991435234566826,0.017987509557870318,0.9991435234566826,0.017987509557870318,False
1437,4581,logT_over_pi_h1,1,0.9991421605298618,0.01809536669304279,0.9991421605298618,0.01809536669304279,False
1438,4581,logT_over_pi_h1,1,0.9991346398905524,0.01785385514565352,0.9991346398905524,0.01785385514565352,False
1439,4581,logT_over_pi_h1,1,0.99915397851724,0.017948830644253455,0.99915397851724,0.017948830644253455,False
1440,4581,logT_over_pi_h1,1,0.9991351746304538,0.018162482694485504,0.9991351746304538,0.018162482694485504,False
1441,4581,logT_over_pi_h1,1,0.9991745999912064,0.017853842991883973,0.9991745999912064,0.017853842991883973,False
1442,4581,logT_over_pi_h1,1,0.9991592457918924,0.01774869797142209,0.9991592457918924,0.01774869797142209,False
1443,4581,logT_over_pi_h1,1,0.9991381963154444,0.017980208381767504,0.9991381963154444,0.017980208381767504,False
1444,4581,logT_over_pi_h1,1,0.9991687854913917,0.017774856714292575,0.9991687854913917,0.017774856714292575,False
1445,4581,logT_over_pi_h1,1,0.9991681445832019,0.017733071267381106,0.9991681445832019,0.017733071267381106,False
1446,4581,logT_over_pi_h1,1,0.9991597647821213,0.01795119952460844,0.9991597647821213,0.01795119952460844,False
1447,4581,logT_over_pi_h1,1,0.9991524047516323,0.017980973182537774,0.9991524047516323,0.017980973182537774,False
1448,4581,logT_over_pi_h1,1,0.9991415922279723,0.018107840854340473,0.9991415922279723,0.018107840854340473,False
1449,4581,logT_over_pi_h1,1,0.9991404171599375,0.018009615938112233,0.9991404171599375,0.018009615938112233,False
1450,4581,logT_over_pi_h1,1,0.9991486279430115,0.017917389535385908,0.9991486279430115,0.017917389535385908,False
1451,4581,logT_over_pi_h1,1,0.9991436590253554,0.018050615901177736,0.9991436590253554,0.018050615901177736,False
1452,4581,logT_over_pi_h1,1,0.9991493704177019,0.01792975921770701,0.9991493704177019,0.01792975921770701,False
1453,4581,logT_over_pi_h1,1,0.9991532024611575,0.017966448600589047,0.9991532024611575,0.017966448600589047,False
1454,4581,logT_over_pi_h1,1,0.9991494259721544,0.01812528006362335,0.9991494259721544,0.01812528006362335,False
1455,4581,logT_over_pi_h1,1,0.999148569464506,0.017916222687966332,0.999148569464506,0.017916222687966332,False
1456,4581,logT_over_pi_h1,1,0.9991539159066909,0.017881383252269067,0.9991539159066909,0.017881383252269067,False
1457,4581,logT_over_pi_h1,1,0.9991509192503057,0.018110425048870837,0.9991509192503057,0.018110425048870837,False
1458,4581,logT_over_pi_h1,1,0.99916017601557,0.017785894880014474,0.99916017601557,0.017785894880014474,False
1459,4581,logT_over_pi_h1,1,0.9991628366281989,0.017868558131680423,0.9991628366281989,0.017868558131680423,False
1460,4581,logT_over_pi_h1,1,0.9991621173155132,0.017729053233686898,0.9991621173155132,0.017729053233686898,False
1461,4581,logT_over_pi_h1,1,0.9991300320481157,0.01811549431599424,0.9991300320481157,0.01811549431599424,False
1462,4581,logT_over_pi_h1,1,0.9991228944538298,0.018310059290522318,0.9991228944538298,0.018310059290522318,False
1463,4581,logT_over_pi_h1,1,0.9991427427541906,0.018081719908785487,0.9991427427541906,0.018081719908785487,False
1464,4581,logT_over_pi_h1,1,0.9991466049308745,0.017932460256716354,0.9991466049308745,0.017932460256716354,False
1465,4581,logT_over_pi_h1,1,0.9991401323811967,0.017924136984733607,0.9991401323811967,0.017924136984733607,False
1466,4581,logT_over_pi_h1,1,0.9991343579902067,0.01820746120289929,0.9991343579902067,0.01820746120289929,False
1467,4581,logT_over_pi_h1,1,0.9991655747361456,0.0179459424706927,0.9991655747361456,0.0179459424706927,False
1468,4581,logT_over_pi_h1,1,0.9991336009863838,0.01809905405545109,0.9991336009863838,0.01809905405545109,False
1469,4581,logT_over_pi_h1,1,0.9991300918954147,0.01803693018171959,0.9991300918954147,0.01803693018171959,False
1470,4581,logT_over_pi_h1,1,0.9991558215642111,0.01796803229888866,0.9991558215642111,0.01796803229888866,False
1471,4581,logT_over_pi_h1,1,0.9991621295580865,0.01795841113705876,0.9991621295580865,0.01795841113705876,False
1472,4581,logT_over_pi_h1,1,0.999158951849651,0.017799725244556086,0.999158951849651,0.017799725244556086,False
1473,4581,logT_over_pi_h1,1,0.9991487043787356,0.017889141944611886,0.9991487043787356,0.017889141944611886,False
1474,4581,logT_over_pi_h1,1,0.9991682408789082,0.017832195558629138,0.9991682408789082,0.017832195558629138,False
1475,4581,logT_over_pi_h1,1,0.9991632151973483,0.017898265823447446,0.9991632151973483,0.017898265823447446,False
1476,4581,logT_over_pi_h1,1,0.9991301419911794,0.018203092711741142,0.9991301419911794,0.018203092711741142,False
1477,4581,logT_over_pi_h1,1,0.9991382478430542,0.018171996598735696,0.9991382478430542,0.018171996598735696,False
1478,4581,logT_over_pi_h1,1,0.9991427534689764,0.018129813137724327,0.9991427534689764,0.018129813137724327,False
1479,4581,logT_over_pi_h1,1,0.999148188150269,0.01806861165058038,0.999148188150269,0.01806861165058038,False
1480,4581,logT_over_pi_h1,1,0.9991683119305625,0.017924693111052825,0.9991683119305625,0.017924693111052825,False
1481,4581,logT_over_pi_h1,1,0.9991351284923337,0.018073070918654288,0.9991351284923337,0.018073070918654288,False
1482,4581,logT_over_pi_h1,1,0.9991515319919488,0.018085330335675387,0.9991515319919488,0.018085330335675387,False
1483,4581,logT_over_pi_h1,1,0.9991548179947037,0.017910426223510356,0.9991548179947037,0.017910426223510356,False
1484,4581,logT_over_pi_h1,1,0.9991547386698365,0.018012884488006975,0.9991547386698365,0.018012884488006975,False
1485,4581,logT_over_pi_h1,1,0.9991447984764885,0.018032194557703107,0.9991447984764885,0.018032194557703107,False
1486,4581,logT_over_pi_h1,1,0.9991464678140751,0.018000976917933897,0.9991464678140751,0.018000976917933897,False
1487,4581,logT_over_pi_h1,1,0.9991452297626428,0.018112810940760227,0.9991452297626428,0.018112810940760227,False
1488,4581,logT_over_pi_h1,1,0.9991539868025471,0.017976902887419044,0.9991539868025471,0.017976902887419044,False
1489,4581,logT_over_pi_h1,1,0.9991508189565897,0.017850897875987037,0.9991508189565897,0.017850897875987037,False
1490,4581,logT_over_pi_h1,1,0.9991663478774476,0.017862010763676217,0.9991663478774476,0.017862010763676217,False
1491,4581,logT_over_pi_h1,1,0.9991441055278139,0.01800568898395749,0.9991441055278139,0.01800568898395749,False
1492,4581,logT_over_pi_h1,1,0.9991611086240995,0.017816782365748907,0.9991611086240995,0.017816782365748907,False
1493,4581,logT_over_pi_h1,1,0.9991443241880684,0.018145780865188144,0.9991443241880684,0.018145780865188144,False
1494,4581,logT_over_pi_h1,1,0.9991414330378143,0.01810751257996923,0.9991414330378143,0.01810751257996923,False
1495,4581,logT_over_pi_h1,1,0.9991530132847466,0.017878907269151867,0.9991530132847466,0.017878907269151867,False
1496,4581,logT_over_pi_h1,1,0.9991521145247968,0.017914451194063652,0.9991521145247968,0.017914451194063652,False
1497,4581,logT_over_pi_h1,1,0.9991499184260335,0.018074215754540823,0.9991499184260335,0.018074215754540823,False
1498,4581,logT_over_pi_h1,1,0.999156322418783,0.017985719837872338,0.999156322418783,0.017985719837872338,False
1499,4581,logT_over_pi_h1,1,0.9991645901271977,0.0178412803080521,0.9991645901271977,0.0178412803080521,False
1500,4581,logT_over_pi_h1,1,0.9991511539848018,0.01786541633852501,0.9991511539848018,0.01786541633852501,False
1501,4581,logT_over_pi_h1,1,0.9991717252433449,0.017831692653870412,0.9991717252433449,0.017831692653870412,False
1502,4581,logT_over_pi_h1,1,0.9991567007649211,0.017921477691793974,0.9991567007649211,0.017921477691793974,False
1503,4581,logT_over_pi_h1,1,0.9991598182844972,0.017952502471244358,0.9991598182844972,0.017952502471244358,False
1504,4581,logT_over_pi_h1,1,0.9991470505899479,0.017843702992605515,0.9991470505899479,0.017843702992605515,False
1505,4581,logT_over_pi_h1,1,0.9991456630629577,0.017941259519800745,0.9991456630629577,0.017941259519800745,False
1506,4581,logT_over_pi_h1,1,0.9991467887960979,0.017935163698057366,0.9991467887960979,0.017935163698057366,False
1507,4581,logT_over_pi_h1,1,0.9991593284361955,0.018024062978944322,0.9991593284361955,0.018024062978944322,False
1508,4581,logT_over_pi_h1,1,0.9991824748285899,0.01763436713779054,0.9991824748285899,0.01763436713779054,False
1509,4581,logT_over_pi_h1,1,0.9991717517086919,0.017677653093421952,0.9991717517086919,0.017677653093421952,False
1510,4581,logT_over_pi_h1,1,0.9991526849879967,0.01792322002612412,0.9991526849879967,0.01792322002612412,False
1511,4581,logT_over_pi_h1,1,0.9991557524912478,0.017938053325328163,0.9991557524912478,0.017938053325328163,False
1512,4581,logT_over_pi_h1,1,0.9991496124067327,0.018138751324104696,0.9991496124067327,0.018138751324104696,False
1513,4581,logT_over_pi_h1,1,0.9991318440607716,0.018231067262677314,0.9991318440607716,0.018231067262677314,False
1514,4581,logT_over_pi_h1,1,0.9991621405390761,0.017956268095145056,0.9991621405390761,0.017956268095145056,False
1515,4581,logT_over_pi_h1,1,0.9991709383031654,0.017686116621846715,0.9991709383031654,0.017686116621846715,False
1516,4581,logT_over_pi_h1,1,0.9991621822701766,0.01787768343603169,0.9991621822701766,0.01787768343603169,False
1517,4581,logT_over_pi_h1,1,0.9991670598238088,0.01786699211866072,0.9991670598238088,0.01786699211866072,False
1518,4581,logT_over_pi_h1,1,0.9991476679047792,0.018051446417885586,0.9991476679047792,0.018051446417885586,False
1519,4581,logT_over_pi_h1,1,0.9991487737394504,0.017825618630870288,0.9991487737394504,0.017825618630870288,False
1520,4581,logT_over_pi_h1,1,0.9991524763586647,0.018005756494408942,0.9991524763586647,0.018005756494408942,False
1521,4581,logT_over_pi_h1,1,0.9991616546432468,0.017984741648253255,0.9991616546432468,0.017984741648253255,False
1522,4581,logT_over_pi_h1,1,0.9991403026316942,0.018076225341927987,0.9991403026316942,0.018076225341927987,False
1523,4581,logT_over_pi_h1,1,0.9991544494054512,0.01795186226838652,0.9991544494054512,0.01795186226838652,False
1524,4581,logT_over_pi_h1,1,0.9991287331594887,0.01802764210395047,0.9991287331594887,0.01802764210395047,False
1525,4581,logT_over_pi_h1,1,0.9991426462812264,0.018050553965803573,0.9991426462812264,0.018050553965803573,False
1526,4581,logT_over_pi_h1,1,0.9991494281840212,0.018095228630140348,0.9991494281840212,0.018095228630140348,False
1527,4581,logT_over_pi_h1,1,0.9991376222091196,0.018103529916094985,0.9991376222091196,0.018103529916094985,False
1528,4581,logT_over_pi_h1,1,0.9991498244812237,0.017929865233851316,0.9991498244812237,0.017929865233851316,False
1529,4581,logT_over_pi_h1,1,0.9991557303390419,0.01789828283201711,0.9991557303390419,0.01789828283201711,False
1530,4581,logT_over_pi_h1,1,0.9991401674029046,0.01818329676812258,0.9991401674029046,0.01818329676812258,False
1531,4581,logT_over_pi_h1,1,0.999157969647079,0.01794408221694077,0.999157969647079,0.01794408221694077,False
1532,4581,logT_over_pi_h1,1,0.9991338068134036,0.01814231780726505,0.9991338068134036,0.01814231780726505,False
1533,4581,logT_over_pi_h1,1,0.9991399346758324,0.017969299781352532,0.9991399346758324,0.017969299781352532,False
1534,4581,logT_over_pi_h1,1,0.9991335858890024,0.01819998658287414,0.9991335858890024,0.01819998658287414,False
1535,4581,logT_over_pi_h1,1,0.9991476489973652,0.018058528376280414,0.9991476489973652,0.018058528376280414,False
1536,4581,logT_over_pi_h1,1,0.9991463954000905,0.01801086834505128,0.9991463954000905,0.01801086834505128,False
1537,4581,logT_over_pi_h1,1,0.9991159296288774,0.01794487451514648,0.9991159296288774,0.01794487451514648,False
1538,4581,logT_over_pi_h1,1,0.9991542151858628,0.01806078012182777,0.9991542151858628,0.01806078012182777,False
1539,4581,logT_over_pi_h1,1,0.9991628095046696,0.01788836095699864,0.9991628095046696,0.01788836095699864,False
1540,4581,logT_over_pi_h1,1,0.9991556776908682,0.017914055958500263,0.9991556776908682,0.017914055958500263,False
1541,4581,logT_over_pi_h1,1,0.9991447662006785,0.018060200699249407,0.9991447662006785,0.018060200699249407,False
1542,4581,logT_over_pi_h1,1,0.9991658484442711,0.017943659207644735,0.9991658484442711,0.017943659207644735,False
1543,4581,logT_over_pi_h1,1,0.9991553250097387,0.01779929438425487,0.9991553250097387,0.01779929438425487,False
1544,4581,logT_over_pi_h1,1,0.9991517707116832,0.017753345899000905,0.9991517707116832,0.017753345899000905,False
1545,4581,logT_over_pi_h1,1,0.9991542186970487,0.017958778732677594,0.9991542186970487,0.017958778732677594,False
1546,4581,logT_over_pi_h1,1,0.9991380054080202,0.018151749056359634,0.9991380054080202,0.018151749056359634,False
1547,4581,logT_over_pi_h1,1,0.9991649239629675,0.01790008134034249,0.9991649239629675,0.01790008134034249,False
1548,4581,logT_over_pi_h1,1,0.9991275929050624,0.018242626631943537,0.9991275929050624,0.018242626631943537,False
1549,4581,logT_over_pi_h1,1,0.9991317360400853,0.018230685283867842,0.9991317360400853,0.018230685283867842,False
1550,4581,logT_over_pi_h1,1,0.9991363960495158,0.0180724951184148,0.9991363960495158,0.0180724951184148,False
1551,4581,logT_over_pi_h1,1,0.9991493895446423,0.018026490260475647,0.9991493895446423,0.018026490260475647,False
1552,4581,logT_over_pi_h1,1,0.9991530441714432,0.01789789680197984,0.9991530441714432,0.01789789680197984,False
1553,4581,logT_over_pi_h1,1,0.9991360572799354,0.017990568787399575,0.9991360572799354,0.017990568787399575,False
1554,4581,logT_over_pi_h1,1,0.9991318092208462,0.018024464136554563,0.9991318092208462,0.018024464136554563,False
1555,4581,logT_over_pi_h1,1,0.9991374499026942,0.01817290665580007,0.9991374499026942,0.01817290665580007,False
1556,4581,logT_over_pi_h1,1,0.9991576080466615,0.017916140972034533,0.9991576080466615,0.017916140972034533,False
1557,4581,logT_over_pi_h1,1,0.9991565817256637,0.01802595799823159,0.9991565817256637,0.01802595799823159,False
1558,4581,logT_over_pi_h1,1,0.9991503507805528,0.017971702111353238,0.9991503507805528,0.017971702111353238,False
1559,4581,logT_over_pi_h1,1,0.9991540071973082,0.01790416113547888,0.9991540071973082,0.01790416113547888,False
1560,4581,logT_over_pi_h1,1,0.9991617535914554,0.017807122211282334,0.9991617535914554,0.017807122211282334,False
1561,4581,logT_over_pi_h1,1,0.9991585084955362,0.01793854653531657,0.9991585084955362,0.01793854653531657,False
1562,4581,logT_over_pi_h1,1,0.9991495027297832,0.018006487485248357,0.9991495027297832,0.018006487485248357,False
1563,4581,logT_over_pi_h1,1,0.9991659537149489,0.01787281931041118,0.9991659537149489,0.01787281931041118,False
1564,4581,logT_over_pi_h1,1,0.9991454808405493,0.01800989221049587,0.9991454808405493,0.01800989221049587,False
1565,4581,logT_over_pi_h1,1,0.9991257336497433,0.017989360322122394,0.9991257336497433,0.017989360322122394,False
1566,4581,logT_over_pi_h1,1,0.9991563613198566,0.018031923609643563,0.9991563613198566,0.018031923609643563,False
1567,4581,logT_over_pi_h1,1,0.9991560264447508,0.0178772549462467,0.9991560264447508,0.0178772549462467,False
1568,4581,logT_over_pi_h1,1,0.9991471577800141,0.01791060288042079,0.9991471577800141,0.01791060288042079,False
1569,4581,logT_over_pi_h1,1,0.9991494364615562,0.018095857106211533,0.9991494364615562,0.018095857106211533,False
1570,4581,logT_over_pi_h1,1,0.9991630856032038,0.017805056261066987,0.9991630856032038,0.017805056261066987,False
1571,4581,logT_over_pi_h1,1,0.9991552731356442,0.017901754951673787,0.9991552731356442,0.017901754951673787,False
1572,4581,logT_over_pi_h1,1,0.9991425249595892,0.018082310167508275,0.9991425249595892,0.018082310167508275,False
1573,4581,logT_over_pi_h1,1,0.9991441141325532,0.01801385056858429,0.9991441141325532,0.01801385056858429,False
1574,4581,logT_over_pi_h1,1,0.9991589245417571,0.017954708750544945,0.9991589245417571,0.017954708750544945,False
1575,4581,logT_over_pi_h1,1,0.999142447115898,0.01803595595097285,0.999142447115898,0.01803595595097285,False
1576,4581,logT_over_pi_h1,1,0.9991425344874959,0.0179971878116012,0.9991425344874959,0.0179971878116012,False
1577,4581,logT_over_pi_h1,1,0.9991585538386931,0.01791261463558058,0.9991585538386931,0.01791261463558058,False
1578,4581,logT_over_pi_h1,1,0.9991517534766569,0.017892872523178838,0.9991517534766569,0.017892872523178838,False
1579,4581,logT_over_pi_h1,1,0.9991333994883947,0.018208378432682082,0.9991333994883947,0.018208378432682082,False
1580,4581,logT_over_pi_h1,1,0.999165101633901,0.017846734802335895,0.999165101633901,0.017846734802335895,False
1581,4581,logT_over_pi_h1,1,0.9991497802964459,0.017827742750661457,0.9991497802964459,0.017827742750661457,False
1582,4581,logT_over_pi_h1,1,0.9991537011646602,0.017784672479439934,0.9991537011646602,0.017784672479439934,False
1583,4581,logT_over_pi_h1,1,0.9991570869614227,0.01791159998941616,0.9991570869614227,0.01791159998941616,False
1584,4581,logT_over_pi_h1,1,0.9991578952967262,0.017952582909930292,0.9991578952967262,0.017952582909930292,False
1585,4581,logT_over_pi_h1,1,0.9991671122266047,0.017599368619198863,0.9991671122266047,0.017599368619198863,False
1586,4581,logT_over_pi_h1,1,0.9991536695591083,0.01790284510728135,0.9991536695591083,0.01790284510728135,False
1587,4581,logT_over_pi_h1,1,0.9991672264465271,0.017764729338359153,0.9991672264465271,0.017764729338359153,False
1588,4581,logT_over_pi_h1,1,0.9991575861547619,0.01803741122567093,0.9991575861547619,0.01803741122567093,False
1589,4581,logT_over_pi_h1,1,0.9991576811839519,0.017868136851451943,0.9991576811839519,0.017868136851451943,False
1590,4581,logT_over_pi_h1,1,0.9991484566673492,0.01800018065604103,0.9991484566673492,0.01800018065604103,False
1591,4581,logT_over_pi_h1,1,0.9991422723693439,0.01802244170196321,0.9991422723693439,0.01802244170196321,False
1592,4581,logT_over_pi_h1,1,0.9991575075110944,0.017829647286887962,0.9991575075110944,0.017829647286887962,False
1593,4581,logT_over_pi_h1,1,0.9991407527302587,0.017894759702788754,0.9991407527302587,0.017894759702788754,False
1594,4581,logT_over_pi_h1,1,0.9991379108429427,0.018105138644046725,0.9991379108429427,0.018105138644046725,False
1595,4581,logT_over_pi_h1,1,0.9991473173840516,0.01804743899157213,0.9991473173840516,0.01804743899157213,False
1596,4581,logT_over_pi_h1,1,0.9991453740474542,0.01808014906162647,0.9991453740474542,0.01808014906162647,False
1597,4581,logT_over_pi_h1,1,0.9991406791245396,0.017945580087882718,0.9991406791245396,0.017945580087882718,False
1598,4581,logT_over_pi_h1,1,0.9991464358668855,0.017960429076566697,0.9991464358668855,0.017960429076566697,False
1599,4581,logT_over_pi_h1,1,0.999140534656781,0.018062339481887513,0.999140534656781,0.018062339481887513,False
1600,4581,logT_over_pi_h1,1,0.9991541251322081,0.017986058564958718,0.9991541251322081,0.017986058564958718,False
1601,4581,logT_over_pi_h1,1,0.9991332998113175,0.018122547712003723,0.9991332998113175,0.018122547712003723,False
1602,4581,logT_over_pi_h1,1,0.9991455558150525,0.01804093009940999,0.9991455558150525,0.01804093009940999,False
1603,4581,logT_over_pi_h1,1,0.9991588233717772,0.017947861610869253,0.9991588233717772,0.017947861610869253,False
1604,4581,logT_over_pi_h1,1,0.999148583038881,0.018022288656066365,0.999148583038881,0.018022288656066365,False
1605,4581,logT_over_pi_h1,1,0.9991672722080898,0.017705028375443632,0.9991672722080898,0.017705028375443632,False
1606,4581,logT_over_pi_h1,1,0.9991567352938753,0.017842095216048293,0.9991567352938753,0.017842095216048293,False
1607,4581,logT_over_pi_h1,1,0.9991522816125664,0.01800108360340591,0.9991522816125664,0.01800108360340591,False
1608,4581,logT_over_pi_h1,1,0.99914633433549,0.01802566203379019,0.99914633433549,0.01802566203379019,False
1609,4581,logT_over_pi_h1,1,0.9991497523725338,0.018019258436268615,0.9991497523725338,0.018019258436268615,False
1610,4581,logT_over_pi_h1,1,0.9991481205832508,0.01804632486407609,0.9991481205832508,0.01804632486407609,False
1611,4581,logT_over_pi_h1,1,0.9991310234049081,0.01813869401891921,0.9991310234049081,0.01813869401891921,False
1612,4581,logT_over_pi_h1,1,0.9991866207416541,0.017675097975597076,0.9991866207416541,0.017675097975597076,False
1613,4581,logT_over_pi_h1,1,0.999139989659908,0.017900743515679274,0.999139989659908,0.017900743515679274,False
1614,4581,logT_over_pi_h1,1,0.9991478294028778,0.017991718493095554,0.9991478294028778,0.017991718493095554,False
1615,4581,logT_over_pi_h1,1,0.9991594149856087,0.01785101337174133,0.9991594149856087,0.01785101337174133,False
1616,4581,logT_over_pi_h1,1,0.9991633868327355,0.017814477665445416,0.9991633868327355,0.017814477665445416,False
1617,4581,logT_over_pi_h1,1,0.9991698582197518,0.01789588930851771,0.9991698582197518,0.01789588930851771,False
1618,4581,logT_over_pi_h1,1,0.9991409022662331,0.018144751587942487,0.9991409022662331,0.018144751587942487,False
1619,4581,logT_over_pi_h1,1,0.9991693239463935,0.017796967214761317,0.9991693239463935,0.017796967214761317,False
1620,4581,logT_over_pi_h1,1,0.9991490292078355,0.018054638643700827,0.9991490292078355,0.018054638643700827,False
1621,4581,logT_over_pi_h1,1,0.9991451137596294,0.018065366930756888,0.9991451137596294,0.018065366930756888,False
1622,4581,logT_over_pi_h1,1,0.9991414725942103,0.01819476834409084,0.9991414725942103,0.01819476834409084,False
1623,4581,logT_over_pi_h1,1,0.9991396137990419,0.017962683870363705,0.9991396137990419,0.017962683870363705,False
1624,4581,logT_over_pi_h1,1,0.999155139615314,0.01800686086114034,0.999155139615314,0.01800686086114034,False
1625,4581,logT_over_pi_h1,1,0.9991489659994565,0.01801729376961614,0.9991489659994565,0.01801729376961614,False
1626,4581,logT_over_pi_h1,1,0.9991530148902106,0.017955589412630424,0.9991530148902106,0.017955589412630424,False
1627,4581,logT_over_pi_h1,1,0.9991480288780262,0.018125348370189087,0.9991480288780262,0.018125348370189087,False
1628,4581,logT_over_pi_h1,1,0.9991631107692618,0.01790003329995926,0.9991631107692618,0.01790003329995926,False
1629,4581,logT_over_pi_h1,1,0.9991145905090812,0.018244383950673182,0.9991145905090812,0.018244383950673182,False
1630,4581,logT_over_pi_h1,1,0.9991546191610098,0.017967991607749312,0.9991546191610098,0.017967991607749312,False
1631,4581,logT_over_pi_h1,1,0.9991580398294259,0.017793741086036263,0.9991580398294259,0.017793741086036263,False
1632,4581,logT_over_pi_h1,1,0.9991431623513347,0.018019036524886012,0.9991431623513347,0.018019036524886012,False
1633,4581,logT_over_pi_h1,1,0.9991362411044807,0.01794278850039266,0.9991362411044807,0.01794278850039266,False
1634,4581,logT_over_pi_h1,1,0.9991517585753502,0.01804226687017696,0.9991517585753502,0.01804226687017696,False
1635,4581,logT_over_pi_h1,1,0.999161592691132,0.017845015509533546,0.999161592691132,0.017845015509533546,False
1636,4581,logT_over_pi_h1,1,0.999167258517111,0.01777376905837791,0.999167258517111,0.01777376905837791,False
1637,4581,logT_over_pi_h1,1,0.9991527218671767,0.017884216426951483,0.9991527218671767,0.017884216426951483,False
1638,4581,logT_over_pi_h1,1,0.9991542075599341,0.01782452938382928,0.9991542075599341,0.01782452938382928,False
1639,4581,logT_over_pi_h1,1,0.999151721279465,0.017884350542196614,0.999151721279465,0.017884350542196614,False
1640,4581,logT_over_pi_h1,1,0.9991606614682957,0.017743204739934626,0.9991606614682957,0.017743204739934626,False
1641,4581,logT_over_pi_h1,1,0.9991470820908874,0.018100122510916528,0.9991470820908874,0.018100122510916528,False
1642,4581,logT_over_pi_h1,1,0.9991532508617587,0.01787802525833282,0.9991532508617587,0.01787802525833282,False
1643,4581,logT_over_pi_h1,1,0.9991668486635245,0.017905469452863088,0.9991668486635245,0.017905469452863088,False
1644,4581,logT_over_pi_h1,1,0.9991565784764448,0.018017744945556302,0.9991565784764448,0.018017744945556302,False
1645,4581,logT_over_pi_h1,1,0.9991391989026962,0.01797329745722731,0.9991391989026962,0.01797329745722731,False
1646,4581,logT_over_pi_h1,1,0.9991548271191619,0.017998332275863227,0.9991548271191619,0.017998332275863227,False
1647,4581,logT_over_pi_h1,1,0.9991498295459655,0.01796430145256256,0.9991498295459655,0.01796430145256256,False
1648,4581,logT_over_pi_h1,1,0.9991513051379562,0.01800775125722165,0.9991513051379562,0.01800775125722165,False
1649,4581,logT_over_pi_h1,1,0.9991484390135223,0.018069880918097248,0.9991484390135223,0.018069880918097248,False
1650,4581,logT_over_pi_h1,1,0.9991429441183342,0.017996029467381547,0.9991429441183342,0.017996029467381547,False
1651,4581,logT_over_pi_h1,1,0.999157534858037,0.018016372154815663,0.999157534858037,0.018016372154815663,False
1652,4581,logT_over_pi_h1,1,0.9991623590557417,0.017823643805843226,0.9991623590557417,0.017823643805843226,False
1653,4581,logT_over_pi_h1,1,0.9991314465852681,0.018216130884326276,0.9991314465852681,0.018216130884326276,False
1654,4581,logT_over_pi_h1,1,0.9991453766882323,0.017848858498740405,0.9991453766882323,0.017848858498740405,False
1655,4581,logT_over_pi_h1,1,0.9991359342924654,0.018123994960156153,0.9991359342924654,0.018123994960156153,False
1656,4581,logT_over_pi_h1,1,0.9991671654463329,0.017916358479250327,0.9991671654463329,0.017916358479250327,False
1657,4581,logT_over_pi_h1,1,0.9991470519599537,0.01803666522423608,0.9991470519599537,0.01803666522423608,False
1658,4581,logT_over_pi_h1,1,0.9991405913106862,0.018000777629772813,0.9991405913106862,0.018000777629772813,False
1659,4581,logT_over_pi_h1,1,0.9991447836012282,0.01804352644578877,0.9991447836012282,0.01804352644578877,False
1660,4581,logT_over_pi_h1,1,0.9991442420392309,0.01806405862075966,0.9991442420392309,0.01806405862075966,False
1661,4581,logT_over_pi_h1,1,0.9991635931920508,0.017856719862692216,0.9991635931920508,0.017856719862692216,False
1662,4581,logT_over_pi_h1,1,0.9991441484277755,0.018200463908753406,0.9991441484277755,0.018200463908753406,False
1663,4581,logT_over_pi_h1,1,0.9991330373108847,0.01819724784861254,0.9991330373108847,0.01819724784861254,False
1664,4581,logT_over_pi_h1,1,0.9991495099404689,0.01810432484606128,0.9991495099404689,0.01810432484606128,False
1665,4581,logT_over_pi_h1,1,0.9991539232161031,0.017832158676588605,0.9991539232161031,0.017832158676588605,False
1666,4581,logT_over_pi_h1,1,0.9991377801499881,0.017984766191998958,0.9991377801499881,0.017984766191998958,False
1667,4581,logT_over_pi_h1,1,0.9991638170687956,0.017783910454499896,0.9991638170687956,0.017783910454499896,False
1668,4581,logT_over_pi_h1,1,0.9991646147762691,0.017778112585417283,0.9991646147762691,0.017778112585417283,False
1669,4581,logT_over_pi_h1,1,0.9991339284863757,0.018049110283643977,0.9991339284863757,0.018049110283643977,False
1670,4581,logT_over_pi_h1,1,0.9991548110010351,0.017896192192363714,0.9991548110010351,0.017896192192363714,False
1671,4581,logT_over_pi_h1,1,0.9991594307216298,0.01795657466912992,0.9991594307216298,0.01795657466912992,False
1672,4581,logT_over_pi_h1,1,0.9991516575028097,0.018111514274049334,0.9991516575028097,0.018111514274049334,False
1673,4581,logT_over_pi_h1,1,0.9991546525528966,0.018062530760941442,0.9991546525528966,0.018062530760941442,False
1674,4581,logT_over_pi_h1,1,0.9991538834838928,0.017896708046092336,0.9991538834838928,0.017896708046092336,False
1675,4581,logT_over_pi_h1,1,0.9991542136367739,0.01802102146867046,0.9991542136367739,0.01802102146867046,False
1676,4581,logT_over_pi_h1,1,0.9991455203406305,0.018028368772420755,0.9991455203406305,0.018028368772420755,False
1677,4581,logT_over_pi_h1,1,0.9991290012074605,0.018146414505925357,0.9991290012074605,0.018146414505925357,False
1678,4581,logT_over_pi_h1,1,0.9991705149989908,0.01789315277150827,0.9991705149989908,0.01789315277150827,False
1679,4581,logT_over_pi_h1,1,0.9991570109959931,0.017945732348743526,0.9991570109959931,0.017945732348743526,False
1680,4581,logT_over_pi_h1,1,0.9991279958965703,0.018118459874149728,0.9991279958965703,0.018118459874149728,False
1681,4581,logT_over_pi_h1,1,0.9991453970048271,0.017997021124051216,0.9991453970048271,0.017997021124051216,False
1682,4581,logT_over_pi_h1,1,0.9991246228169592,0.018266342137724934,0.9991246228169592,0.018266342137724934,False
1683,4581,logT_over_pi_h1,1,0.9991392354026594,0.018029591832038783,0.9991392354026594,0.018029591832038783,False
1684,4581,logT_over_pi_h1,1,0.9991465721055973,0.01803444071596516,0.9991465721055973,0.01803444071596516,False
1685,4581,logT_over_pi_h1,1,0.9991433526977045,0.0178850759621465,0.9991433526977045,0.0178850759621465,False
1686,4581,logT_over_pi_h1,1,0.9991290998872397,0.017918621273559587,0.9991290998872397,0.017918621273559587,False
1687,4581,logT_over_pi_h1,1,0.9991572410237926,0.018004323712762726,0.9991572410237926,0.018004323712762726,False
1688,4581,logT_over_pi_h1,1,0.9991651528677155,0.017908087013850604,0.9991651528677155,0.017908087013850604,False
1689,4581,logT_over_pi_h1,1,0.9991727520762955,0.0177515301025446,0.9991727520762955,0.0177515301025446,False
1690,4581,logT_over_pi_h1,1,0.9991595641653822,0.017904354768290887,0.9991595641653822,0.017904354768290887,False
1691,4581,logT_over_pi_h1,1,0.9991416638524313,0.018071447911736094,0.9991416638524313,0.018071447911736094,False
1692,4581,logT_over_pi_h1,1,0.9991498098376383,0.017950485065748367,0.9991498098376383,0.017950485065748367,False
1693,4581,logT_over_pi_h1,1,0.9991482790261588,0.01811695662439572,0.9991482790261588,0.01811695662439572,False
1694,4581,logT_over_pi_h1,1,0.9991386104784981,0.01814813441734131,0.9991386104784981,0.01814813441734131,False
1695,4581,logT_over_pi_h1,1,0.9991222163258388,0.01820694796528155,0.9991222163258388,0.01820694796528155,False
1696,4581,logT_over_pi_h1,1,0.9991375761913811,0.018004146792880427,0.9991375761913811,0.018004146792880427,False
1697,4581,logT_over_pi_h1,1,0.9991585482533641,0.017879800243147947,0.9991585482533641,0.017879800243147947,False
1698,4581,logT_over_pi_h1,1,0.9991668344452825,0.017888420960849416,0.9991668344452825,0.017888420960849416,False
1699,4581,logT_over_pi_h1,1,0.9991571005299617,0.017897770138933566,0.9991571005299617,0.017897770138933566,False
1700,4581,logT_over_pi_h1,1,0.9991563756785563,0.017929963644182756,0.9991563756785563,0.017929963644182756,False
1701,4581,logT_over_pi_h1,1,0.9991365832900623,0.0181000415995225,0.9991365832900623,0.0181000415995225,False
1702,4581,logT_over_pi_h1,1,0.9991508408674364,0.01803216924178841,0.9991508408674364,0.01803216924178841,False
1703,4581,logT_over_pi_h1,1,0.999140877415553,0.018096709721102222,0.999140877415553,0.018096709721102222,False
1704,4581,logT_over_pi_h1,1,0.9991545220099419,0.01772166714732304,0.9991545220099419,0.01772166714732304,False
1705,4581,logT_over_pi_h1,1,0.999148036176288,0.017993928256006875,0.999148036176288,0.017993928256006875,False
1706,4581,logT_over_pi_h1,1,0.9991513043000637,0.01797942903499905,0.9991513043000637,0.01797942903499905,False
1707,4581,logT_over_pi_h1,1,0.9991645464019998,0.017949432769319706,0.9991645464019998,0.017949432769319706,False
1708,4581,logT_over_pi_h1,1,0.9991306253652867,0.018186526782624668,0.9991306253652867,0.018186526782624668,False
1709,4581,logT_over_pi_h1,1,0.9991559437156888,0.018019265391362893,0.9991559437156888,0.018019265391362893,False
1710,4581,logT_over_pi_h1,1,0.9991563506670342,0.01798968590204364,0.9991563506670342,0.01798968590204364,False
1711,4581,logT_over_pi_h1,1,0.9991472087322207,0.018096033069389783,0.9991472087322207,0.018096033069389783,False
1712,4581,logT_over_pi_h1,1,0.9991547542063347,0.017944186668845674,0.9991547542063347,0.017944186668845674,False
1713,4581,logT_over_pi_h1,1,0.999149233489877,0.018028864063986738,0.999149233489877,0.018028864063986738,False
1714,4581,logT_over_pi_h1,1,0.9991515767022661,0.017810224066608704,0.9991515767022661,0.017810224066608704,False
1715,4581,logT_over_pi_h1,1,0.9991474230563527,0.01802591236392015,0.9991474230563527,0.01802591236392015,False
1716,4581,logT_over_pi_h1,1,0.9991503228935172,0.017834415981360152,0.9991503228935172,0.017834415981360152,False
1717,4581,logT_over_pi_h1,1,0.9991634794473309,0.017830152430857282,0.9991634794473309,0.017830152430857282,False
1718,4581,logT_over_pi_h1,1,0.999140680901001,0.0181552024952909,0.999140680901001,0.0181552024952909,False
1719,4581,logT_over_pi_h1,1,0.9991671343763892,0.01785454736935943,0.9991671343763892,0.01785454736935943,False
1720,4581,logT_over_pi_h1,1,0.999148548042535,0.018030244713274968,0.999148548042535,0.018030244713274968,False
1721,4581,logT_over_pi_h1,1,0.9991407308776206,0.018065574231716397,0.9991407308776206,0.018065574231716397,False
1722,4581,logT_over_pi_h1,1,0.999156013276876,0.017883892832420756,0.999156013276876,0.017883892832420756,False
1723,4581,logT_over_pi_h1,1,0.999135221746126,0.018192683454206104,0.999135221746126,0.018192683454206104,False
1724,4581,logT_over_pi_h1,1,0.9991449970319228,0.018075015698545194,0.9991449970319228,0.018075015698545194,False
1725,4581,logT_over_pi_h1,1,0.999138146431705,0.018014291795217297,0.999138146431705,0.018014291795217297,False
1726,4581,logT_over_pi_h1,1,0.999152474040903,0.01797806088568077,0.999152474040903,0.01797806088568077,False
1727,4581,logT_over_pi_h1,1,0.9991457196801167,0.018035096044968668,0.9991457196801167,0.018035096044968668,False
1728,4581,logT_over_pi_h1,1,0.9991448320103049,0.017941580917517186,0.9991448320103049,0.017941580917517186,False
1729,4581,logT_over_pi_h1,1,0.9991578251266292,0.01802127458320424,0.9991578251266292,0.01802127458320424,False
1730,4581,logT_over_pi_h1,1,0.9991511819592749,0.01784050339841503,0.9991511819592749,0.01784050339841503,False
1731,4581,logT_over_pi_h1,1,0.999159910449448,0.01799892347576293,0.999159910449448,0.01799892347576293,False
1732,4581,logT_over_pi_h1,1,0.9991394048843598,0.018168530264536464,0.9991394048843598,0.018168530264536464,False
1733,4581,logT_over_pi_h1,1,0.999156626074779,0.017909947775009094,0.999156626074779,0.017909947775009094,False
1734,4581,logT_over_pi_h1,1,0.9991320235868112,0.017980174579967922,0.9991320235868112,0.017980174579967922,False
1735,4581,logT_over_pi_h1,1,0.9991579147798026,0.017884040206940455,0.9991579147798026,0.017884040206940455,False
1736,4581,logT_over_pi_h1,1,0.9991572344469482,0.018000407062680246,0.9991572344469482,0.018000407062680246,False
1737,4581,logT_over_pi_h1,1,0.9991469544782328,0.01799990234835569,0.9991469544782328,0.01799990234835569,False
1738,4581,logT_over_pi_h1,1,0.9991415416294471,0.01802033250077617,0.9991415416294471,0.01802033250077617,False
1739,4581,logT_over_pi_h1,1,0.9991554329750876,0.017847831241271095,0.9991554329750876,0.017847831241271095,False
1740,4581,logT_over_pi_h1,1,0.9991636223481821,0.01789493341981352,0.9991636223481821,0.01789493341981352,False
1741,4581,logT_over_pi_h1,1,0.999158901539438,0.018009155274394395,0.999158901539438,0.018009155274394395,False
1742,4581,logT_over_pi_h1,1,0.9991498428642468,0.01805758195534768,0.9991498428642468,0.01805758195534768,False
1743,4581,logT_over_pi_h1,1,0.9991591754784191,0.018002196931071524,0.9991591754784191,0.018002196931071524,False
1744,4581,logT_over_pi_h1,1,0.9991408253024948,0.018116229266365025,0.9991408253024948,0.018116229266365025,False
1745,4581,logT_over_pi_h1,1,0.9991645587595461,0.017875134544903304,0.9991645587595461,0.017875134544903304,False
1746,4581,logT_over_pi_h1,1,0.9991644658146652,0.017847032086324432,0.9991644658146652,0.017847032086324432,False
1747,4581,logT_over_pi_h1,1,0.9991185091153314,0.018129094032000914,0.9991185091153314,0.018129094032000914,False
1748,4581,logT_over_pi_h1,1,0.9991534056914825,0.01793244818718076,0.9991534056914825,0.01793244818718076,False
1749,4581,logT_over_pi_h1,1,0.9991467888112131,0.01794006581556662,0.9991467888112131,0.01794006581556662,False
1750,4581,logT_over_pi_h1,1,0.9991361687775324,0.018094666978367258,0.9991361687775324,0.018094666978367258,False
1751,4581,logT_over_pi_h1,1,0.9991490476354192,0.018022742426159866,0.9991490476354192,0.018022742426159866,False
1752,4581,logT_over_pi_h1,1,0.9991617728851111,0.017886317973858645,0.9991617728851111,0.017886317973858645,False
1753,4581,logT_over_pi_h1,1,0.9991472761590918,0.017883269192260798,0.9991472761590918,0.017883269192260798,False
1754,4581,logT_over_pi_h1,1,0.9991326648360753,0.01801826412381491,0.9991326648360753,0.01801826412381491,False
1755,4581,logT_over_pi_h1,1,0.9991567778135744,0.01800208436425077,0.9991567778135744,0.01800208436425077,False
1756,4581,logT_over_pi_h1,1,0.9991541727135815,0.017935977436870587,0.9991541727135815,0.017935977436870587,False
1757,4581,logT_over_pi_h1,1,0.9991563127068038,0.01805837705996094,0.9991563127068038,0.01805837705996094,False
1758,4581,logT_over_pi_h1,1,0.9991445426133053,0.01807838380686455,0.9991445426133053,0.01807838380686455,False
1759,4581,logT_over_pi_h1,1,0.9991436860400884,0.01807690364090142,0.9991436860400884,0.01807690364090142,False
1760,4581,logT_over_pi_h1,1,0.9991541287939409,0.01799321337980153,0.9991541287939409,0.01799321337980153,False
1761,4581,logT_over_pi_h1,1,0.9991630112653457,0.017813154515936347,0.9991630112653457,0.017813154515936347,False
1762,4581,logT_over_pi_h1,1,0.9991525431687986,0.01802840564578201,0.9991525431687986,0.01802840564578201,False
1763,4581,logT_over_pi_h1,1,0.9991485464797807,0.018134268742871384,0.9991485464797807,0.018134268742871384,False
1764,4581,logT_over_pi_h1,1,0.9991517582968793,0.017930781725039147,0.9991517582968793,0.017930781725039147,False
1765,4581,logT_over_pi_h1,1,0.9991449258874614,0.01799476625090346,0.9991449258874614,0.01799476625090346,False
1766,4581,logT_over_pi_h1,1,0.9991653558365018,0.017796382481997775,0.9991653558365018,0.017796382481997775,False
1767,4581,logT_over_pi_h1,1,0.9991555181725162,0.017890401240242326,0.9991555181725162,0.017890401240242326,False
1768,4581,logT_over_pi_h1,1,0.9991472493936472,0.017963760570426146,0.9991472493936472,0.017963760570426146,False
1769,4581,logT_over_pi_h1,1,0.999144124240747,0.018066652451091514,0.999144124240747,0.018066652451091514,False
1770,4581,logT_over_pi_h1,1,0.9991622837962466,0.017927208797936522,0.9991622837962466,0.017927208797936522,False
1771,4581,logT_over_pi_h1,1,0.9991475937830204,0.018168357806862545,0.9991475937830204,0.018168357806862545,False
1772,4581,logT_over_pi_h1,1,0.9991613111942699,0.017974921489365414,0.9991613111942699,0.017974921489365414,False
1773,4581,logT_over_pi_h1,1,0.999146454605683,0.017999279590784845,0.999146454605683,0.017999279590784845,False
1774,4581,logT_over_pi_h1,1,0.9991390614409498,0.018127175869730117,0.9991390614409498,0.018127175869730117,False
1775,4581,logT_over_pi_h1,1,0.9991481068141191,0.018128515221270014,0.9991481068141191,0.018128515221270014,False
1776,4581,logT_over_pi_h1,1,0.9991743708115544,0.017879877322827475,0.9991743708115544,0.017879877322827475,False
1777,4581,logT_over_pi_h1,1,0.9991470975200486,0.017950300071781555,0.9991470975200486,0.017950300071781555,False
1778,4581,logT_over_pi_h1,1,0.9991468563365764,0.018000880497962335,0.9991468563365764,0.018000880497962335,False
1779,4581,logT_over_pi_h1,1,0.999137045590382,0.0181479002672571,0.999137045590382,0.0181479002672571,False
1780,4581,logT_over_pi_h1,1,0.999163953210709,0.01781285842781344,0.999163953210709,0.01781285842781344,False
1781,4581,logT_over_pi_h1,1,0.9991483196285654,0.01785710136525065,0.9991483196285654,0.01785710136525065,False
1782,4581,logT_over_pi_h1,1,0.9991506698330718,0.01797272969712793,0.9991506698330718,0.01797272969712793,False
1783,4581,logT_over_pi_h1,1,0.9991637066643229,0.017903721312695353,0.9991637066643229,0.017903721312695353,False
1784,4581,logT_over_pi_h1,1,0.9991389448134074,0.018039756750957814,0.9991389448134074,0.018039756750957814,False
1785,4581,logT_over_pi_h1,1,0.999145099642782,0.01797924017363073,0.999145099642782,0.01797924017363073,False
1786,4581,logT_over_pi_h1,1,0.9991613770138555,0.017757596962052702,0.9991613770138555,0.017757596962052702,False
1787,4581,logT_over_pi_h1,1,0.9991335444960366,0.018251164796282637,0.9991335444960366,0.018251164796282637,False
1788,4581,logT_over_pi_h1,1,0.9991383740148179,0.01798259511082101,0.9991383740148179,0.01798259511082101,False
1789,4581,logT_over_pi_h1,1,0.9991494931097433,0.017766478561472177,0.9991494931097433,0.017766478561472177,False
1790,4581,logT_over_pi_h1,1,0.9991587472378609,0.017858429337891835,0.9991587472378609,0.017858429337891835,False
1791,4581,logT_over_pi_h1,1,0.9991521382307559,0.017924233775120868,0.9991521382307559,0.017924233775120868,False
1792,4581,logT_over_pi_h1,1,0.9991502214618158,0.017986308594461597,0.9991502214618158,0.017986308594461597,False
1793,4581,logT_over_pi_h1,1,0.9991482885873524,0.01801565697235219,0.9991482885873524,0.01801565697235219,False
1794,4581,logT_over_pi_h1,1,0.999149595073971,0.017962466604083183,0.999149595073971,0.017962466604083183,False
1795,4581,logT_over_pi_h1,1,0.9991536736966216,0.01802316941721127,0.9991536736966216,0.01802316941721127,False
1796,4581,logT_over_pi_h1,1,0.9991456198333061,0.01805109265790339,0.9991456198333061,0.01805109265790339,False
1797,4581,logT_over_pi_h1,1,0.9991484000012424,0.018023206619308674,0.9991484000012424,0.018023206619308674,False
1798,4581,logT_over_pi_h1,1,0.9991484098120668,0.017958206805695376,0.9991484098120668,0.017958206805695376,False
1799,4581,logT_over_pi_h1,1,0.9991351765886056,0.018114428744580024,0.9991351765886056,0.018114428744580024,False
1800,4581,logT_over_pi_h1,1,0.9991672065040513,0.017763804090395574,0.9991672065040513,0.017763804090395574,False
1801,4581,logT_over_pi_h1,1,0.9991479414690442,0.01778610289997573,0.9991479414690442,0.01778610289997573,False
1802,4581,logT_over_pi_h1,1,0.9991440045189037,0.01801936122441017,0.9991440045189037,0.01801936122441017,False
1803,4581,logT_over_pi_h1,1,0.9991167169380063,0.018211508488240824,0.9991167169380063,0.018211508488240824,False
1804,4581,logT_over_pi_h1,1,0.999167173423949,0.01774618807139472,0.999167173423949,0.01774618807139472,False
1805,4581,logT_over_pi_h1,1,0.9991531212210872,0.01802646876808378,0.9991531212210872,0.01802646876808378,False
1806,4581,logT_over_pi_h1,1,0.9991506299573234,0.017968202624268237,0.9991506299573234,0.017968202624268237,False
1807,4581,logT_over_pi_h1,1,0.9991290777565758,0.018184701517713897,0.9991290777565758,0.018184701517713897,False
1808,4581,logT_over_pi_h1,1,0.9991402597535749,0.017945541232065487,0.9991402597535749,0.017945541232065487,False
1809,4581,logT_over_pi_h1,1,0.9991570166322248,0.017753737916239132,0.9991570166322248,0.017753737916239132,False
1810,4581,logT_over_pi_h1,1,0.9991528939792372,0.01804864158430597,0.9991528939792372,0.01804864158430597,False
1811,4581,logT_over_pi_h1,1,0.999138248952801,0.018163899774561898,0.999138248952801,0.018163899774561898,False
1812,4581,logT_over_pi_h1,1,0.9991553016801723,0.0180090635531025,0.9991553016801723,0.0180090635531025,False
1813,4581,logT_over_pi_h1,1,0.9991545088611044,0.017995499500844225,0.9991545088611044,0.017995499500844225,False
1814,4581,logT_over_pi_h1,1,0.9991428926343326,0.017973742031643702,0.9991428926343326,0.017973742031643702,False
1815,4581,logT_over_pi_h1,1,0.9991654902943008,0.017898494887954364,0.9991654902943008,0.017898494887954364,False
1816,4581,logT_over_pi_h1,1,0.999164123069141,0.017861947287932445,0.999164123069141,0.017861947287932445,False
1817,4581,logT_over_pi_h1,1,0.9991390062816615,0.018092277972029613,0.9991390062816615,0.018092277972029613,False
1818,4581,logT_over_pi_h1,1,0.9991550863021686,0.018009242100212042,0.9991550863021686,0.018009242100212042,False
1819,4581,logT_over_pi_h1,1,0.9991608436958113,0.017799610514783737,0.9991608436958113,0.017799610514783737,False
1820,4581,logT_over_pi_h1,1,0.999145502742563,0.018077958400446015,0.999145502742563,0.018077958400446015,False
1821,4581,logT_over_pi_h1,1,0.9991648770971217,0.017908229927478203,0.9991648770971217,0.017908229927478203,False
1822,4581,logT_over_pi_h1,1,0.9991601974088404,0.017778191445752434,0.9991601974088404,0.017778191445752434,False
1823,4581,logT_over_pi_h1,1,0.9991612526927452,0.01796410750747146,0.9991612526927452,0.01796410750747146,False
1824,4581,logT_over_pi_h1,1,0.9991471683088413,0.017986304549978627,0.9991471683088413,0.017986304549978627,False
1825,4581,logT_over_pi_h1,1,0.9991649102262246,0.017942223331898433,0.9991649102262246,0.017942223331898433,False
1826,4581,logT_over_pi_h1,1,0.9991638496582216,0.017904232181289892,0.9991638496582216,0.017904232181289892,False
1827,4581,logT_over_pi_h1,1,0.999170752130942,0.01768954509631726,0.999170752130942,0.01768954509631726,False
1828,4581,logT_over_pi_h1,1,0.9991673721762355,0.017860061109237435,0.9991673721762355,0.017860061109237435,False
1829,4581,logT_over_pi_h1,1,0.9991519250702725,0.01805064920538868,0.9991519250702725,0.01805064920538868,False
1830,4581,logT_over_pi_h1,1,0.99916041883353,0.017883065285082544,0.99916041883353,0.017883065285082544,False
1831,4581,logT_over_pi_h1,1,0.9991511558347778,0.017870177119082342,0.9991511558347778,0.017870177119082342,False
1832,4581,logT_over_pi_h1,1,0.9991333514517278,0.01795900440744269,0.9991333514517278,0.01795900440744269,False
1833,4581,logT_over_pi_h1,1,0.9991377125534371,0.018054494615493688,0.9991377125534371,0.018054494615493688,False
1834,4581,logT_over_pi_h1,1,0.9991714536467035,0.017833942611624742,0.9991714536467035,0.017833942611624742,False
1835,4581,logT_over_pi_h1,1,0.999133718527033,0.01792831255742655,0.999133718527033,0.01792831255742655,False
1836,4581,logT_over_pi_h1,1,0.9991486155842756,0.018054913716917476,0.9991486155842756,0.018054913716917476,False
1837,4581,logT_over_pi_h1,1,0.9991536235694505,0.017974355718669344,0.9991536235694505,0.017974355718669344,False
1838,4581,logT_over_pi_h1,1,0.9991556614085355,0.017858364083093825,0.9991556614085355,0.017858364083093825,False
1839,4581,logT_over_pi_h1,1,0.9991713371969901,0.017742037984018744,0.9991713371969901,0.017742037984018744,False
1840,4581,logT_over_pi_h1,1,0.999155776227702,0.01792367958802643,0.999155776227702,0.01792367958802643,False
1841,4581,logT_over_pi_h1,1,0.999123816074801,0.018027606581990874,0.999123816074801,0.018027606581990874,False
1842,4581,logT_over_pi_h1,1,0.9991472419988024,0.018040081750673842,0.9991472419988024,0.018040081750673842,False
1843,4581,logT_over_pi_h1,1,0.9991465970270221,0.01796670723168514,0.9991465970270221,0.01796670723168514,False
1844,4581,logT_over_pi_h1,1,0.9991439397219452,0.017974303593865315,0.9991439397219452,0.017974303593865315,False
1845,4581,logT_over_pi_h1,1,0.999160517533504,0.017880894234894917,0.999160517533504,0.017880894234894917,False
1846,4581,logT_over_pi_h1,1,0.9991528927797619,0.017835008144535536,0.9991528927797619,0.017835008144535536,False
1847,4581,logT_over_pi_h1,1,0.9991533787895361,0.01803754720245543,0.9991533787895361,0.01803754720245543,False
1848,4581,logT_over_pi_h1,1,0.999148862981619,0.018016725695852998,0.999148862981619,0.018016725695852998,False
1849,4581,logT_over_pi_h1,1,0.9991583802110902,0.01791966434815606,0.9991583802110902,0.01791966434815606,False
1850,4581,logT_over_pi_h1,1,0.9991559217135022,0.018017992493182255,0.9991559217135022,0.018017992493182255,False
1851,4581,logT_over_pi_h1,1,0.9991506310732823,0.017969668667614513,0.9991506310732823,0.017969668667614513,False
1852,4581,logT_over_pi_h1,1,0.9991548632632793,0.017991645916323407,0.9991548632632793,0.017991645916323407,False
1853,4581,logT_over_pi_h1,1,0.9991518505354737,0.018039051231311554,0.9991518505354737,0.018039051231311554,False
1854,4581,logT_over_pi_h1,1,0.9991304893205826,0.018217998280084302,0.9991304893205826,0.018217998280084302,False
1855,4581,logT_over_pi_h1,1,0.9991341513281389,0.018108677713172483,0.9991341513281389,0.018108677713172483,False
1856,4581,logT_over_pi_h1,1,0.9991553299289859,0.017929665154764685,0.9991553299289859,0.017929665154764685,False
1857,4581,logT_over_pi_h1,1,0.9991351257092025,0.018129251571079585,0.9991351257092025,0.018129251571079585,False
1858,4581,logT_over_pi_h1,1,0.9991503576600551,0.017759413440263216,0.9991503576600551,0.017759413440263216,False
1859,4581,logT_over_pi_h1,1,0.999137192713432,0.01806231132896574,0.999137192713432,0.01806231132896574,False
1860,4581,logT_over_pi_h1,1,0.9991419674729992,0.018168366006017678,0.9991419674729992,0.018168366006017678,False
1861,4581,logT_over_pi_h1,1,0.9991537273015896,0.017906472624845904,0.9991537273015896,0.017906472624845904,False
1862,4581,logT_over_pi_h1,1,0.9991542542201687,0.017913183401970123,0.9991542542201687,0.017913183401970123,False
1863,4581,logT_over_pi_h1,1,0.9991571979367149,0.018009721313418936,0.9991571979367149,0.018009721313418936,False
1864,4581,logT_over_pi_h1,1,0.9991301427070499,0.018224662326495,0.9991301427070499,0.018224662326495,False
1865,4581,logT_over_pi_h1,1,0.9991511500660832,0.017924363916050012,0.9991511500660832,0.017924363916050012,False
1866,4581,logT_over_pi_h1,1,0.999138575594848,0.018133324233608583,0.999138575594848,0.018133324233608583,False
1867,4581,logT_over_pi_h1,1,0.999166131823294,0.017971348383112762,0.999166131823294,0.017971348383112762,False
1868,4581,logT_over_pi_h1,1,0.9991521017573903,0.017962041124492956,0.9991521017573903,0.017962041124492956,False
1869,4581,logT_over_pi_h1,1,0.999147643826418,0.01796548437868495,0.999147643826418,0.01796548437868495,False
1870,4581,logT_over_pi_h1,1,0.9991678108848393,0.017885740660934957,0.9991678108848393,0.017885740660934957,False
1871,4581,logT_over_pi_h1,1,0.999125408055561,0.018075778573816592,0.999125408055561,0.018075778573816592,False
1872,4581,logT_over_pi_h1,1,0.9991371905099887,0.018204419325957844,0.9991371905099887,0.018204419325957844,False
1873,4581,logT_over_pi_h1,1,0.9991559644490847,0.018000823223914608,0.9991559644490847,0.018000823223914608,False
1874,4581,logT_over_pi_h1,1,0.999154011529976,0.01796216034498599,0.999154011529976,0.01796216034498599,False
1875,4581,logT_over_pi_h1,1,0.999150940786022,0.01784731100032122,0.999150940786022,0.01784731100032122,False
1876,4581,logT_over_pi_h1,1,0.9991410010187151,0.017969053387350442,0.9991410010187151,0.017969053387350442,False
1877,4581,logT_over_pi_h1,1,0.9991618280782931,0.017947764330651594,0.9991618280782931,0.017947764330651594,False
1878,4581,logT_over_pi_h1,1,0.9991538450826305,0.01789539374278526,0.9991538450826305,0.01789539374278526,False
1879,4581,logT_over_pi_h1,1,0.9991394681505437,0.018149033917751467,0.9991394681505437,0.018149033917751467,False
1880,4581,logT_over_pi_h1,1,0.9991505424999206,0.018059054342891123,0.9991505424999206,0.018059054342891123,False
1881,4581,logT_over_pi_h1,1,0.9991512872857837,0.017909552500541714,0.9991512872857837,0.017909552500541714,False
1882,4581,logT_over_pi_h1,1,0.9991522658887834,0.01793507507969405,0.9991522658887834,0.01793507507969405,False
1883,4581,logT_over_pi_h1,1,0.9991761243693879,0.0177673636074287,0.9991761243693879,0.0177673636074287,False
1884,4581,logT_over_pi_h1,1,0.9991406308339225,0.017984491289618987,0.9991406308339225,0.017984491289618987,False
1885,4581,logT_over_pi_h1,1,0.9991427623415499,0.018129233568601855,0.9991427623415499,0.018129233568601855,False
1886,4581,logT_over_pi_h1,1,0.9991379653080469,0.018136562682180113,0.9991379653080469,0.018136562682180113,False
1887,4581,logT_over_pi_h1,1,0.9991677240851848,0.017874395239219076,0.9991677240851848,0.017874395239219076,False
1888,4581,logT_over_pi_h1,1,0.9991454010660527,0.0180023475592499,0.9991454010660527,0.0180023475592499,False
1889,4581,logT_over_pi_h1,1,0.9991452382576751,0.018141245496754443,0.9991452382576751,0.018141245496754443,False
1890,4581,logT_over_pi_h1,1,0.9991433256215152,0.0180888609139771,0.9991433256215152,0.0180888609139771,False
1891,4581,logT_over_pi_h1,1,0.9991616987794187,0.017684822935565947,0.9991616987794187,0.017684822935565947,False
1892,4581,logT_over_pi_h1,1,0.9991427749518725,0.01797559085521261,0.9991427749518725,0.01797559085521261,False
1893,4581,logT_over_pi_h1,1,0.9991522556548459,0.017866707280624894,0.9991522556548459,0.017866707280624894,False
1894,4581,logT_over_pi_h1,1,0.9991678871866547,0.017756544444144318,0.9991678871866547,0.017756544444144318,False
1895,4581,logT_over_pi_h1,1,0.9991299404336297,0.018221563297755594,0.9991299404336297,0.018221563297755594,False
1896,4581,logT_over_pi_h1,1,0.9991317458344766,0.01803965285399567,0.9991317458344766,0.01803965285399567,False
1897,4581,logT_over_pi_h1,1,0.9991468962997417,0.018055349282385613,0.9991468962997417,0.018055349282385613,False
1898,4581,logT_over_pi_h1,1,0.999158180571931,0.017946305201282264,0.999158180571931,0.017946305201282264,False
1899,4581,logT_over_pi_h1,1,0.9991534271560911,0.017995958997035544,0.9991534271560911,0.017995958997035544,False
1900,4581,logT_over_pi_h1,1,0.9991315787790845,0.018226981120109897,0.9991315787790845,0.018226981120109897,False
1901,4581,logT_over_pi_h1,1,0.99914510566347,0.018073356594849876,0.99914510566347,0.018073356594849876,False
1902,4581,logT_over_pi_h1,1,0.9991570968044646,0.017976342565290793,0.9991570968044646,0.017976342565290793,False
1903,4581,logT_over_pi_h1,1,0.9991459797712935,0.018011327526185283,0.9991459797712935,0.018011327526185283,False
1904,4581,logT_over_pi_h1,1,0.9991471579754209,0.018041092318302532,0.9991471579754209,0.018041092318302532,False
1905,4581,logT_over_pi_h1,1,0.9991281980569219,0.01817142114692949,0.9991281980569219,0.01817142114692949,False
1906,4581,logT_over_pi_h1,1,0.9991635992125434,0.017650518464813914,0.9991635992125434,0.017650518464813914,False
1907,4581,logT_over_pi_h1,1,0.9991377603777497,0.018008398105001433,0.9991377603777497,0.018008398105001433,False
1908,4581,logT_over_pi_h1,1,0.9991583223902653,0.01780043187519098,0.9991583223902653,0.01780043187519098,False
1909,4581,logT_over_pi_h1,1,0.9991627223263273,0.017834076473515204,0.9991627223263273,0.017834076473515204,False
1910,4581,logT_over_pi_h1,1,0.9991674814166149,0.017890511146866572,0.9991674814166149,0.017890511146866572,False
1911,4581,logT_over_pi_h1,1,0.999127605793401,0.01808616481226366,0.999127605793401,0.01808616481226366,False
1912,4581,logT_over_pi_h1,1,0.9991306978128205,0.01815715945654972,0.9991306978128205,0.01815715945654972,False
1913,4581,logT_over_pi_h1,1,0.999121861016276,0.01831990286975671,0.999121861016276,0.01831990286975671,False
1914,4581,logT_over_pi_h1,1,0.9991448433663993,0.018134901261359637,0.9991448433663993,0.018134901261359637,False
1915,4581,logT_over_pi_h1,1,0.9991478167042683,0.017957598380998085,0.9991478167042683,0.017957598380998085,False
1916,4581,logT_over_pi_h1,1,0.9991418953754888,0.017825829528576698,0.9991418953754888,0.017825829528576698,False
1917,4581,logT_over_pi_h1,1,0.9991500410499524,0.01788889645399827,0.9991500410499524,0.01788889645399827,False
1918,4581,logT_over_pi_h1,1,0.999142880637557,0.018176319844875444,0.999142880637557,0.018176319844875444,False
1919,4581,logT_over_pi_h1,1,0.9991734528320055,0.01784985578229481,0.9991734528320055,0.01784985578229481,False
1920,4581,logT_over_pi_h1,1,0.9991359865997663,0.018209665149155008,0.9991359865997663,0.018209665149155008,False
1921,4581,logT_over_pi_h1,1,0.9991656167060473,0.017939781116457,0.9991656167060473,0.017939781116457,False
1922,4581,logT_over_pi_h1,1,0.9991403104852855,0.01790945615669237,0.9991403104852855,0.01790945615669237,False
1923,4581,logT_over_pi_h1,1,0.9991553586397914,0.0178231315922881,0.9991553586397914,0.0178231315922881,False
1924,4581,logT_over_pi_h1,1,0.9991448721316595,0.01810501188319158,0.9991448721316595,0.01810501188319158,False
1925,4581,logT_over_pi_h1,1,0.9991499039596793,0.017731392379269018,0.9991499039596793,0.017731392379269018,False
1926,4581,logT_over_pi_h1,1,0.9991486052767349,0.01807054481324677,0.9991486052767349,0.01807054481324677,False
1927,4581,logT_over_pi_h1,1,0.9991687700486581,0.017840033263688326,0.9991687700486581,0.017840033263688326,False
1928,4581,logT_over_pi_h1,1,0.9991374334992895,0.017940208912958333,0.9991374334992895,0.017940208912958333,False
1929,4581,logT_over_pi_h1,1,0.9991690919266164,0.017792757515130653,0.9991690919266164,0.017792757515130653,False
1930,4581,logT_over_pi_h1,1,0.9991568519458983,0.018046103932606528,0.9991568519458983,0.018046103932606528,False
1931,4581,logT_over_pi_h1,1,0.9991533941115882,0.017897982523164657,0.9991533941115882,0.017897982523164657,False
1932,4581,logT_over_pi_h1,1,0.9991561646777101,0.01798808582343092,0.9991561646777101,0.01798808582343092,False
1933,4581,logT_over_pi_h1,1,0.9991443923652528,0.01797247277443592,0.9991443923652528,0.01797247277443592,False
1934,4581,logT_over_pi_h1,1,0.9991416563073382,0.01791785041778926,0.9991416563073382,0.01791785041778926,False
1935,4581,logT_over_pi_h1,1,0.999166573959695,0.017851132140972226,0.999166573959695,0.017851132140972226,False
1936,4581,logT_over_pi_h1,1,0.9991626071331523,0.017937621231273404,0.9991626071331523,0.017937621231273404,False
1937,4581,logT_over_pi_h1,1,0.9991447029570014,0.01807885510015872,0.9991447029570014,0.01807885510015872,False
1938,4581,logT_over_pi_h1,1,0.9991515579145196,0.018046182081818074,0.9991515579145196,0.018046182081818074,False
1939,4581,logT_over_pi_h1,1,0.9991580970441214,0.01783467979215736,0.9991580970441214,0.01783467979215736,False
1940,4581,logT_over_pi_h1,1,0.9991406805798275,0.01794191783362642,0.9991406805798275,0.01794191783362642,False
1941,4581,logT_over_pi_h1,1,0.9991647156406088,0.017980133439626123,0.9991647156406088,0.017980133439626123,False
1942,4581,logT_over_pi_h1,1,0.9991476932879929,0.01792296308572805,0.9991476932879929,0.01792296308572805,False
1943,4581,logT_over_pi_h1,1,0.9991416671999347,0.01811564016579048,0.9991416671999347,0.01811564016579048,False
1944,4581,logT_over_pi_h1,1,0.999147776431461,0.0180581000876181,0.999147776431461,0.0180581000876181,False
1945,4581,logT_over_pi_h1,1,0.999154264449792,0.01789358474176872,0.999154264449792,0.01789358474176872,False
1946,4581,logT_over_pi_h1,1,0.9991352225285515,0.018132567123900323,0.9991352225285515,0.018132567123900323,False
1947,4581,logT_over_pi_h1,1,0.9991613568247314,0.01789239954836308,0.9991613568247314,0.01789239954836308,False
1948,4581,logT_over_pi_h1,1,0.9991544426531588,0.01786853249746745,0.9991544426531588,0.01786853249746745,False
1949,4581,logT_over_pi_h1,1,0.9991586332617162,0.018039374455153023,0.9991586332617162,0.018039374455153023,False
1950,4581,logT_over_pi_h1,1,0.9991730145963424,0.017888735763401442,0.9991730145963424,0.017888735763401442,False
1951,4581,logT_over_pi_h1,1,0.9991550048411691,0.01791497663445707,0.9991550048411691,0.01791497663445707,False
1952,4581,logT_over_pi_h1,1,0.9991423385543918,0.018071520822800835,0.9991423385543918,0.018071520822800835,False
1953,4581,logT_over_pi_h1,1,0.9991407979062714,0.018103671780107078,0.9991407979062714,0.018103671780107078,False
1954,4581,logT_over_pi_h1,1,0.999155588457282,0.017928310675294767,0.999155588457282,0.017928310675294767,False
1955,4581,logT_over_pi_h1,1,0.9991437636534933,0.01801124811886634,0.9991437636534933,0.01801124811886634,False
1956,4581,logT_over_pi_h1,1,0.9991714741813942,0.017782051248106612,0.9991714741813942,0.017782051248106612,False
1957,4581,logT_over_pi_h1,1,0.999180973741363,0.017655796321170314,0.999180973741363,0.017655796321170314,False
1958,4581,logT_over_pi_h1,1,0.9991528353402193,0.018035237471306864,0.9991528353402193,0.018035237471306864,False
1959,4581,logT_over_pi_h1,1,0.9991518726604742,0.0179485617735482,0.9991518726604742,0.0179485617735482,False
1960,4581,logT_over_pi_h1,1,0.9991387110979244,0.018038047672716218,0.9991387110979244,0.018038047672716218,False
1961,4581,logT_over_pi_h1,1,0.9991436502190166,0.018122573016976062,0.9991436502190166,0.018122573016976062,False
1962,4581,logT_over_pi_h1,1,0.9991430749277133,0.018020871226169355,0.9991430749277133,0.018020871226169355,False
1963,4581,logT_over_pi_h1,1,0.9991311676586928,0.01783034235630776,0.9991311676586928,0.01783034235630776,False
1964,4581,logT_over_pi_h1,1,0.9991469916656691,0.01801282690147321,0.9991469916656691,0.01801282690147321,False
1965,4581,logT_over_pi_h1,1,0.999153776289819,0.01794211131554757,0.999153776289819,0.01794211131554757,False
1966,4581,logT_over_pi_h1,1,0.999161705065982,0.017656967927142553,0.999161705065982,0.017656967927142553,False
1967,4581,logT_over_pi_h1,1,0.9991569832427633,0.017743700375455695,0.9991569832427633,0.017743700375455695,False
1968,4581,logT_over_pi_h1,1,0.9991747845259397,0.01772079307515284,0.9991747845259397,0.01772079307515284,False
1969,4581,logT_over_pi_h1,1,0.9991497719720311,0.018005983268210457,0.9991497719720311,0.018005983268210457,False
1970,4581,logT_over_pi_h1,1,0.9991594478126199,0.01785987924487209,0.9991594478126199,0.01785987924487209,False
1971,4581,logT_over_pi_h1,1,0.9991520160496539,0.017932516974936696,0.9991520160496539,0.017932516974936696,False
1972,4581,logT_over_pi_h1,1,0.9991484617216913,0.018019522914575425,0.9991484617216913,0.018019522914575425,False
1973,4581,logT_over_pi_h1,1,0.9991473502053823,0.018040506431729497,0.9991473502053823,0.018040506431729497,False
1974,4581,logT_over_pi_h1,1,0.9991651073699297,0.017886848024472712,0.9991651073699297,0.017886848024472712,False
1975,4581,logT_over_pi_h1,1,0.9991637988216671,0.017897094022817583,0.9991637988216671,0.017897094022817583,False
1976,4581,logT_over_pi_h1,1,0.9991525711921039,0.01791978491386015,0.9991525711921039,0.01791978491386015,False
1977,4581,logT_over_pi_h1,1,0.9991433760813753,0.018053658389829863,0.9991433760813753,0.018053658389829863,False
1978,4581,logT_over_pi_h1,1,0.9991654235941714,0.017896607288595767,0.9991654235941714,0.017896607288595767,False
1979,4581,logT_over_pi_h1,1,0.9991433119063465,0.01798842102710818,0.9991433119063465,0.01798842102710818,False
1980,4581,logT_over_pi_h1,1,0.9991467132928948,0.01793370574817832,0.9991467132928948,0.01793370574817832,False
1981,4581,logT_over_pi_h1,1,0.9991591966116892,0.017693781595296443,0.9991591966116892,0.017693781595296443,False
1982,4581,logT_over_pi_h1,1,0.9991539363885803,0.017830130909508135,0.9991539363885803,0.017830130909508135,False
1983,4581,logT_over_pi_h1,1,0.9991468660132182,0.017974416287819928,0.9991468660132182,0.017974416287819928,False
1984,4581,logT_over_pi_h1,1,0.9991504993737699,0.01786489221198817,0.9991504993737699,0.01786489221198817,False
1985,4581,logT_over_pi_h1,1,0.9991576718647284,0.01798107648320091,0.9991576718647284,0.01798107648320091,False
1986,4581,logT_over_pi_h1,1,0.999152684275761,0.018009209318525343,0.999152684275761,0.018009209318525343,False
1987,4581,logT_over_pi_h1,1,0.9991409093584426,0.018076266958814813,0.9991409093584426,0.018076266958814813,False
1988,4581,logT_over_pi_h1,1,0.999148529585925,0.018021272149836953,0.999148529585925,0.018021272149836953,False
1989,4581,logT_over_pi_h1,1,0.9991531754205113,0.01797276781276036,0.9991531754205113,0.01797276781276036,False
1990,4581,logT_over_pi_h1,1,0.9991265841120045,0.018050489526830304,0.9991265841120045,0.018050489526830304,False
1991,4581,logT_over_pi_h1,1,0.9991544006625122,0.01804141648707791,0.9991544006625122,0.01804141648707791,False
1992,4581,logT_over_pi_h1,1,0.9991241723616522,0.01816281421523147,0.9991241723616522,0.01816281421523147,False
1993,4581,logT_over_pi_h1,1,0.9991323065382066,0.018158906435791877,0.9991323065382066,0.018158906435791877,False
1994,4581,logT_over_pi_h1,1,0.9991551871020256,0.017988738378130975,0.9991551871020256,0.017988738378130975,False
1995,4581,logT_over_pi_h1,1,0.9991486693991555,0.018034444343983047,0.9991486693991555,0.018034444343983047,False
1996,4581,logT_over_pi_h1,1,0.9991500893088251,0.01799070724584606,0.9991500893088251,0.01799070724584606,False
1997,4581,logT_over_pi_h1,1,0.9991448510486679,0.017928292908751864,0.9991448510486679,0.017928292908751864,False
1998,4581,logT_over_pi_h1,1,0.9991620383665532,0.01798159657713061,0.9991620383665532,0.01798159657713061,False
1999,4581,logT_over_pi_h1,1,0.9991482037997623,0.01804474960821434,0.9991482037997623,0.01804474960821434,False
2000,4581,logT_over_pi_h1,1,0.9991403899388446,0.0180749607171089,0.9991403899388446,0.0180749607171089,False
2001,4581,logT_over_pi_h1,1,0.9991465095492904,0.017880631405168046,0.9991465095492904,0.017880631405168046,False
2002,4581,logT_over_pi_h1,1,0.9991659771981547,0.01786653742022981,0.9991659771981547,0.01786653742022981,False
2003,4581,logT_over_pi_h1,1,0.9991495688761405,0.01804098597302861,0.9991495688761405,0.01804098597302861,False
2004,4581,logT_over_pi_h1,1,0.9991562504291281,0.017864526433761796,0.9991562504291281,0.017864526433761796,False
2005,4581,logT_over_pi_h1,1,0.9991622659416798,0.017935186367266986,0.9991622659416798,0.017935186367266986,False
2006,4581,logT_over_pi_h1,1,0.9991406038893341,0.018064306158763976,0.9991406038893341,0.018064306158763976,False
2007,4581,logT_over_pi_h1,1,0.9991537968039162,0.018032970285438488,0.9991537968039162,0.018032970285438488,False
2008,4581,logT_over_pi_h1,1,0.9991473488101489,0.01800849914908298,0.9991473488101489,0.01800849914908298,False
2009,4581,logT_over_pi_h1,1,0.9991381210292715,0.018145753425701905,0.9991381210292715,0.018145753425701905,False
2010,4581,logT_over_pi_h1,1,0.9991553047166715,0.017969146836491312,0.9991553047166715,0.017969146836491312,False
2011,4581,logT_over_pi_h1,1,0.9991273330225514,0.018107122292265743,0.9991273330225514,0.018107122292265743,False
2012,4581,logT_over_pi_h1,1,0.9991464375423104,0.017931374246529685,0.9991464375423104,0.017931374246529685,False
2013,4581,logT_over_pi_h1,1,0.9991605851785215,0.017888147479935945,0.9991605851785215,0.017888147479935945,False
2014,4581,logT_over_pi_h1,1,0.9991686905334646,0.017899834828761563,0.9991686905334646,0.017899834828761563,False
2015,4581,logT_over_pi_h1,1,0.9991634877387774,0.017814174604228405,0.9991634877387774,0.017814174604228405,False
2016,4581,logT_over_pi_h1,1,0.9991482766104229,0.017891462656407953,0.9991482766104229,0.017891462656407953,False
2017,4581,logT_over_pi_h1,1,0.9991536062755884,0.017789743631529298,0.9991536062755884,0.017789743631529298,False
2018,4581,logT_over_pi_h1,1,0.9991239358226643,0.018133623347913463,0.9991239358226643,0.018133623347913463,False
2019,4581,logT_over_pi_h1,1,0.9991385841998472,0.01796558541963922,0.9991385841998472,0.01796558541963922,False
2020,4581,logT_over_pi_h1,1,0.9991324982815482,0.018049424655314006,0.9991324982815482,0.018049424655314006,False
2021,4581,logT_over_pi_h1,1,0.9991677782131131,0.017860634368823014,0.9991677782131131,0.017860634368823014,False
2022,4581,logT_over_pi_h1,1,0.9991531926947606,0.017778724427175874,0.9991531926947606,0.017778724427175874,False
2023,4581,logT_over_pi_h1,1,0.999172097012198,0.01771767342140862,0.999172097012198,0.01771767342140862,False
2024,4581,logT_over_pi_h1,1,0.9991480973074739,0.017914006792041803,0.9991480973074739,0.017914006792041803,False
2025,4581,logT_over_pi_h1,1,0.9991428629029032,0.01793184251090363,0.9991428629029032,0.01793184251090363,False
2026,4581,logT_over_pi_h1,1,0.9991345273919355,0.01800515306730599,0.9991345273919355,0.01800515306730599,False
2027,4581,logT_over_pi_h1,1,0.9991906390173587,0.017636733689777806,0.9991906390173587,0.017636733689777806,False
2028,4581,logT_over_pi_h1,1,0.9991451470815258,0.0180463513516953,0.9991451470815258,0.0180463513516953,False
2029,4581,logT_over_pi_h1,1,0.9991729821567147,0.017765024732308454,0.9991729821567147,0.017765024732308454,False
2030,4581,logT_over_pi_h1,1,0.999146088946067,0.017943547953307437,0.999146088946067,0.017943547953307437,False
2031,4581,logT_over_pi_h1,1,0.9991487115480445,0.018099287577350687,0.9991487115480445,0.018099287577350687,False
2032,4581,logT_over_pi_h1,1,0.9991446676451367,0.018024614573946884,0.9991446676451367,0.018024614573946884,False
2033,4581,logT_over_pi_h1,1,0.9991457073174562,0.018045519535681898,0.9991457073174562,0.018045519535681898,False
2034,4581,logT_over_pi_h1,1,0.9991386453775568,0.017983101993940487,0.9991386453775568,0.017983101993940487,False
2035,4581,logT_over_pi_h1,1,0.9991652079095421,0.017926659032790226,0.9991652079095421,0.017926659032790226,False
2036,4581,logT_over_pi_h1,1,0.9991489692003378,0.018027136246793418,0.9991489692003378,0.018027136246793418,False
2037,4581,logT_over_pi_h1,1,0.9991343776365122,0.01816540981223813,0.9991343776365122,0.01816540981223813,False
2038,4581,logT_over_pi_h1,1,0.9991567065695135,0.01792488775010792,0.9991567065695135,0.01792488775010792,False
2039,4581,logT_over_pi_h1,1,0.9991685980047145,0.017743167597576104,0.9991685980047145,0.017743167597576104,False
2040,4581,logT_over_pi_h1,1,0.9991471678343072,0.0178891556214138,0.9991471678343072,0.0178891556214138,False
2041,4581,logT_over_pi_h1,1,0.9991566758837606,0.017963598276796056,0.9991566758837606,0.017963598276796056,False
2042,4581,logT_over_pi_h1,1,0.9991447741838089,0.01810091292161964,0.9991447741838089,0.01810091292161964,False
2043,4581,logT_over_pi_h1,1,0.9991558752306318,0.017836078047976045,0.9991558752306318,0.017836078047976045,False
2044,4581,logT_over_pi_h1,1,0.9991377936197215,0.018039261418797636,0.9991377936197215,0.018039261418797636,False
2045,4581,logT_over_pi_h1,1,0.9991505412756723,0.01806135625242078,0.9991505412756723,0.01806135625242078,False
2046,4581,logT_over_pi_h1,1,0.999150983408708,0.01786067305540051,0.999150983408708,0.01786067305540051,False
2047,4581,logT_over_pi_h1,1,0.9991552829153109,0.01800382813275636,0.9991552829153109,0.01800382813275636,False
2048,4581,logT_over_pi_h1,1,0.9991511537875447,0.01808712941609958,0.9991511537875447,0.01808712941609958,False
