Resultant_R,Arc80
0.9993190113073432,0.015353196014627812
0.9993205381821938,0.015265895012880115
0.9993136661235265,0.015305464422416648
0.9993156226922285,0.015183791329432594
0.9993169915844349,0.015254173282325034
0.9993135348218222,0.015427260083950678
0.9993156260500234,0.015276242421136565
0.9993178019993092,0.015349199952924053
0.9993109027259495,0.015451048207824947
0.9993155904000098,0.015252020103107
0.9993128951058382,0.015239165160117807
0.9993096460882801,0.015374168736055793
0.999306185831915,0.015440891806778545
0.9993116943835456,0.015419495449940257
0.9993139469125718,0.015308495166822311
0.9993331690356668,0.015008006715276245
0.9993161840680661,0.015480875862357024
0.9993273770938866,0.01510038009963477
0.9993158556092717,0.015308495166822311
0.9993213598710459,0.015366799776555418
0.9993173147241126,0.01522527149173758
0.9993248604649647,0.015236376651080796
0.9993277363519154,0.014971126898420728
0.9993118960513978,0.015305464422416648
0.9993122321278081,0.015350407505590802
0.9993286696126327,0.015141744732472873
0.9993241074589325,0.015071158098354687
0.999312427044882,0.015353196014627812
0.9993110797974623,0.015427260083950678
0.9993133254662385,0.015276242421136565
0.9993109488989304,0.01532739489022461
0.9993303407213125,0.015146029876515144
0.9993116001319919,0.01533082012964826
0.9993107752923827,0.015293859162519574
0.9993129488597268,0.015401452686928607
0.9993187870214659,0.015239165160117807
0.9993211333265999,0.015263106503843105
0.9993164251995013,0.015446561599277153
0.9993147136641289,0.015351988461961064
0.9993155492579727,0.015294075905236681
0.9993099697874416,0.015484749171904788
0.9993129770945505,0.015366799776555418
0.9993245168842664,0.015358107794550158
0.9993134210803676,0.015405987926455644
0.9993168502719972,0.01522527149173758
0.9993136609830984,0.015405987926455644
0.9993176298223168,0.015301250999042004
0.9993205006849047,0.015283491426016482
0.9993044049531216,0.015535000548830169
0.9993073295490468,0.015458391782964043
0.9993298315591388,0.01496500553011959
0.9993100625676579,0.015434020560170403
0.9993095850522274,0.015305464422416648
0.9993127069695533,0.01532739489022461
0.9993212758487144,0.015148818385552154
0.9993130668671801,0.01538732979583024
0.9993278617432786,0.015189431709050183
0.9993257758123059,0.015191845527922077
0.9993162459016793,0.01536361290823507
0.9993059597455022,0.015265895012880115
0.999313756368419,0.015191845527922077
0.9993121460882707,0.015302675913379638
0.9993146192151785,0.015401452686928607
0.9993124329064259,0.015440891806778545
0.9993184045288275,0.015265895012880115
0.9993167526040645,0.01533082012964826
0.9993119088117274,0.015419495449940257
0.999319260718955,0.015265895012880115
0.9993131163006649,0.015452017962323872
0.9993246136031381,0.015191845527922077
0.9993115676529829,0.015438103297741534
0.9993147369057063,0.015222084623417231
0.9993143081964307,0.015282697832619263
0.9993089431837494,0.01522527149173758
0.999320947638433,0.015148818385552154
0.9993071176290831,0.015305464422416648
0.9993036734197897,0.01553144855404831
0.99932553368369,0.01510038009963477
0.9993133539443064,0.01522248298270057
0.9993175648668663,0.015279273165542229
0.9993174717242107,0.015305464422416648
0.9993088699146658,0.015443773090240143
0.9993152818969651,0.01529933283714513
0.9993147298698689,0.01522527149173758
0.9993192008472273,0.015197510684647142
0.99932190571648,0.015296302092739467
0.9993147059642924,0.01532739489022461
0.9993147486660849,0.015308495166822311
0.9993183056750189,0.015374168736055793
0.9993161568910964,0.015197510684647142
0.9993195139392862,0.015148818385552154
0.9993096394629094,0.015405987926455644
0.999310807210016,0.015374168736055793
0.9993122051916091,0.01548156230358444
0.9993189927233255,0.015349199952924053
0.9993126952852018,0.015417203075557495
0.9993194784351215,0.01525480861214401
0.9993059080895009,0.015548170536015427
0.999314621196499,0.0153022775540963
0.9993016233109536,0.015560004289635998
0.9993134197902896,0.015427260083950678
0.9993182128331392,0.01522248298270057
0.9993178641199516,0.015129511098349369
0.9993077540551071,0.015410333120263076
0.9993147123095425,0.01532739489022461
0.9993120580146433,0.015296302092739467
0.9993104384395664,0.01533082012964826
0.9993135549277892,0.015328031620611249
0.9993168431924656,0.015364011267518407
0.9993131469798284,0.015164033052070813
0.9993110443270948,0.0153057066577853
0.9993169423753813,0.015216109162060398
0.9993127984458711,0.015416308581619909
0.9993117254696764,0.01529933283714513
0.9993049278529912,0.01543965969064498
0.9993340727380197,0.014993385138192927
0.9993149715728306,0.01532739489022461
0.9993021111418868,0.01555571148018231
0.9993130484870673,0.015197510684647142
0.9993173390181102,0.01522527149173758
0.9993205141551911,0.01528133543499166
0.9993149854732952,0.015416685441294042
0.9993111309504187,0.015371380227018783
0.9993170381069925,0.015148818385552154
0.9993142739489396,0.015350407505590802
0.9993058550934685,0.01544449573782014
0.9993210817854375,0.015297106649642345
0.999313516405554,0.015282697832619263
0.9993159867240023,0.01522248298270057
0.9993155186189487,0.01532739489022461
0.9993173437674658,0.015353196014627812
0.999309594952071,0.0155286600450113
0.999318171221135,0.015296302092739467
0.9993186869174187,0.015308495166822311
0.9993155221251135,0.015236376651080796
0.9993109998527803,0.015560004289635998
0.9993170981416056,0.015302675913379638
0.999306240855753,0.015461180292001053
0.9993266573737645,0.015197510684647142
0.9993128467346565,0.015353196014627812
0.9993090196004341,0.01538732979583024
0.999301729156384,0.015417203075557495
0.9993180489394252,0.015197510684647142
0.9993232009430278,0.01521076264544341
0.999312602302377,0.015308495166822311
0.999316436328875,0.015296302092739467
0.9993281380688755,0.015129511098349369
0.9993063230150762,0.015419495449940257
0.9993226332447441,0.01522248298270057
0.9993046633630869,0.015481960662867778
0.9993150922012819,0.015353196014627812
0.9993136973784918,0.015308495166822311
0.9993227191516121,0.01522527149173758
0.9993153478824137,0.015374168736055793
0.9993136863274406,0.015353196014627812
0.999319009461546,0.01522527149173758
0.9993164842883129,0.01532739489022461
0.999325743932731,0.01503818747443919
0.9993156877685346,0.01522248298270057
0.9993100787108493,0.015278304690585998
0.9993089132329496,0.015353196014627812
0.9993234505341424,0.01522248298270057
0.9993055621977637,0.015427260083950678
0.999310222300894,0.015419495449940257
0.9993088560457297,0.015374168736055793
0.999320195472187,0.015294075905236681
0.9993202683894984,0.01525480861214401
0.9993210016260423,0.015262708144559767
0.9993220886518076,0.015129511098349369
0.9993068718412687,0.015398664177891597
0.9993142625355993,0.015321657799971078
0.9993179636215984,0.015251621743823662
0.9993211429318238,0.015180269379373001
0.9993117595668098,0.015350407505590802
0.9993204560826611,0.01525480861214401
0.9993178043068489,0.01532739489022461
0.9993199448256711,0.015350407505590802
0.9993261430042124,0.015296302092739467
0.9993095996269573,0.015457285193843262
0.9993131942639948,0.015293859162519574
0.9993272041111946,0.01503539896540218
0.9993085993126894,0.015457285193843262
0.9993102408012318,0.015366799776555418
0.9993147311726575,0.015302675913379638
0.9993238618989544,0.015191845527922077
0.9993167336089241,0.01538454128679323
0.9993187636649725,0.01532739489022461
0.9993217809126906,0.01522248298270057
0.9993186270318327,0.015402256343144849
0.9993171780210567,0.015236376651080796
0.9993195928468741,0.015166821561107824
0.9993175216203272,0.01533082012964826
0.9993336891997915,0.015022181283082858
0.9993071115132339,0.015401452686928607
0.9993201517457106,0.015396825596778463
0.999312698860168,0.015401452686928607
0.9993222463218334,0.015239165160117807
0.9993148610473818,0.015308495166822311
0.9993067769539669,0.015527567228896366
0.9993194169863165,0.015401452686928607
0.9993185228673728,0.015282697832619263
0.9993302524979705,0.015181002820395584
0.9993202287015128,0.015141744732472873
0.9993252906584368,0.015162979481246452
0.9993238459414623,0.01521076264544341
0.9993162071504635,0.01533082012964826
0.999318658245159,0.015239165160117807
0.999317063213987,0.015182683198244895
0.9993133408156701,0.015436176551195224
0.9993101677635348,0.015416308581619909
0.9993107334597932,0.015374168736055793
0.9993110847698804,0.015374168736055793
0.999315227008739,0.015364011267518407
0.9993278573642894,0.01502855510372303
0.9993164353546252,0.015402256343144849
0.9993118399178362,0.015296302092739467
0.9993184185384261,0.015252020103107
0.9993044360798562,0.015440891806778545
0.9993178920377986,0.015239165160117807
0.9993194426001509,0.015297106649642345
0.9993126832416845,0.015296302092739467
0.9993201261204299,0.015191845527922077
0.9993035933982525,0.015548615772456031
0.9993190911262178,0.015351988461961064
0.999329005512791,0.015182683198244895
0.9993210490230358,0.015181002820395584
0.9993059023333037,0.01532739489022461
0.9993242976518554,0.015180269379373001
0.9993190314188065,0.015180604461112246
0.999298130066657,0.015688414880134616
0.9993177434553644,0.01511961166277409
0.9993185019709795,0.015263106503843105
0.999318375226296,0.015293859162519574
0.9993165613456364,0.015180011774301505
0.9993142400208515,0.015353196014627812
0.9993063955366016,0.015451048207824947
0.9993171481906286,0.015305464422416648
0.9993136171462637,0.0153022775540963
0.9993132494277253,0.015416706940903246
0.9993119075577429,0.015457285193843262
0.9993007661354499,0.015419495449940257
0.99932097602572,0.01538732979583024
0.9993127007626587,0.01529933283714513
0.9993312649620124,0.015022181283082858
0.9993283395763353,0.015114908312858333
0.9993114051515134,0.01522527149173758
0.9993165906435628,0.015265895012880115
0.9993295453622191,0.015021939710583077
0.999307365264841,0.015446561599277153
0.9993184810525726,0.0153057066577853
0.9993185007732099,0.01522527149173758
0.9993040505504166,0.015489871014890966
0.9993140759774256,0.01522527149173758
0.9993107169773451,0.015416685441294042
0.9993152608285154,0.015305291942994792
0.9993133413503675,0.0153022775540963
0.999317206065837,0.015197510684647142
0.9993098775893464,0.015197510684647142
0.999318472269421,0.015296302092739467
0.9993148440476997,0.015279909323582253
0.9993125541234977,0.015405987926455644
0.9993113663572134,0.015457285193843262
0.9993152848996751,0.015517208741341548
0.9993265748997919,0.015186643200013172
0.9993143043603359,0.015197510684647142
0.9993173968561714,0.01525480861214401
0.9993117698427971,0.015415871566770711
0.9993128308081225,0.015419495449940257
0.9993055433261898,0.015419495449940257
0.9993072402714778,0.015419495449940257
0.9993089397481074,0.015414414566520485
0.9993158140491437,0.015191845527922077
0.9993199740163748,0.01522248298270057
0.9993150368974032,0.015291810612641399
0.9993134514961435,0.015349199952924053
0.9993095160738961,0.01538732979583024
0.999308754686562,0.015452017962323872
0.9993218437951151,0.015236376651080796
0.9993249552574209,0.015148818385552154
0.9993111823746859,0.015353196014627812
0.9993158974471243,0.01532739489022461
0.999317259960463,0.01532739489022461
0.99930923577376,0.0153246063811876
0.9993197711785455,0.015308495166822311
0.9993078050171551,0.015481960662867778
0.9993120769655338,0.015436176551195224
0.9993174962365307,0.015302675913379638
0.9993075744133755,0.015371380227018783
0.99931546295024,0.015265895012880115
0.9993100349169681,0.015410333120263076
0.9993160042116294,0.015296302092739467
0.9993172411821729,0.015148818385552154
0.9993234050154423,0.015308495166822311
0.999313882490617,0.015454496684806251
0.999324191559597,0.01518834835496996
0.9993133703273435,0.015366799776555418
0.9993134020269675,0.015416308581619909
0.9993242480702484,0.015125767989836447
0.999325618444308,0.015183791329432594
0.9993137464497265,0.015416685441294042
0.9993106528813774,0.015436176551195224
0.9993167600687762,0.015353196014627812
0.9993196872360736,0.015328031620611249
0.9993137981899924,0.015366799776555418
0.9993221299372523,0.015091217769957588
0.9993116872954729,0.01538732979583024
0.9993219103469262,0.015191845527922077
0.9993160202313478,0.01522248298270057
0.9993213080024509,0.01533082012964826
0.9993224422418533,0.015129511098349369
0.999325931229877,0.015172402812252628
0.9993134161877313,0.015349199952924053
0.99931990091889,0.015265895012880115
0.9993119718569644,0.015374168736055793
0.9993222093005432,0.0152079741364064
0.9993143700538827,0.015351988461961064
0.9993256358765995,0.015141744732472873
0.9993138456136312,0.015305308298501963
0.999321704596373,0.015191845527922077
0.9993170716746524,0.015263106503843105
0.9993190975100371,0.015239165160117807
0.9993245579968287,0.01522248298270057
0.9993292958931177,0.01518045701074211
0.9993097319122001,0.015419495449940257
0.9993224962998148,0.015129511098349369
0.9993244954171729,0.015194722175610131
0.9993152445855904,0.015308495166822311
0.9993109266564218,0.015401452686928607
0.9993103973496401,0.01529933283714513
0.9993218130064041,0.015436176551195224
0.9993128280084295,0.015427260083950678
0.9993097508287055,0.015374168736055793
0.9993034128262549,0.015437399269599972
0.9993237999085941,0.015189431709050183
0.9993235067101336,0.015148818385552154
0.9993183564967882,0.015084498351421338
0.9993116731332534,0.015308495166822311
0.9993162931040144,0.015197510684647142
0.9993206192555293,0.015216109162060398
0.9993315029804147,0.015191845527922077
0.9993098710269411,0.01533082012964826
0.9992995248991688,0.01553144855404831
0.9993112056024672,0.015366799776555418
0.9993138047617807,0.015282697832619263
0.9993099573110913,0.015446561599277153
0.9993155147209626,0.015294075905236681
0.9993159304068222,0.015414414566520485
0.9993188848951309,0.015282697832619263
0.9993185098594184,0.015405987926455644
0.9993144308676243,0.015416706940903246
0.9993231283575639,0.015144533241509883
0.9993189876719063,0.015144533241509883
0.9993122257424808,0.0153246063811876
0.999323367296024,0.015114908312858333
0.9993094948650363,0.015452017962323872
0.9993218501705428,0.015194722175610131
0.9993155641019184,0.015265895012880115
0.9993183610564159,0.015349199952924053
0.999318161915756,0.015239165160117807
0.9993200182243892,0.015263106503843105
0.9993277338324287,0.015181002820395584
0.9993165038362861,0.015374168736055793
0.9993152808409665,0.015265895012880115
0.9993138934651716,0.01533082012964826
0.9993194076023892,0.015294075905236681
0.9993050038222612,0.015440891806778545
0.999315622763022,0.015265895012880115
0.9993196968802167,0.01525480861214401
0.9993040530046445,0.015401452686928607
0.9993201613401475,0.015366799776555418
0.9993127439217027,0.015413651977178588
0.9993065703573292,0.01554933765954214
0.9993115565156103,0.015374168736055793
0.999300464651378,0.015454496684806251
0.9993116424309811,0.015427260083950678
0.9993127567219371,0.015374168736055793
0.9993132732071369,0.015166821561107824
0.9993091368350224,0.015366799776555418
0.9993176152048644,0.015301250999042004
0.9993245151594174,0.015189057018885066
0.9993139248936509,0.015424471574913667
0.9993204541722029,0.01511437947265648
0.9993017841746069,0.0155286600450113
0.9993109070552834,0.015371380227018783
0.9993192240389304,0.01525480861214401
0.9993083706613943,0.015405987926455644
0.9993113353348941,0.015294075905236681
0.999315698191744,0.01529933283714513
0.9993064023544874,0.0155446923505691
0.9993109106885568,0.015351988461961064
0.9993105437790255,0.015445896676663295
0.9993223313949134,0.015302675913379638
0.9993155608105564,0.015350407505590802
0.9993107459913155,0.015349199952924053
0.9993243938464973,0.015146029876515144
0.9993192994136251,0.01522527149173758
0.9993078756381409,0.015461180292001053
0.9993105132539115,0.01538454128679323
0.9993236465362003,0.015182683198244895
0.9993006971959814,0.015545804464954571
0.9993208279614465,0.01529933283714513
0.9993183980359925,0.015302675913379638
0.999337763159497,0.015027964276088213
0.9993078260893047,0.015302675913379638
0.9993025580746829,0.015457285193843262
0.9993267584464156,0.015197510684647142
0.999323073632839,0.015197510684647142
0.999310592372427,0.015301250999042004
0.9993069788182124,0.015405987926455644
0.9993223328099179,0.01521076264544341
0.9993154254672645,0.01521076264544341
0.9993151713951829,0.015293859162519574
0.999314351333052,0.01544812286416608
0.9993241870033193,0.01525480861214401
0.9993167085437799,0.015282697832619263
0.9993089712180847,0.015451048207824947
0.9993164397720099,0.015302675913379638
0.9993117328007759,0.015419495449940257
0.9993209579902281,0.01529933283714513
0.9993108279387606,0.015416706940903246
0.9993116991693607,0.01538732979583024
0.9993054274695626,0.015401452686928607
0.9993155612164611,0.015350407505590802
0.9993172443283792,0.015374168736055793
0.9993231542562446,0.015283491426016482
0.9993183759917742,0.015457285193843262
0.999310720398204,0.015414414566520485
0.9993060852378616,0.015438103297741534
0.9993231289331588,0.01518834835496996
0.9993134765340648,0.015194722175610131
0.9993085634037366,0.015405987926455644
0.9993146052349469,0.01538732979583024
0.9993009189622154,0.015545804464954571
0.9993168886206407,0.01532739489022461
0.9993130854963594,0.01528133543499166
0.9993068724349121,0.015542536359544279
0.999312662362821,0.01522527149173758
0.999318151121019,0.01529612961331761
0.999319605857999,0.01521076264544341
0.9993107979588339,0.015349199952924053
0.9993102644722035,0.01533082012964826
0.9993124759042502,0.01532739489022461
0.9993102044590645,0.015454496684806251
0.9993153896274571,0.015401452686928607
0.999320125370982,0.015308495166822311
0.9993203443675351,0.015265895012880115
0.9993164096969782,0.015265895012880115
0.9993261332347385,0.015161000319990237
0.9993151470706643,0.015144533241509883
0.9993266760150475,0.01522248298270057
0.9993159215617927,0.01544578089537918
0.999312179157665,0.015403199417418634
0.999309400813435,0.015371380227018783
0.9993162771010792,0.015398664177891597
0.9993092093408994,0.015530782288355915
0.9993183798286592,0.015293859162519574
0.999309852393778,0.015461180292001053
0.9993246861619051,0.015191845527922077
0.9993119805685705,0.01532739489022461
0.999310885582601,0.01532739489022461
0.999325218929701,0.015148818385552154
0.9993242530686514,0.015096612725090885
0.9993205356423855,0.01529933283714513
0.9993090149573889,0.015405987926455644
0.9993138603158002,0.015308495166822311
0.9993055686779024,0.015419495449940257
0.9993196249842528,0.015191845527922077
0.9993098700499253,0.015427260083950678
0.9993226582902923,0.015419495449940257
0.9993037633138144,0.015405987926455644
0.9993122410850171,0.01538732979583024
0.9993160185611416,0.015194722175610131
0.999309621706246,0.015427260083950678
0.9993124094389457,0.015308495166822311
0.9993109797055921,0.015282697832619263
0.9993078815465136,0.015414414566520485
0.9993053071336321,0.015546959066233157
0.9993250174353284,0.015045049562865564
0.9993138464916077,0.015374168736055793
0.999314085334948,0.015302675913379638
0.9993015473206229,0.015597762137377735
0.9993156402270765,0.015181002820395584
0.9993207502573073,0.015279510964298915
0.9993139742099867,0.015189431709050183
0.9993146094917583,0.015148818385552154
0.9993202023994731,0.01538732979583024
0.9993151937805487,0.015308495166822311
0.9993084110261844,0.015350407505590802
0.9993187612386697,0.015239165160117807
0.9993055752346972,0.015366799776555418
0.9993042998787286,0.015461180292001053
0.9993211555083364,0.015183791329432594
0.9993175822954303,0.015366799776555418
0.9993234777683325,0.01522248298270057
0.9993191026405676,0.015183791329432594
0.9993246792777816,0.01518045701074211
0.9993130397243417,0.015416685441294042
0.999314094192791,0.01538732979583024
0.9993231970568979,0.015166821561107824
0.9993081320918981,0.015454496684806251
0.9993110841217987,0.015446561599277153
0.999302986444584,0.015665249613081578
0.999321399209864,0.01521076264544341
0.9993221885539222,0.015282697832619263
0.9993156909283833,0.01522248298270057
0.9993140275627992,0.015293859162519574
0.9993168228677245,0.01533082012964826
0.9993161536386044,0.01532739489022461
0.9993063462473634,0.015461180292001053
0.9993197581919677,0.015197510684647142
0.9993288138951408,0.015144533241509883
0.999314002042864,0.015419495449940257
0.9993188908176417,0.01533082012964826
0.9993092654956587,0.015401452686928607
0.9993061573933046,0.015419495449940257
0.9993150575726802,0.015405987926455644
0.9993062986990567,0.015405987926455644
0.9993172264795499,0.015293859162519574
0.9993234446860951,0.015091217769957588
0.9993179249700038,0.01528133543499166
0.9993114633313145,0.015427260083950678
0.9993128174405117,0.015353196014627812
0.9993109515352243,0.015350009146307464
0.999311756825823,0.015416706940903246
0.9993126710581987,0.015279909323582253
0.9993146471287218,0.015349199952924053
0.99930679809624,0.015517208741341548
0.9993112395212087,0.015302675913379638
0.9993148078048144,0.015236376651080796
0.9993129932571224,0.015305464422416648
0.9993128732872654,0.01538454128679323
0.9993086257993102,0.015542536359544279
0.9993144525471935,0.01525480861214401
0.9993153022501357,0.015353196014627812
0.9993083208692561,0.015451048207824947
0.9993087824267222,0.01538732979583024
0.9993217826257728,0.01518834835496996
0.999321639253198,0.01522527149173758
0.9993225113183455,0.015181002820395584
0.9993169654669167,0.015427260083950678
0.9993170105568725,0.015199374128263443
0.9993215687210057,0.01521076264544341
0.9993086907485842,0.015401452686928607
0.999319852616334,0.01521076264544341
0.999320181350697,0.015349199952924053
0.9993168157553509,0.015263106503843105
0.9993187296546753,0.015191845527922077
0.9993210184792803,0.015302675913379638
0.999313249070299,0.01525480861214401
0.9993146853647648,0.015350407505590802
0.9993088457410491,0.015366799776555418
0.9993268161114404,0.015302675913379638
0.999314432756057,0.015282697832619263
0.9993057010094166,0.015451048207824947
0.9993087399707264,0.015366799776555418
0.9993029274180567,0.015452017962323872
0.9993220566898503,0.015297106649642345
0.999316878985383,0.01532739489022461
0.9993210594308224,0.015183791329432594
0.9993201376457893,0.01533082012964826
0.9993152166368859,0.015308495166822311
0.999313892850016,0.015458391782964043
0.9993121845077905,0.015427260083950678
0.9993233046725506,0.01518834835496996
0.9993231106358524,0.015366799776555418
0.9993194880051901,0.01511961166277409
0.9993084037596289,0.0155286600450113
0.9993192245146562,0.015125767989836447
0.9993078729214327,0.015452017962323872
0.9993151280351162,0.015148818385552154
0.9993123592202889,0.015366799776555418
0.9993135971805737,0.015239165160117807
0.9993150411468117,0.015350407505590802
0.9993126751970577,0.015440891806778545
0.9993083665313813,0.0155446923505691
0.9993093004099897,0.015293859162519574
0.9993073781147175,0.015350407505590802
0.9993212695538605,0.015276242421136565
0.9993101378222902,0.01544578089537918
0.9992984531232507,0.01576729854710024
0.9993098527043786,0.015350407505590802
0.9993137072092096,0.01529933283714513
0.9993112543580767,0.01538732979583024
0.9993088102841897,0.015419495449940257
0.9993157297341201,0.015350407505590802
0.9993144227546464,0.015239165160117807
0.9993142691941854,0.015280460681610819
0.9993163987302085,0.01528133543499166
0.9993088268395883,0.015374168736055793
0.9993101756613237,0.015457285193843262
0.999314016492216,0.015239165160117807
0.999305096707074,0.015490269374174304
0.9993246819553866,0.015189431709050183
0.9993122994696576,0.015350407505590802
0.9993223385642411,0.01521076264544341
0.9993168386113059,0.01538732979583024
0.9993105106494039,0.015351988461961064
0.9993172475507182,0.015350407505590802
0.9993103298741023,0.015401452686928607
0.9993137870318843,0.015374168736055793
0.9993236769971309,0.015112119803821322
0.9993107842617202,0.015350407505590802
0.9993114185506194,0.015277562406499356
0.9993137971796914,0.015366799776555418
0.9993132718123832,0.015305291942994792
0.9993204503825713,0.015278304690585998
0.9993123591381735,0.01529933283714513
0.9993150470169553,0.015493057883211314
0.9993146145790617,0.015457285193843262
0.9993229480726826,0.015197510684647142
0.999314628124014,0.015308495166822311
0.9993106484183011,0.015452017962323872
0.9993141053297773,0.015350407505590802
0.9993151911428897,0.01522527149173758
0.999316082389595,0.015189057018885066
0.9993114319929626,0.015308495166822311
0.9993104822208502,0.015416706940903246
0.99931085719361,0.015293859162519574
0.9993114165511544,0.01533082012964826
0.9993127756075555,0.015398664177891597
0.9993143281982164,0.015394491709134428
0.9993050766704704,0.015427260083950678
0.9993131350404207,0.015414414566520485
0.9993118165248555,0.015410333120263076
0.9993054971988027,0.015410333120263076
0.9993068198388706,0.01525480861214401
0.9993151415554735,0.01532739489022461
0.9993111178189293,0.015374168736055793
0.9993122098619265,0.015405987926455644
0.9993214632653984,0.015219724030726134
0.9993215352099177,0.01529933283714513
0.9993058874133188,0.015533496248413492
0.9993132275567436,0.01533082012964826
0.9993158690016578,0.01533082012964826
0.9993038362659039,0.015557215780598987
0.9993098032378731,0.015481960662867778
0.9993066346347864,0.015558499989219321
0.9993182979249958,0.015349199952924053
0.9993168424603515,0.01522527149173758
0.9993062638360277,0.01533082012964826
0.9993121863695893,0.015405987926455644
0.9993131300894873,0.015529071529313043
0.9993159818118192,0.015350407505590802
0.9993199429467821,0.015280460681610819
0.9993076072508752,0.015427260083950678
0.999316961082657,0.015265895012880115
0.9993115075683798,0.01529933283714513
0.9993145838193536,0.015291810612641399
0.9993181113372671,0.015183791329432594
0.9993106807774991,0.015461180292001053
0.9993110991958469,0.015415871566770711
0.999306694710088,0.015550841959958817
0.9993267969232366,0.015096612725090885
0.9993155738456492,0.01525480861214401
0.9993116017538738,0.015302675913379638
0.9993176898595191,0.015349199952924053
0.9993185093289313,0.01533082012964826
0.9993094059963391,0.015374168736055793
0.999320661443754,0.015148818385552154
0.9993086363030002,0.015445896676663295
0.9993154022639678,0.015350009146307464
0.9993109293861725,0.015374168736055793
0.9993184026006561,0.015394491709134428
0.9993226424570317,0.01521076264544341
0.9993234596378336,0.01525480861214401
0.9993172915595079,0.015239165160117807
0.9993144336001389,0.01533082012964826
0.9993224598930214,0.015197510684647142
0.9993153220438766,0.015236376651080796
0.9993164408151533,0.015197510684647142
0.9993157745357361,0.015366799776555418
0.9993162327035268,0.015296302092739467
0.9993163194112786,0.015297106649642345
0.999313098825286,0.015366799776555418
0.9993276520709178,0.01518834835496996
0.9993107322063043,0.015440891806778545
0.9993225691520033,0.015162979481246452
0.9993048971551971,0.01538732979583024
0.9993122363057745,0.015405987926455644
0.9993146387034981,0.015265895012880115
0.999313706222479,0.015419495449940257
0.9993056187106033,0.015529071529313043
0.9993157781725143,0.01522248298270057
0.999315802620437,0.015239165160117807
0.9993159048597553,0.01533082012964826
0.9993145221615928,0.015302675913379638
0.9993124322009219,0.01533082012964826
0.9993188481917716,0.015282697832619263
0.9993134112487351,0.015305464422416648
0.999322458569075,0.015189057018885066
0.9993150951814653,0.015364011267518407
0.9993055779334116,0.015446561599277153
0.9993151995248357,0.015265895012880115
0.9993167432728525,0.015417203075557495
0.9993076977969663,0.015452017962323872
0.9993220493910651,0.015191845527922077
0.9993166805553637,0.015166821561107824
0.9993115280437844,0.01518045701074211
0.9993212325822078,0.015166821561107824
0.9993115854957014,0.01525480861214401
0.9993249821489824,0.015191845527922077
0.9993141094376375,0.01529933283714513
0.9993201656919356,0.015162979481246452
0.9993245374181235,0.015191845527922077
0.9993128545439612,0.01533082012964826
0.9993262710352143,0.015094607921968262
0.9993126466654204,0.015239165160117807
0.9993213315892874,0.015350009146307464
0.9993224930859503,0.01510038009963477
0.9993159838310061,0.015189431709050183
0.9993153216514529,0.01521076264544341
0.9993201995724007,0.0153022775540963
0.9993226805557349,0.015291810612641399
0.9993129264030466,0.015293859162519574
0.999306575883553,0.015454496684806251
0.9993202037840555,0.015047838071902575
0.9993124032556562,0.0153022775540963
0.9993141021239047,0.015305464422416648
0.999320268875879,0.015189057018885066
0.9993114937606838,0.015189057018885066
0.9993217606470932,0.015189431709050183
0.9993039748590846,0.015548615772456031
0.9993028916082677,0.01555571148018231
0.9993111571491942,0.015183791329432594
0.9993173031798364,0.015183791329432594
0.9993167360426749,0.015239165160117807
0.9993166809907803,0.015305464422416648
0.9993143261981233,0.01538454128679323
0.9993290516412018,0.015129511098349369
0.9993207144837047,0.015076742450181868
0.99932264979502,0.015239165160117807
0.9993074778608738,0.015414414566520485
0.9993163813737814,0.015279909323582253
0.9993167086966557,0.015402256343144849
0.9993213665171082,0.01521076264544341
0.9993166833322792,0.01529666141320174
0.9993077965577258,0.015364011267518407
0.9993141000635868,0.015457285193843262
0.9993210626476452,0.015282697832619263
0.9993132834182142,0.015296302092739467
0.999320388254265,0.015180269379373001
0.9993150470982436,0.01544812286416608
0.9993204434323131,0.015166821561107824
0.999319821929005,0.015252020103107
0.9993155951576791,0.01525480861214401
0.9993249258511142,0.015160190972209442
0.999318274421465,0.015341362261007241
0.9993144370882187,0.015419495449940257
0.9993148174293914,0.01538732979583024
0.9993241967716393,0.015160190972209442
0.9993079507986752,0.015440891806778545
0.9993137541569824,0.015446561599277153
0.9993114662761466,0.01543195829072097
0.9993136860346994,0.01532739489022461
0.9993128964851312,0.015413896932257032
0.9993188471711516,0.015144533241509883
0.9993184554238314,0.015219724030726134
0.9993191882845524,0.015125767989836447
0.999316073798461,0.01532739489022461
0.9993082038447596,0.015461180292001053
0.999309888725695,0.015419495449940257
0.999323649230023,0.015129511098349369
0.9993024422222848,0.015529071529313043
0.9993109199653428,0.015446561599277153
0.9993139421752602,0.015374168736055793
0.9993244578640805,0.015097591590597759
0.9993141728373884,0.01538732979583024
0.99930971814926,0.015296302092739467
0.9993193668647886,0.01538732979583024
0.9993180436324117,0.015291070653482564
0.9993271416194504,0.01521076264544341
0.9993077319562689,0.015308495166822311
0.9993146823442205,0.01540810693276029
0.9993163095521391,0.015481960662867778
0.9993050192418476,0.015518525552399964
0.9993135994467273,0.015194722175610131
0.9993243042665856,0.015189057018885066
0.9993095818679503,0.015293859162519574
0.9993037390491892,0.015461180292001053
0.9993119378034848,0.015475586842227607
0.9993155600840682,0.015293859162519574
0.9993157052913516,0.015301250999042004
0.9993113219950641,0.015440891806778545
0.9993313192231991,0.015099592148311913
0.9993238840954258,0.015114908312858333
0.9993190647691835,0.015280460681610819
0.999309281374293,0.015279909323582253
0.9993222391652975,0.015252020103107
0.9993146797018121,0.015239165160117807
0.9993142113422246,0.015302675913379638
0.999321785715895,0.015265895012880115
0.9993181975350404,0.015308495166822311
0.9993109142589462,0.015308495166822311
0.9993157503302226,0.015446561599277153
0.9993133976662629,0.015321657799971078
0.999309855718685,0.01532739489022461
0.9993235231811216,0.015197510684647142
0.9993158296612107,0.015263106503843105
0.9993201981337564,0.015181002820395584
0.999320326378219,0.015080482109950388
0.9993085553317802,0.015454496684806251
0.999315188839473,0.015405987926455644
0.9993180492484733,0.015183791329432594
0.999317580012081,0.015282697832619263
0.9993169589800381,0.0153022775540963
0.9993186413215693,0.015282697832619263
0.9993094149542877,0.015427260083950678
0.9993065047680952,0.01533082012964826
0.9993186256539028,0.015305464422416648
0.9993163552998411,0.015400100352120027
0.9993192554642295,0.01518045701074211
0.9993120631322621,0.015302503433957781
0.9993150166580317,0.015282697832619263
0.9993151543000867,0.01525480861214401
0.9993200615557188,0.015162979481246452
0.999319097682919,0.015114908312858333
0.9993195606887083,0.015276242421136565
0.9993216471974539,0.015294075905236681
0.9993152268933813,0.015239165160117807
0.9993176799214375,0.015293859162519574
0.9993139392115478,0.01538732979583024
0.9993094698985517,0.015282697832619263
0.99932416899307,0.015265895012880115
0.9993202702912874,0.015305464422416648
0.9993142559573949,0.015414414566520485
0.9993221231749189,0.015191845527922077
0.9993141204354645,0.015305291942994792
0.999323007781259,0.015183791329432594
0.9993154025435501,0.0153246063811876
0.9993178099628519,0.015302675913379638
0.9993119734973359,0.015448259698787936
0.9993119496251821,0.015419495449940257
0.9993111810396312,0.015374168736055793
0.9993108855766666,0.015414414566520485
0.9993057419054395,0.015544170557196146
0.9993126327225832,0.015302675913379638
0.999320090887521,0.015305464422416648
0.9993106598055116,0.015457285193843262
0.9993070187066818,0.015302675913379638
0.9993073116504503,0.015533496248413492
0.9993150908423433,0.015183791329432594
0.9993141361698952,0.015414414566520485
0.9993277518376242,0.015279909323582253
0.9993181108898102,0.015183298725984784
0.9993087174869688,0.015414414566520485
0.9993244512094714,0.015166821561107824
0.9993205400031147,0.015293859162519574
0.9993165482467331,0.01538732979583024
0.9993155418641565,0.015308495166822311
0.9993220917783556,0.015191845527922077
0.9993116021912586,0.015366799776555418
0.9993287855772801,0.015083414977263843
0.9993148366038285,0.01538454128679323
0.999309342479962,0.01538732979583024
0.9993127721589947,0.015350407505590802
0.9993204397304151,0.015182683198244895
0.9993152148907505,0.015183791329432594
0.999326584792087,0.015144533241509883
0.9993193250442453,0.015374168736055793
0.9993244119618045,0.01522527149173758
0.9993176263767444,0.015291070653482564
0.9993059721071159,0.015429939484250532
0.9993071773664954,0.015427260083950678
0.9993055241222899,0.01544812286416608
0.9993212668986294,0.015350407505590802
0.9993140673191738,0.015419495449940257
0.9993195043948386,0.015172506943841313
0.9993172286367535,0.015181002820395584
0.9993213214136012,0.01525480861214401
0.9993208814478152,0.01507537635882894
0.9993107596485383,0.015282697832619263
0.999318490573918,0.015305464422416648
0.9993118135303661,0.015416706940903246
0.9993207242199126,0.015252020103107
0.9993092792388509,0.01532739489022461
0.9993136180962754,0.015493057883211314
0.9993216092823026,0.01518045701074211
0.9993223065275562,0.015166821561107824
0.9993111677210924,0.015350407505590802
0.9993134051430606,0.015350407505590802
0.9992984640601791,0.015719600724962035
0.9993170685321692,0.015305464422416648
0.99931267746841,0.015293859162519574
0.9993142382300955,0.01533082012964826
0.999320371361785,0.015283491426016482
0.9993034391830311,0.015416706940903246
0.9993221366516936,0.015191845527922077
0.9993118304809805,0.015398664177891597
0.9993071274766234,0.015660009712547662
0.9993179864407004,0.01532739489022461
0.9993232758925905,0.01522248298270057
0.9993227409698954,0.015182683198244895
0.9993168383238606,0.015265895012880115
0.9993128537341391,0.015279909323582253
0.9993133511965023,0.015405987926455644
0.9993255897441637,0.015162979481246452
0.9993212836070812,0.015126722589312358
0.9993170607176586,0.015194722175610131
0.9993158152586075,0.015350407505590802
0.9993076642006635,0.015529277987939238
0.9993175252186667,0.015288779868235736
0.9993150974776587,0.015394491709134428
0.9993209131289216,0.015283491426016482
0.999334281953173,0.015008006715276245
0.9993171431173593,0.01521076264544341
0.9993141561128434,0.015353196014627812
0.9993219244856645,0.015305464422416648
0.9993041837003521,0.015402801058135296
0.9993090369156228,0.015454943225056361
0.9993134249236005,0.015296302092739467
0.9993147148747842,0.015351988461961064
0.9993229364167521,0.01510038009963477
0.9993209232606568,0.015371380227018783
0.9993255044368413,0.015114908312858333
0.9993103385482557,0.015305464422416648
0.9993018905659838,0.015484749171904788
0.9993109782642081,0.015401452686928607
0.9993151958244697,0.015308495166822311
0.9993142515130202,0.01532739489022461
0.999315855650174,0.015282697832619263
0.9993071362058817,0.015484749171904788
0.9993209751370119,0.01521076264544341
0.9993108633085834,0.015366799776555418
0.9993275567652476,0.01503818747443919
0.9993124065762363,0.015293859162519574
0.9993184505693612,0.015302675913379638
0.9993121086184732,0.015197510684647142
0.9993146216956579,0.01538732979583024
0.9993117762983508,0.015353196014627812
0.9993122230794635,0.015410333120263076
0.9993175970256515,0.01525480861214401
0.9993095513734573,0.015401452686928607
0.9993137846591661,0.015427260083950678
0.999311571375768,0.015366799776555418
0.9993242752906514,0.015191845527922077
0.999313783965253,0.015454496684806251
0.9993207350552334,0.015183791329432594
0.9993107404886952,0.01548156230358444
0.9993179177611408,0.01533082012964826
0.999309012950164,0.01538454128679323
0.9993150808793659,0.015305464422416648
0.9993147249684033,0.015415871566770711
0.9993188817277457,0.015407661696319686
0.9993099608571716,0.015440891806778545
0.9993154564042326,0.015296302092739467
0.9993166254690155,0.01533082012964826
0.9993116712675446,0.015401452686928607
0.9993196004690881,0.015164033052070813
0.9993134193343617,0.015294075905236681
0.9993120647960094,0.015297106649642345
0.999323028989175,0.015183791329432594
0.9993130037745008,0.015416308581619909
0.9993141748093108,0.015405987926455644
0.9993190328882336,0.015305464422416648
0.9993227783967636,0.015114908312858333
0.9993108711231168,0.015436176551195224
0.9993129311329044,0.015452017962323872
0.9993173878700282,0.015384142927509892
0.999310973229645,0.01525480861214401
0.9993262756395624,0.015189057018885066
0.9993155097160156,0.015302675913379638
0.999317856850774,0.015293630668796077
0.9993202875496396,0.015293859162519574
0.9993186824198066,0.015305291942994792
0.9993194786863746,0.015283491426016482
0.9993054614970018,0.015416706940903246
0.9993156534010623,0.015183791329432594
0.9993042221395653,0.015547111472039354
0.999314293678486,0.015302675913379638
0.9993077845228547,0.015416706940903246
0.9993093032101329,0.01532739489022461
0.9993276221455699,0.015262708144559767
0.9993170826631342,0.01522248298270057
0.9993158921070954,0.015440891806778545
0.9993160301492721,0.01518834835496996
0.9993196810821039,0.015353196014627812
0.9993112111822591,0.015416685441294042
0.9993204077598273,0.015308495166822311
0.9993142813555691,0.015350407505590802
0.9993172030180271,0.015353196014627812
0.9993141532593149,0.015191845527922077
0.9993223792310625,0.015219724030726134
0.9993215436649926,0.015252020103107
0.9993193155471289,0.015350009146307464
0.9993084904957866,0.015543319735455086
0.9993107155645999,0.015353196014627812
0.999314924009614,0.015280460681610819
0.9993114197463636,0.015401452686928607
0.999317521790969,0.01538732979583024
0.9993119634149233,0.015405987926455644
0.9993127433981804,0.015305464422416648
0.9993271285443976,0.015129511098349369
0.9993090476573202,0.015427260083950678
0.9993206834138787,0.015236376651080796
0.99931584042479,0.01529933283714513
0.999313850973583,0.015297106649642345
0.999319297117814,0.015181002820395584
0.9993076384782393,0.015458391782964043
0.999318992620981,0.015181002820395584
0.9993101831678265,0.015451048207824947
0.9993144318731271,0.015374168736055793
0.9993217914420474,0.01525480861214401
0.9993229063877659,0.015164033052070813
0.9993129334992097,0.01529933283714513
0.9993035705652572,0.015427260083950678
0.9993146755570167,0.015457285193843262
0.999316981799628,0.015419495449940257
0.9993211164711335,0.015265895012880115
0.9993175544834111,0.015302675913379638
0.9993140710268859,0.015301250999042004
0.9993197023196286,0.01522248298270057
0.9993202081562144,0.015305464422416648
0.9993203948185406,0.015350407505590802
0.999315252144649,0.015401452686928607
0.9993116346205703,0.015405987926455644
0.9993190993045568,0.01533082012964826
0.9993185659355814,0.015305308298501963
0.9993196373811353,0.015294075905236681
0.9993080278138062,0.015302675913379638
0.9993195439776293,0.015088546346014198
0.9993098341918847,0.015417203075557495
0.9993203678560951,0.01511961166277409
0.9993105304370133,0.015457285193843262
0.9993086269197414,0.01554672365165466
0.9993189878622156,0.015189057018885066
0.9993096564347128,0.015413651977178588
0.9993230906707833,0.015197510684647142
0.9993180426097591,0.015293859162519574
0.9993066779911154,0.015548615772456031
0.9993082617788721,0.015446561599277153
0.9993179248191336,0.015414414566520485
0.9993303422162735,0.01522248298270057
0.9993107143376087,0.01533082012964826
0.9993182785295973,0.015308495166822311
0.9993187556333901,0.015416706940903246
0.9993087442995465,0.015344033684950631
0.9993150033700038,0.015364011267518407
0.9993208679868235,0.015344033684950631
0.9993105309226584,0.015402256343144849
0.999317894184057,0.01522248298270057
0.9993196928127445,0.01532739489022461
0.999318118440879,0.0153057066577853
0.9993117419906212,0.015416706940903246
0.9993251793947604,0.015162979481246452
0.9993213390795095,0.015239165160117807
0.9993239191731682,0.015189057018885066
0.9993258976105162,0.015197510684647142
0.9993145561464536,0.015280288202188963
0.9993086507695091,0.015446561599277153
0.9993209247121877,0.015125767989836447
0.999325848534301,0.015302675913379638
0.9993136312327963,0.015401452686928607
0.9993200119450756,0.015148818385552154
0.9993123202356229,0.01533082012964826
0.9993233280992793,0.0152079741364064
0.9993204155816375,0.015302675913379638
0.9993103825601722,0.015441885878147765
0.9993187498251467,0.01529933283714513
0.9993174757082622,0.015166821561107824
0.9993285555134965,0.015162979481246452
0.9993177272518998,0.015222512539763144
0.9993113744611084,0.01533082012964826
0.9993176410085733,0.01533082012964826
0.9993119441325337,0.015427260083950678
0.9993116234875794,0.015293859162519574
0.9993232852674822,0.0153057066577853
0.999317538469086,0.015280460681610819
0.9993294993961523,0.015182683198244895
0.9993221958046599,0.015297106649642345
0.9993134122041161,0.015452017962323872
0.9993061797558845,0.015493057883211314
0.9993143838064625,0.015302675913379638
0.9993201933516557,0.015283491426016482
0.999313324595967,0.015366799776555418
0.9993127979754458,0.015366799776555418
0.9993203400031846,0.015305464422416648
0.9993200006837384,0.015222084623417231
0.9993122308054918,0.015374168736055793
0.999309596178505,0.015461180292001053
0.9993150002251204,0.015282697832619263
0.9993335910038821,0.015122979480799437
0.9993118487173162,0.01538454128679323
0.9993137598974906,0.015446561599277153
0.999321322703371,0.015279273165542229
0.9993194291597995,0.015219724030726134
0.9993110494425278,0.015265895012880115
0.9993132994696733,0.015308495166822311
0.999319578008919,0.015144533241509883
0.9993116877967272,0.015282697832619263
0.9993150172185253,0.015318232560547429
0.9993227161959795,0.015194722175610131
0.9993043079483362,0.015419495449940257
0.9993194627610302,0.015252020103107
0.9993175342478742,0.015366799776555418
0.9993236788962228,0.01521076264544341
0.9993156568037257,0.015239165160117807
0.9993063358397694,0.015416706940903246
0.9993181949875686,0.015164427968244354
0.9993181058089019,0.015451048207824947
0.9993143202050935,0.015326036282797162
0.999317220604298,0.015350407505590802
0.999313113484858,0.01522527149173758
0.9993181043328617,0.015088991582454803
0.9993237804645186,0.015308495166822311
0.9993166429843552,0.015197510684647142
0.9993050493280713,0.015461180292001053
0.999328526612096,0.01511961166277409
0.9993224589343608,0.015293859162519574
0.9993136175644459,0.015302675913379638
0.9993135479215384,0.015353196014627812
0.9993162315317335,0.015328031620611249
0.9993191017304323,0.015191845527922077
0.9993097989238274,0.015353196014627812
0.9993176258592171,0.015166821561107824
0.9993076002138489,0.015401452686928607
0.9993062531420556,0.015445896676663295
0.9993183256715412,0.015129511098349369
0.9993214518741986,0.01533082012964826
0.9993186377523182,0.015191845527922077
0.9993128339889322,0.015328031620611249
0.9993145744637186,0.015533496248413492
0.9993136317715617,0.015374168736055793
0.9993093443860009,0.015481960662867778
0.9993188591114491,0.01525480861214401
0.9993038326755819,0.015374168736055793
0.9993099125073645,0.015452017962323872
0.9993175708050397,0.015349199952924053
0.9993178838342166,0.015207575777123061
0.9993220293560793,0.015148818385552154
0.9993176371085686,0.01532739489022461
0.9993127248531142,0.01525480861214401
0.9993092736346741,0.015403199417418634
0.9993253899491935,0.015191845527922077
0.9993113796478824,0.015419495449940257
0.9993169450212629,0.01529933283714513
0.9993065314661994,0.015414414566520485
0.9993147925376666,0.015305464422416648
0.9993111861955467,0.01533082012964826
0.9993178878353837,0.01529612961331761
0.9993098568288148,0.015401452686928607
0.9993139808841156,0.01529933283714513
0.9993107010549076,0.015403199417418634
0.9993171303514832,0.015291810612641399
0.9993071980875355,0.015451048207824947
0.9993075618273348,0.015384142927509892
0.9993098373467197,0.01538732979583024
0.9993136463211578,0.015305308298501963
0.9993255286411789,0.015166821561107824
0.9993141288186764,0.015401452686928607
0.9993112961685943,0.015353196014627812
0.9993147271581236,0.015118122581169402
0.999302222919573,0.015688414880134616
0.9993152452129984,0.01522527149173758
0.9993210852080656,0.015308495166822311
0.999326535056717,0.015181002820395584
0.999305575284165,0.015493057883211314
0.9993080925916236,0.015374168736055793
0.9993081818430507,0.015353196014627812
0.9993173157286973,0.015263106503843105
0.9993145772432899,0.015353196014627812
0.999308142828395,0.015401452686928607
0.9993043040371868,0.015451048207824947
0.9993230858865613,0.015162979481246452
0.9993072844197229,0.015454496684806251
0.9993190996685554,0.015282697832619263
0.9993045065700411,0.015550841959958817
0.9993184778291873,0.015319431612468293
0.999320453105096,0.01521076264544341
0.9993106934253164,0.015353196014627812
0.99931246311585,0.015419495449940257
0.9993219224678598,0.015292088669364823
0.9993187982546314,0.01532739489022461
0.9993117743627357,0.015401452686928607
0.9993212493831737,0.015174628999755413
0.9993111303211766,0.015371380227018783
0.999311710655265,0.015473360654724821
0.9993129456924988,0.015305464422416648
0.9993171002984597,0.015353196014627812
0.9993266839555591,0.015191845527922077
0.9993156208688171,0.01533082012964826
0.9993020837721784,0.015417203075557495
0.9993078960781225,0.015493057883211314
0.9993126848316959,0.015416706940903246
0.9993232663468767,0.015265895012880115
0.9993336493734032,0.01503818747443919
0.9993147541270134,0.015213437738117008
0.9993201740667986,0.01533082012964826
0.9993249216700093,0.015162979481246452
0.9993165092651913,0.01522527149173758
0.9993169203933312,0.015305464422416648
0.9993092178192604,0.015401452686928607
0.9993035022514011,0.015353196014627812
0.9993262183924025,0.01503134361276004
0.9993155752030313,0.01525480861214401
0.9993107802679934,0.015129511098349369
0.999314464949587,0.0153022775540963
0.9993093086277246,0.01538732979583024
0.9993091788312228,0.015414414566520485
0.999322181245344,0.015166821561107824
0.9993195935963374,0.01529933283714513
0.9993134693105707,0.015308495166822311
0.999316135786753,0.015267016429586278
0.9993178237834257,0.01518567693102657
0.9993136853499361,0.01532739489022461
0.9993291615101635,0.015146029876515144
0.9993138726462435,0.015405987926455644
0.9993154208728731,0.015416308581619909
0.9993086656249538,0.015366799776555418
0.9993173777395811,0.015279909323582253
0.9993090412814926,0.015401452686928607
0.9993093916555189,0.015452017962323872
0.9993146241322519,0.015350009146307464
0.9993120862926713,0.015419495449940257
0.9993225552968548,0.01529933283714513
0.9993174832137732,0.015305308298501963
0.999314813376914,0.015283491426016482
0.9993169145905065,0.01521076264544341
0.999298349725472,0.015699689774212544
0.9993139841215113,0.015294075905236681
0.9993058581531167,0.01554621927752553
0.9993110477521412,0.015417203075557495
0.9993152807305131,0.015144533241509883
0.9993153882152284,0.01521076264544341
0.999306849534471,0.015183791329432594
0.9993182253050373,0.015401452686928607
0.9993178577928831,0.015189057018885066
0.9993183143193651,0.015308495166822311
0.999309004211073,0.015457285193843262
0.9993184618665275,0.015321657799971078
0.9993260132294505,0.015148818385552154
0.9993196389198205,0.015183791329432594
0.9993198734555275,0.015305464422416648
0.9993118289528463,0.015416308581619909
0.9993146932657344,0.01525480861214401
0.9993059686669765,0.015419495449940257
0.999312951142048,0.01521076264544341
0.9993111353049151,0.015480875862357024
0.999323668172024,0.015294075905236681
0.9993215181218837,0.015191845527922077
0.9993264515395639,0.015189057018885066
0.9993185969764977,0.015308495166822311
0.9993179842006888,0.015279273165542229
0.9993125574197802,0.015328031620611249
0.9993119568456158,0.015454496684806251
0.9993096914264038,0.01532739489022461
0.9993233504990057,0.015148818385552154
0.9993100958385267,0.015374168736055793
0.9993209380199625,0.015252020103107
0.999307209797884,0.015405987926455644
0.9993091621598498,0.015481960662867778
0.9993193049102165,0.015265895012880115
0.9993086687596201,0.015546959066233157
0.9993145303533506,0.015278304690585998
0.9993228860199617,0.015182683198244895
0.9993190103482994,0.015166821561107824
0.9993090710223017,0.015353196014627812
0.999316979679396,0.01533082012964826
0.9993155349612008,0.015222084623417231
0.9993138642662915,0.015374168736055793
0.9993162048211076,0.015265895012880115
0.9993183600805474,0.015219325671442796
0.9993193633023325,0.015162979481246452
0.9993138730218015,0.015291070653482564
0.9993264368339738,0.015125767989836447
0.9993068715293316,0.015416308581619909
0.9993218463393624,0.015162979481246452
0.9993118774394701,0.015452017962323872
0.9993096360988813,0.015481960662867778
0.9993195988017345,0.01525480861214401
0.9993194831731648,0.015263106503843105
0.9993084823573148,0.015366799776555418
0.999318415497012,0.015239165160117807
0.9993078689559272,0.015414414566520485
0.9993088586335127,0.015265895012880115
0.9993085299184727,0.015443773090240143
0.9993154140357775,0.01538732979583024
0.9993153666306871,0.015282697832619263
0.9993202667948934,0.015191845527922077
0.9993100625647976,0.015417203075557495
0.9993172839609281,0.015278304690585998
0.9993191651401769,0.015189057018885066
0.9993139895079565,0.015366799776555418
0.9993134289688553,0.015305464422416648
0.9993208422448107,0.01511961166277409
0.9993229510386396,0.01522248298270057
0.999311912290059,0.015419495449940257
0.9993150276382046,0.01529933283714513
0.9993109229256623,0.0153057066577853
0.9993182848197397,0.015236376651080796
0.9993107585436847,0.015493057883211314
0.9993180840000376,0.015222084623417231
0.9993151000553107,0.015291810612641399
0.9993086964491051,0.015454943225056361
0.9993155513545928,0.015252020103107
0.9993071181744446,0.01544812286416608
0.9993136251114855,0.015394491709134428
0.9993168215592607,0.015296302092739467
0.9993165058047928,0.015350407505590802
0.9992994466587751,0.01554933765954214
0.9993170515525532,0.015374168736055793
0.9993175441647344,0.015189057018885066
0.9993155451785055,0.01525480861214401
0.9993244151642607,0.015126722589312358
0.9993150724571679,0.015166821561107824
0.999312576806014,0.015366799776555418
0.999320883889714,0.01503134361276004
0.9993135038913189,0.015282697832619263
0.9993158833071913,0.01538454128679323
0.999311466231001,0.015419495449940257
0.9993161681380474,0.015239165160117807
0.999310089625314,0.015351988461961064
0.9993081467791097,0.015305464422416648
0.9993138596258547,0.015366799776555418
0.9993113440209033,0.015374168736055793
0.9993155568422765,0.015263106503843105
0.9993160327557308,0.01538732979583024
0.9993253838814704,0.01522248298270057
0.9993044774457264,0.015544170557196146
0.9993202829044543,0.01529933283714513
0.9993235615655269,0.015081709842384328
0.9993122013847217,0.015194722175610131
0.9993154675969855,0.01540810693276029
0.9993060557729623,0.015427260083950678
0.9993198399615275,0.015114908312858333
0.9993136654055133,0.015302675913379638
0.9993147613930219,0.01522527149173758
0.9993264134250808,0.01521076264544341
0.999323263031218,0.01525480861214401
0.9993218657384076,0.015265895012880115
0.9993190168595328,0.01522527149173758
0.9993290548210692,0.015099592148311913
0.9993163770591168,0.015308495166822311
0.9993170663327264,0.015440891806778545
0.9993068564303148,0.015461180292001053
0.9993212837647588,0.015289862481862038
0.9993138184630407,0.015351988461961064
0.9993190407416321,0.015197510684647142
0.9993168286538238,0.015296302092739467
0.9993114295589135,0.015416706940903246
0.9993108856344507,0.015405987926455644
0.9993186168486679,0.015216109162060398
0.9993197200443745,0.01529933283714513
0.9993090806742935,0.015427260083950678
0.9993127743057101,0.015424669927344148
0.9993099535204695,0.015532844557805348
0.9993099003376149,0.01529933283714513
0.9993102045880417,0.015401452686928607
0.9993101289917958,0.015416685441294042
0.9993100069563285,0.015405987926455644
0.999321815086064,0.01532739489022461
0.9993058458970002,0.015480875862357024
0.9993150635367146,0.015265895012880115
0.9993184525915823,0.01522527149173758
0.9993196804779474,0.015305308298501963
0.9993150817927858,0.015419495449940257
0.9993189402207839,0.015419495449940257
0.999309912183654,0.015316006373044644
0.9993078006819208,0.015401452686928607
0.9993225850082866,0.01525480861214401
0.9993155073085563,0.015302675913379638
0.9993110685051187,0.015446561599277153
0.9993143287133223,0.015239165160117807
0.9993108857246222,0.015416706940903246
0.9993112960389599,0.015547111472039354
0.9993030069717806,0.015550485412200388
0.9993177158286792,0.01529933283714513
0.9993120089545345,0.015328031620611249
0.9993195761254492,0.01522248298270057
0.9993166763823274,0.015308495166822311
0.9993148306996505,0.015180604461112246
0.9993211031530826,0.01525480861214401
0.9993131704137735,0.015341362261007241
0.999314609079964,0.015419495449940257
0.9993190037643576,0.015305464422416648
0.9993042835714822,0.015427260083950678
0.9993057994458667,0.015560004289635998
0.999308941315215,0.015443773090240143
0.9993168771875753,0.015350407505590802
0.9993242568615691,0.015160190972209442
0.9993162775292458,0.01532739489022461
0.9993148830024091,0.015416706940903246
0.9993090015082257,0.015350009146307464
0.9993042465944213,0.015419495449940257
0.9993189122295697,0.015350407505590802
0.9993185554662741,0.015327633261327911
0.9993135337712414,0.015432281453037433
0.9993084282947703,0.015518713041758225
0.999313103291734,0.015302675913379638
0.9993178323110326,0.015293859162519574
0.9993132188110083,0.015461180292001053
0.9993238682715977,0.015222512539763144
0.9993129214383909,0.015308495166822311
0.9993112450594405,0.015427260083950678
0.9993027132830716,0.01538454128679323
0.9993190962160128,0.015183298725984784
0.999311842782302,0.015461180292001053
0.9993261932649177,0.015189057018885066
0.9993057549444819,0.01544578089537918
0.9993057173028712,0.015454496684806251
0.9993081496197281,0.01538732979583024
0.9993229346177925,0.015186643200013172
0.9993093308392618,0.015416685441294042
0.9993086127255643,0.015452017962323872
0.9993099932985752,0.015546959066233157
0.9993098100622216,0.01538454128679323
0.9993113718419917,0.015416706940903246
0.9993218585687269,0.01528133543499166
0.9993194205794959,0.01521076264544341
0.999318627575288,0.015402256343144849
0.9993240769151311,0.015349199952924053
0.9993049379928636,0.015427260083950678
0.9993085675983648,0.015451048207824947
0.9993230679659101,0.015308495166822311
0.9993198925084139,0.015302675913379638
0.9993141386580296,0.015394491709134428
0.999310279820494,0.015302675913379638
0.9993241902259921,0.01502855510372303
0.9993158947871479,0.0153057066577853
0.9993242320697893,0.01518834835496996
0.9993020989303109,0.015454496684806251
0.999312965740478,0.015265895012880115
0.9993076894678682,0.015364011267518407
0.9993068604026364,0.015415871566770711
0.9993118030901708,0.015350407505590802
0.9993075845965315,0.015457285193843262
0.999315128737929,0.015148818385552154
0.9993109807899695,0.015419495449940257
0.9993260795652806,0.015183791329432594
0.999313842707505,0.015493057883211314
0.9993178070317933,0.015401452686928607
0.9993196184016252,0.015183791329432594
0.9993233181192626,0.015353196014627812
0.9993286838411614,0.015081709842384328
0.9993194010274596,0.015265895012880115
0.9993219376758312,0.015148818385552154
0.9993135163575578,0.01533082012964826
0.9993122872620035,0.01525480861214401
0.9993039343099226,0.015532844557805348
0.9993235316214194,0.015097591590597759
0.9993112605951382,0.015441885878147765
0.9993270903224558,0.015114908312858333
0.999309502349482,0.015454496684806251
0.9993239211669226,0.01522527149173758
0.9993214337958846,0.015282697832619263
0.9993155798162854,0.015148818385552154
0.9993065281229256,0.015546959066233157
0.9993133747656882,0.015353196014627812
0.9993090643730023,0.01538732979583024
0.9993133941662408,0.015308495166822311
0.9993049281058796,0.015461180292001053
0.999320609144875,0.015183791329432594
0.9993210592393185,0.015265895012880115
0.9993151213426028,0.01521076264544341
0.9993211620905641,0.015144533241509883
0.9993132895570467,0.015415871566770711
0.9993183668047207,0.01532739489022461
0.9993186961886577,0.015222512539763144
0.9993112659194865,0.015263106503843105
0.9993155550396006,0.015308495166822311
0.9993131498297525,0.015405814558377529
0.9993206063170913,0.015350407505590802
0.9993187052603563,0.015283491426016482
0.9993058858420774,0.015461180292001053
0.9993191950041496,0.015181002820395584
0.9993142063889872,0.015297106649642345
0.9993164352365653,0.01532739489022461
0.9993129410292101,0.015305291942994792
0.9993144025701556,0.015265895012880115
0.9993099934106585,0.015427260083950678
0.9993201657080844,0.015265895012880115
0.9993241414987108,0.01525480861214401
0.9993146740838733,0.01525480861214401
0.9993294811683769,0.015091217769957588
0.9993125393247668,0.015350407505590802
0.9993195025273188,0.015291810612641399
0.999322062116014,0.015166821561107824
0.9993160145232475,0.015419495449940257
0.9993116684203899,0.01529933283714513
0.999313783472273,0.015366799776555418
0.9993168099621632,0.015114908312858333
0.9993245787408452,0.015080482109950388
0.9993200370430779,0.015293859162519574
0.9993153755412832,0.015292088669364823
0.9993187991490845,0.015189431709050183
0.9993163378161923,0.015416308581619909
0.9993101348991488,0.015484749171904788
0.9993232017084042,0.01525480861214401
0.999316482556522,0.015239165160117807
0.9993114969470747,0.01525480861214401
0.9993057100417159,0.015557215780598987
0.999313858299331,0.015302503433957781
0.9993104526948334,0.015408040745880314
0.999309913306569,0.015436176551195224
0.9993194979773762,0.015282697832619263
0.9993150017021186,0.015308495166822311
0.9993087328950857,0.0153246063811876
0.9993213198374652,0.01522527149173758
0.999314095251484,0.01522248298270057
0.9993128901531776,0.015484749171904788
0.9993102821088213,0.015365006406378612
0.9993172462870017,0.015305464422416648
0.9993188063921413,0.01522527149173758
0.9993184532999274,0.015362780218875827
0.9993013138513452,0.015546959066233157
0.9993232577542275,0.015125767989836447
0.9993118357812723,0.015364011267518407
0.9993061758222704,0.015446561599277153
0.9993111048642803,0.015414414566520485
0.9993136483920347,0.015153817151569271
0.9993120560002016,0.0153057066577853
0.9993191070981604,0.0153057066577853
0.9993234460829983,0.01510038009963477
0.9993190843783831,0.015308495166822311
0.9993199113200119,0.0152079741364064
0.9993135944618647,0.015384142927509892
0.9993096577410943,0.015419495449940257
0.9993158282103297,0.015263106503843105
0.9993101112218475,0.01532739489022461
0.999307948322124,0.015374168736055793
0.9993111538561769,0.015366799776555418
0.9993164844210348,0.015296302092739467
0.999310556383022,0.015370981867735445
0.9993163580891399,0.015239165160117807
0.9993131655334452,0.015374168736055793
0.9993170129323709,0.015282697832619263
0.9993196729476064,0.015293859162519574
0.9993143854296309,0.015374168736055793
0.999304918841042,0.015550485412200388
0.9993136858422647,0.01538732979583024
0.9993139258601514,0.015166821561107824
0.9993103733759352,0.015414414566520485
0.9993092665876948,0.015414414566520485
0.9993129370075812,0.015327633261327911
0.9993162107674031,0.015290672294199226
0.9993152358360472,0.015371380227018783
0.9993183558037215,0.015189057018885066
0.9993122944714006,0.015292088669364823
0.999315207309497,0.015197510684647142
0.9993080974576952,0.015403199417418634
0.9993179541444579,0.015197510684647142
0.9993106086357004,0.015405987926455644
0.9993121165688593,0.015353196014627812
0.9993169282425447,0.015366799776555418
0.9993144969355736,0.015374168736055793
0.9993132523781343,0.015374168736055793
0.9993196149162541,0.015265895012880115
0.9993141080193765,0.015374168736055793
0.9993176613539886,0.015282697832619263
0.9993214207969136,0.01525480861214401
0.9993060705582075,0.015490269374174304
0.9993104812675965,0.01532739489022461
0.9993156238082662,0.015189057018885066
0.9993158545103684,0.015293859162519574
0.9993088297957822,0.015384142927509892
0.9993147937190692,0.015265895012880115
0.9993289653753372,0.01503134361276004
0.9993248107533295,0.015148818385552154
0.9993160658812229,0.01538732979583024
0.9993103623262702,0.01533082012964826
0.9993232651818647,0.015114908312858333
0.9993108723704974,0.015416706940903246
0.9993052963138982,0.015374168736055793
0.9993297071887898,0.015114908312858333
0.9993160492930921,0.015236376651080796
0.999312718237401,0.015427260083950678
0.9993067511546854,0.015481960662867778
0.9993276747315752,0.015144533241509883
0.9993200354620023,0.015374168736055793
0.9993091913325816,0.015405987926455644
0.9993190165110313,0.015148818385552154
0.9993225757017774,0.015189431709050183
0.9993168880897929,0.01529933283714513
0.9993120820545062,0.015296302092739467
0.9993240956152984,0.01518834835496996
0.9993196714111539,0.015282697832619263
0.9993237037828726,0.01511961166277409
0.9993070283118084,0.015419495449940257
0.9993109327462242,0.015353196014627812
0.9993176250075094,0.01529933283714513
0.9993137124063174,0.015366799776555418
0.9993226751745925,0.0153022775540963
0.9993076167634048,0.015457285193843262
0.9993183804685998,0.015414414566520485
0.9993242232135848,0.01525480861214401
0.9993083172074382,0.015445896676663295
0.9993150487348195,0.01532739489022461
0.9993102102147532,0.015183791329432594
0.9993143302234123,0.01538732979583024
0.9993043664806162,0.015541815435038409
0.9993108924629359,0.015413896932257032
0.9993186662520614,0.015291810612641399
0.9993178217653435,0.015480875862357024
0.999310093270697,0.015416706940903246
0.9993223857529646,0.015410333120263076
0.9993080082119535,0.015401452686928607
0.9993183289972394,0.015293630668796077
0.9993099633107612,0.015405987926455644
0.9993128197728207,0.0153022775540963
0.9993246239087534,0.015239165160117807
0.9993071097540044,0.015484749171904788
0.9993152668908889,0.015350407505590802
0.9993183447966651,0.015350407505590802
0.9993218581686164,0.01521076264544341
0.9993123204424971,0.01538732979583024
0.9993164401236759,0.015366799776555418
0.9993125358162911,0.015308495166822311
0.999313028910995,0.015308495166822311
0.9993108373486541,0.015410333120263076
0.9993010215826791,0.015597762137377735
0.9993173904669613,0.01521076264544341
0.9993122055154802,0.015282697832619263
0.9993197626063194,0.01536361290823507
0.9993164508220146,0.015308495166822311
0.999308211466183,0.015408040745880314
0.9993114928878566,0.015418097754273496
0.9993133681931657,0.01529933283714513
0.9993164882416464,0.015294075905236681
0.999303440330862,0.015481960662867778
0.999314365333429,0.015022181283082858
0.9993184253211986,0.015296302092739467
0.9993047337219823,0.015550841959958817
0.9993264156987023,0.015282697832619263
0.9993133334908826,0.01533082012964826
0.9993207859817583,0.015305464422416648
0.9993154258553734,0.01538732979583024
0.9993150475914764,0.0153246063811876
0.9993137961177344,0.01538732979583024
0.9993181077406694,0.01522527149173758
0.9993120463607028,0.015353196014627812
0.9993081844328248,0.015353196014627812
0.9993257474890714,0.015191845527922077
0.9993120675309776,0.01528860738881388
0.9993263199719101,0.015183298725984784
0.9993153110958279,0.01533082012964826
0.9993232024384511,0.01521076264544341
0.999316276253563,0.015265895012880115
0.999316179260126,0.015302675913379638
0.9993190127938067,0.015148818385552154
0.9993129259903851,0.015446561599277153
0.9993166017799741,0.015374168736055793
0.9993098103677739,0.01525480861214401
0.9993185221992926,0.01529933283714513
0.9993192365719391,0.015282697832619263
0.9993237329243047,0.01521076264544341
0.9993234705640692,0.015251621743823662
0.9993019060127917,0.015557215780598987
0.9993226979900545,0.015182683198244895
0.999317159286429,0.015265895012880115
0.9993136099459662,0.015384142927509892
0.999315649254003,0.015293630668796077
0.9993217638237519,0.015239165160117807
0.9993139942576562,0.015297106649642345
0.9993177841439521,0.015181002820395584
0.9993236335779093,0.015219724030726134
0.9993184976584925,0.015293859162519574
0.9993218639236464,0.015296302092739467
0.9993161308939242,0.015440891806778545
0.9993103509678233,0.015446561599277153
0.9993138603627508,0.01538732979583024
0.9993134964695893,0.015353196014627812
0.9993165488020358,0.015291070653482564
0.9993013444660425,0.015560004289635998
0.9993230296244959,0.01522248298270057
0.9993174614905789,0.015222512539763144
0.9993151187791395,0.015405987926455644
0.9993149723624981,0.015424471574913667
0.9993249208710155,0.01532739489022461
0.9993148635807003,0.015401452686928607
0.9993213419387053,0.0153246063811876
0.9993140381483298,0.01522248298270057
0.999312648095517,0.015529071529313043
0.9993143891030891,0.015219724030726134
0.9993057309375419,0.015427260083950678
0.9993257409089431,0.015288779868235736
0.999310740110963,0.015401452686928607
0.999315722000973,0.01532739489022461
0.9993136892821584,0.015353196014627812
0.9993196296924007,0.015308495166822311
0.9993139870706219,0.01532739489022461
0.9993239932640677,0.015291810612641399
0.9993079129879316,0.015457993423680705
0.9993135620269199,0.015305291942994792
0.9993089594345561,0.01538732979583024
0.9993180205898574,0.01529933283714513
0.999310113142281,0.01532739489022461
0.9993101867057631,0.0155286600450113
0.9993169421357803,0.01522527149173758
0.9993206715443236,0.01533082012964826
0.9993206285265814,0.015239165160117807
0.9993143511466123,0.01544812286416608
0.9993148428159965,0.015413896932257032
0.9993178713537452,0.015166821561107824
0.9993146333090436,0.015350407505590802
0.9993178765034761,0.015296302092739467
0.9993125668310097,0.015401452686928607
0.9993095753611768,0.015419495449940257
0.9993161648367824,0.01532739489022461
0.9992984082628568,0.015493057883211314
0.9993103760178798,0.015305464422416648
0.9993189875311381,0.015183791329432594
0.9993163390522367,0.015191845527922077
0.9993101346336039,0.015353196014627812
0.9993077981471848,0.015374168736055793
0.999309204794619,0.015305291942994792
0.9993066527163625,0.01538732979583024
0.9993126176888791,0.015350407505590802
0.9993010766741988,0.015440891806778545
0.999312309243868,0.015308495166822311
0.9993177099296741,0.015305464422416648
0.9993231006422537,0.01521076264544341
0.9993088009929434,0.015445896676663295
0.999316544621039,0.015305464422416648
0.9993117022150914,0.015481960662867778
0.9993134327992109,0.015305464422416648
0.999315673494033,0.01525480861214401
0.9993230057159598,0.015162979481246452
0.9993063813762523,0.015449791774821087
0.9993163956122445,0.015414414566520485
0.999322436497727,0.015296302092739467
0.9993204774638964,0.015265895012880115
0.9993198604599055,0.015263106503843105
0.9993198626118304,0.015222512539763144
0.999314506883106,0.015308495166822311
0.9993208385340289,0.015291810612641399
0.9993092790277365,0.015532844557805348
0.9993072055443045,0.015446561599277153
0.9993153796946314,0.015416706940903246
0.9993172069186177,0.015283491426016482
0.9993202197984559,0.015239165160117807
0.999319561136321,0.01522527149173758
0.9993101633582667,0.015308495166822311
0.999308186435135,0.015446561599277153
0.9993084830777585,0.015419495449940257
0.9993143714309312,0.015265895012880115
0.9993170430929975,0.01538732979583024
0.9993185858670955,0.015166821561107824
0.9993161765614292,0.015291810612641399
0.9993194915937312,0.01532739489022461
0.9993121145159607,0.01540810693276029
0.9993158922839971,0.015305464422416648
0.9993125120260388,0.015357637446878236
0.999301317452533,0.015405987926455644
0.9993211237941999,0.01503818747443919
0.9993185516467626,0.015278304690585998
0.9993216041340713,0.0153246063811876
0.9993097089596746,0.015419495449940257
0.9993226359092798,0.01529933283714513
0.9993104341394127,0.015293859162519574
0.9993171770659757,0.015189057018885066
0.9993183688145831,0.01533082012964826
0.9993161632215082,0.01518834835496996
0.9993215540588876,0.015305464422416648
0.9993070890602466,0.01529933283714513
0.9993084765074535,0.015402256343144849
0.9993146044516437,0.015305464422416648
0.9993083821899201,0.015350407505590802
0.9993068919803464,0.015557215780598987
0.9993034461825653,0.015493057883211314
0.999318170093625,0.01521076264544341
0.9993215102780889,0.015144533241509883
0.9993043601707363,0.015440891806778545
0.9993144304612945,0.01532739489022461
0.9993155315970117,0.01533082012964826
0.9993163503608612,0.015197510684647142
0.999322491876,0.015189057018885066
0.9993115541138309,0.015416308581619909
0.9993208880808444,0.015283491426016482
0.9993124187057779,0.015374168736055793
0.9993184401240428,0.015296302092739467
0.9993235084124763,0.015183791329432594
0.9993191639507927,0.015349199952924053
0.9993271442343937,0.015154987807487252
0.9993117646445394,0.015296302092739467
0.9993084227208111,0.015454496684806251
0.9993192009146007,0.015293859162519574
0.9993264268447879,0.015191845527922077
0.999317770406443,0.015353196014627812
0.9993121111466385,0.015350407505590802
0.9993092407085348,0.015441885878147765
0.9993196262718649,0.015296302092739467
0.9993121114103007,0.01533082012964826
0.9992998386225349,0.015535000548830169
0.9993137052962761,0.015353196014627812
0.9993151429555959,0.015414414566520485
0.9993039840971197,0.015619269681820924
0.9993027766938382,0.015665249613081578
0.9993064596819772,0.015427260083950678
0.999322530196457,0.015183791329432594
0.9993161543037594,0.015366799776555418
0.9993192444824236,0.015265895012880115
0.999310118710918,0.015432281453037433
0.9993110420282952,0.0153057066577853
0.9993239051328365,0.015191845527922077
0.999312331416969,0.01522527149173758
0.9993091743053959,0.015296302092739467
0.9993062254467259,0.015481960662867778
0.9993086146323369,0.015451048207824947
0.9993211135236522,0.015047838071902575
0.9993061734517532,0.015457285193843262
0.9993235581429742,0.015191845527922077
0.9993152630457166,0.01532739489022461
0.9993122350459736,0.015305464422416648
0.9993267045828377,0.015291810612641399
0.9993133587157745,0.015405987926455644
0.9993202408574847,0.015291810612641399
0.9993099464740005,0.015416706940903246
0.9992995730444165,0.015597762137377735
0.9993172120647278,0.015277562406499356
0.9993118389501461,0.015305464422416648
0.9993113321076936,0.015451048207824947
0.9993101039243848,0.015366799776555418
0.9993260327901844,0.015148818385552154
0.9993222555437329,0.015183791329432594
0.999309937602453,0.01544578089537918
0.9993125526229014,0.01540810693276029
0.9993197534840926,0.015297106649642345
0.9993260062354241,0.01507537635882894
0.9993184678042932,0.01522248298270057
0.9993130387237951,0.015543802649618854
0.9993180333593307,0.015371380227018783
0.9993134288508153,0.01529933283714513
0.9993065815518807,0.01538732979583024
0.9993149916789188,0.015296302092739467
0.9993041382183376,0.015597762137377735
0.9993222945317394,0.01522527149173758
0.9993131623619809,0.015371380227018783
0.99932640735183,0.015180011774301505
0.9993195633138106,0.015353196014627812
0.9993237124989394,0.01522527149173758
0.9993164474891579,0.015366799776555418
0.9993147448967623,0.01538732979583024
0.9993036166597911,0.015424471574913667
0.9993193663801354,0.015166821561107824
0.9993148555033212,0.015405987926455644
0.9993133346391974,0.015302675913379638
0.9993115017855874,0.01553144855404831
0.9993129974483842,0.01532739489022461
0.999319234281129,0.015129511098349369
0.9993149025169152,0.015401452686928607
0.9993222861970563,0.015129511098349369
0.9993219182437485,0.015183791329432594
0.9993140150289112,0.015279909323582253
0.9993179621685873,0.015166821561107824
0.999314834398864,0.01529933283714513
0.9993217101365449,0.015239165160117807
0.9993139701371434,0.01525480861214401
0.9993115168763259,0.01529933283714513
0.9993071272063667,0.015446561599277153
0.9993250906530379,0.015207575777123061
0.9993064231316486,0.015457285193843262
0.9993175026480247,0.015401452686928607
0.9993211680299997,0.01521076264544341
0.9993167330935234,0.015239165160117807
0.9993128796306235,0.015532844557805348
0.9993196101835264,0.015265895012880115
0.9993175528097985,0.01532739489022461
0.9993077183443382,0.015436176551195224
0.9993115767731341,0.01536361290823507
0.9993124019528202,0.015419495449940257
0.999315830027179,0.015191845527922077
0.99930315055414,0.015427260083950678
0.9993076216271599,0.01544449573782014
0.9993281576172166,0.015129511098349369
0.9993239560053512,0.01521076264544341
0.9993210483371961,0.015114908312858333
0.9993036133682774,0.015402256343144849
0.9993168850432537,0.015197510684647142
0.9993222265530727,0.015182683198244895
0.9993014130947442,0.015427260083950678
0.9993128952449404,0.01538732979583024
0.9993209316671562,0.01522248298270057
0.9993073657845856,0.01538454128679323
0.999313008620552,0.015194722175610131
0.9993221433995155,0.015114908312858333
0.9993175330255999,0.015296302092739467
0.9993199410760775,0.015283491426016482
0.9993241692704017,0.015164033052070813
0.9993194984444888,0.01525480861214401
0.9993110753325017,0.015419495449940257
0.9993139278746718,0.015328031620611249
0.9993183638740526,0.01533082012964826
0.9993142935983086,0.015308495166822311
0.9993234314337772,0.015118122581169402
0.9993124883872967,0.01521076264544341
0.9993180212895904,0.015191845527922077
0.9993211562993156,0.015401452686928607
0.9993082324920952,0.015350407505590802
0.9993103752371302,0.01525480861214401
0.9993276480011593,0.015091217769957588
0.9993145783591466,0.01532739489022461
0.999307939216436,0.015451048207824947
0.9993127376292747,0.015416706940903246
0.9993142550039625,0.01529933283714513
0.9993109845736005,0.015374168736055793
0.9993156950224508,0.015308495166822311
0.9993200532699178,0.015162979481246452
0.9993199518731908,0.015236376651080796
0.9993100747611325,0.015263106503843105
0.9993128058821015,0.015350407505590802
0.9993141266539172,0.01533082012964826
0.9993093335560685,0.015548615772456031
0.999309457721694,0.0153057066577853
0.9993085221051251,0.015366799776555418
0.9993175594956382,0.01521076264544341
0.9993161036376056,0.015374168736055793
0.9993144109278789,0.015293859162519574
0.9993173961341959,0.015350009146307464
0.9993145522172223,0.015265895012880115
0.9993100073413143,0.015481960662867778
0.9993235076810294,0.015146029876515144
0.9993221519104742,0.015144533241509883
0.9993146321580253,0.015305464422416648
0.9993179954479217,0.01522527149173758
0.9993128057451344,0.015457285193843262
0.9993204274369135,0.015116605660159266
0.9993186436017587,0.015197510684647142
0.9993137478761764,0.015265895012880115
0.9993196739369693,0.015166821561107824
0.9993177012942225,0.015305308298501963
0.9993219334287995,0.015144533241509883
0.9993159857039148,0.015350407505590802
0.9993140885460307,0.015353196014627812
0.9993168307315824,0.015308495166822311
0.9993184782196093,0.01533082012964826
0.9993124366517208,0.015296302092739467
0.9993092816207134,0.015353196014627812
0.9993082858566615,0.015405987926455644
0.9993161044482848,0.015305464422416648
0.9993148005532437,0.015291070653482564
0.9993188324799284,0.015239165160117807
0.9993189387662081,0.015288779868235736
0.9993005638002087,0.01555571148018231
0.9993080458780412,0.015294075905236681
0.9993143689420414,0.01525480861214401
0.9993243969870836,0.01511682315373708
0.9993077432759214,0.015454496684806251
0.9993268180566264,0.015302675913379638
0.9993257641811311,0.01507537635882894
0.9993125927639047,0.01532739489022461
0.9993141555467311,0.01529933283714513
0.9993170841522342,0.01533082012964826
0.9993225661787825,0.015239165160117807
0.9993078610440596,0.015401452686928607
0.9993161342740382,0.015189057018885066
0.9993060841833789,0.015414414566520485
0.999316637340937,0.015280460681610819
0.9993160112157624,0.015374168736055793
0.999317269501275,0.015191845527922077
0.9993044633094972,0.015457285193843262
0.9993097826891002,0.015416706940903246
0.9993142930168736,0.015401452686928607
0.9993138322627169,0.01538732979583024
0.9993166190640536,0.015394491709134428
0.999311702545559,0.015451048207824947
0.9993243922496,0.015162979481246452
0.9993226232210034,0.01521076264544341
0.9993104756075322,0.015405987926455644
0.9993187899730428,0.01521076264544341
0.9993093767778234,0.01538732979583024
0.9993109900249401,0.015401452686928607
0.999317897405783,0.01538454128679323
0.9993130753527975,0.01533082012964826
0.999317530259222,0.015296302092739467
0.9993222909933411,0.015194722175610131
0.9993159289090578,0.015405987926455644
0.9993216729412835,0.01522527149173758
0.9993022357329243,0.015416706940903246
0.9993184166274449,0.0153246063811876
0.9993157137319775,0.01521076264544341
0.999321166044722,0.015301320711854416
0.9993121955738488,0.015398664177891597
0.9993107643727254,0.015293859162519574
0.9993161530029847,0.01532739489022461
0.9993160432286103,0.01522527149173758
0.9993085771076136,0.01532739489022461
0.9993193735607436,0.015189057018885066
0.9993153444552904,0.01525480861214401
0.9993142025821123,0.015350407505590802
0.9993154796667002,0.015189057018885066
0.9993162367612284,0.015129511098349369
0.9993155989872302,0.015265895012880115
0.9993128271264067,0.015293859162519574
0.9993140303297369,0.01525480861214401
0.9993061832820067,0.015475586842227607
0.9993163835702724,0.01538732979583024
0.99930533870111,0.015535000548830169
0.9993067247132572,0.015457285193843262
0.9993165900740716,0.015166821561107824
0.9993119028937836,0.015484749171904788
0.9993096266738976,0.015457285193843262
0.9993139599177913,0.015280460681610819
0.9993104995344623,0.015374168736055793
0.999326986988228,0.015076742450181868
0.9993146600233362,0.015427260083950678
0.9993162117537703,0.01533082012964826
0.9993201839860687,0.015410333120263076
0.9993159293217775,0.015350407505590802
0.9993149688980937,0.015350009146307464
0.999318555479258,0.01511961166277409
0.9993093910782711,0.015414414566520485
0.9993048059807601,0.015328031620611249
0.9993146955023583,0.01532739489022461
0.9993075427942301,0.015483664371394035
0.9993181870030847,0.015174628999755413
0.9993108682115379,0.015348801593640715
0.9993130176027548,0.015189057018885066
0.9993185451067945,0.01521076264544341
0.9993199643495598,0.015164033052070813
0.9993224934675797,0.01522248298270057
0.9993146870262904,0.015197510684647142
0.9993180153368937,0.015305464422416648
0.9993133151691098,0.01529933283714513
0.9993201760206417,0.015265895012880115
0.9993160975080054,0.015308495166822311
0.9993209743210554,0.015191845527922077
0.9993186565739502,0.01522527149173758
0.9993130359759987,0.015405987926455644
0.9993139447753356,0.015298462490004994
0.9993094085553946,0.015305291942994792
0.9993008646597457,0.015747396692688653
0.9993202479894864,0.015291810612641399
0.9993216066818371,0.015148818385552154
0.9993263718504289,0.015163634692787475
0.9993194515654659,0.015293859162519574
0.9993158334133068,0.015351988461961064
0.9993052963155205,0.015451048207824947
0.99930965170075,0.015308495166822311
0.9993248768058473,0.015222084623417231
0.9993153432070779,0.015371380227018783
0.999310594180165,0.015350407505590802
0.9993203512985886,0.015166821561107824
0.9993191998450511,0.015350009146307464
0.999312849231288,0.01529933283714513
0.9993136041626357,0.015353196014627812
0.9993234986337478,0.015197510684647142
0.9993123703337125,0.015402256343144849
0.9993160462016933,0.015398664177891597
0.9993111060636607,0.015415871566770711
0.9993093029251082,0.015483895553534133
0.9993184994108373,0.01533082012964826
0.9993077525058126,0.015546959066233157
0.9993120277537312,0.01538454128679323
0.9993156133388944,0.015374168736055793
0.9993237379511425,0.01529933283714513
0.9993263230715551,0.015148818385552154
0.999322761205332,0.01525480861214401
0.9993171163404004,0.015350407505590802
0.9993163038325555,0.015290672294199226
0.9993069064735661,0.015440891806778545
0.9993162658676443,0.015296302092739467
0.9993147020265561,0.015282697832619263
0.9993223166812534,0.015293859162519574
0.9993140602167186,0.015364011267518407
0.9993213786909714,0.015197510684647142
0.9993222185955258,0.015099592148311913
0.9993053560951299,0.015550841959958817
0.9993173989863704,0.015293630668796077
0.9993151968126835,0.01522527149173758
0.9993079368426822,0.01544812286416608
0.9993135915178499,0.015557215780598987
0.999316819984565,0.015350407505590802
0.999315153449218,0.015440891806778545
0.999319671597213,0.01529933283714513
0.9993138014982448,0.01533082012964826
0.9993055008950165,0.015457285193843262
0.9993111090561545,0.015401452686928607
0.9993134319208531,0.015293859162519574
0.999320075840292,0.01522527149173758
0.9993184426534207,0.015350407505590802
0.9993261987457042,0.015129511098349369
0.9993071815233173,0.015457285193843262
0.9993242379045825,0.015144533241509883
0.999318830789504,0.015374168736055793
0.9993154398524,0.015197510684647142
0.999311631598165,0.015449346538380482
0.9993199810107936,0.015239165160117807
0.9993187330011684,0.015183791329432594
0.9993065325615841,0.015351988461961064
0.9993163704396371,0.015427260083950678
0.999320445349455,0.015308495166822311
0.9993134028402859,0.01522248298270057
0.9993171542638818,0.01538732979583024
0.9993152363440913,0.01529933283714513
0.9993120616792962,0.015416706940903246
0.9993199961475826,0.015047838071902575
0.9993221305995967,0.015166821561107824
0.9993139908630364,0.01538732979583024
0.9993156962842277,0.015239165160117807
0.9993138176956605,0.01538454128679323
0.9993259611168761,0.01507537635882894
0.9993114359878965,0.015410333120263076
0.9993208466740872,0.015302675913379638
0.9993034499702955,0.015419495449940257
0.9993137792880045,0.015454943225056361
0.999311035781847,0.015480875862357024
0.9993123082203477,0.015405987926455644
0.9993143634000486,0.015278304690585998
0.9993056676268562,0.015446561599277153
0.9993098475737475,0.015401452686928607
0.9993156015016434,0.0153057066577853
0.9993193338420773,0.01522527149173758
0.9993130654077202,0.015282697832619263
0.9993074014676627,0.015414414566520485
0.9993076196006521,0.01555571148018231
0.9993302026563636,0.015099592148311913
0.999325887185601,0.01511961166277409
0.9993119455119538,0.015401452686928607
0.9993035266956389,0.015484749171904788
0.9993082704397812,0.015461180292001053
0.9993165118416822,0.01532739489022461
0.9993293822934827,0.01503818747443919
0.999319566987167,0.01525480861214401
0.9993121226468951,0.015427260083950678
0.9993171433070897,0.01532739489022461
0.9993219146544392,0.01532739489022461
0.9993164858772411,0.015293859162519574
0.9993153916979988,0.015302675913379638
0.9993099946637318,0.01533082012964826
0.9993200774323306,0.01525480861214401
0.9993114729627881,0.015457285193843262
0.9993181795271091,0.01521076264544341
0.9993224099893783,0.015239165160117807
0.9993234790600396,0.015265895012880115
0.9993205427844244,0.015277562406499356
0.9993071871688,0.015457285193843262
0.999310718573741,0.015436176551195224
0.9993031402901514,0.01544812286416608
0.9993259462420869,0.015139656055874973
0.999314501689093,0.015366799776555418
0.9993107349646593,0.015392290357251426
0.9993146213504546,0.015461180292001053
0.9993137735760402,0.015374168736055793
0.9993101361138181,0.015350407505590802
0.999314139442905,0.015446561599277153
0.999317155587803,0.015301250999042004
0.9993147662312254,0.015328031620611249
0.9993144483588322,0.015328031620611249
0.9993172360392869,0.015293859162519574
0.999319584001714,0.01521076264544341
0.9993166022459118,0.015160190972209442
0.9993179259016944,0.015296302092739467
0.9993120508460427,0.015401452686928607
0.9993135322556949,0.01525480861214401
0.9993057423955899,0.015449791774821087
0.9993052855215033,0.015308495166822311
0.9993158552061141,0.01532739489022461
0.9993087976915498,0.015419495449940257
0.9993213585920275,0.015183791329432594
0.9993172950865842,0.015282697832619263
0.9993155068014249,0.015366799776555418
0.9993095954486338,0.015461180292001053
0.9993136774169182,0.015419495449940257
0.9993117627551834,0.015451048207824947
0.9993155569982707,0.015414414566520485
0.9993151716992373,0.015189431709050183
0.9993157017981082,0.015293859162519574
0.9993229134752745,0.01529933283714513
0.9993193816125974,0.015308495166822311
0.9993103986073819,0.015461180292001053
0.9993100295108687,0.015408040745880314
0.9993159406988353,0.015265895012880115
0.9993105256315676,0.015293859162519574
0.9993091465666915,0.015405814558377529
0.9993092637333104,0.015308495166822311
0.9993143880183228,0.015350407505590802
0.9993055457752955,0.015597762137377735
0.9993151732494392,0.015252020103107
0.9993050438892782,0.0155286600450113
0.9993253931940663,0.015097591590597759
0.999317562537818,0.015293859162519574
0.9993157382071108,0.01521076264544341
0.9993231524349964,0.015083414977263843
0.999309280691634,0.015451048207824947
0.9993222867241879,0.01522248298270057
0.9993044012115908,0.015451048207824947
0.9993199997800434,0.015166821561107824
0.9993172825753979,0.015427260083950678
0.9993131129983213,0.01538732979583024
0.9993197572428028,0.015166821561107824
0.9993197044149729,0.015265895012880115
0.9993148108155995,0.015414414566520485
0.9993186184803321,0.015191845527922077
0.9993201642696047,0.01521076264544341
0.9993126337519885,0.015349199952924053
0.9993227403466678,0.015122979480799437
0.9993067884927412,0.015454496684806251
0.9993227910293193,0.01521076264544341
0.9993119033120264,0.015350407505590802
0.9993121386700282,0.01522527149173758
0.9993128731439694,0.015416706940903246
0.9993015974504766,0.015457285193843262
0.9993122010318709,0.015279909323582253
0.999311452034725,0.01522527149173758
0.999319899867622,0.015297106649642345
0.9993118173059984,0.015416685441294042
0.9993201980357732,0.015129511098349369
0.9993090466547587,0.015301250999042004
0.999319046741515,0.015239165160117807
0.999300994570732,0.015454496684806251
0.9993105712184903,0.015419495449940257
0.9993163432915539,0.01529933283714513
0.9993170803317414,0.015239165160117807
0.9993288296348622,0.015141744732472873
0.9993099230695759,0.015416308581619909
0.99932228848958,0.015182683198244895
0.9993223099472281,0.015160190972209442
0.9993289049103027,0.015028463329802122
0.9993191459766354,0.0153246063811876
0.9993193957951012,0.01510038009963477
0.9993092977139673,0.01529933283714513
0.9993113815331365,0.015438103297741534
0.9993142620738079,0.015366799776555418
0.9993234467584435,0.015183791329432594
0.9993209496156679,0.015178043191870216
0.9993152145890074,0.0153022775540963
0.9993154722883503,0.015265895012880115
0.9993240526010181,0.015239165160117807
0.999326783184584,0.015166821561107824
0.9993149266595446,0.015350407505590802
0.9993189835644875,0.015197510684647142
0.9993195095197994,0.01521076264544341
0.9993115814186709,0.015405987926455644
0.9993102385418559,0.015546959066233157
0.999311758112374,0.01544578089537918
0.9993129562637251,0.015419495449940257
0.9993191738753867,0.015265895012880115
0.9993180446821536,0.015374168736055793
0.9993234801264331,0.015302503433957781
0.9993074838342924,0.015481960662867778
0.999302003477067,0.015529277987939238
0.999314373789374,0.015291070653482564
0.9993189257354537,0.015282697832619263
0.999322449203491,0.015148818385552154
0.9993172524848146,0.01522527149173758
0.9993171803473505,0.015180269379373001
0.9993076590655529,0.015427260083950678
0.999307851093772,0.015374168736055793
0.9993228526133928,0.015148818385552154
0.9993231336559077,0.015075336021744157
0.9993151216197721,0.015283491426016482
0.9993101818673821,0.015427260083950678
0.9993167531969794,0.01522248298270057
0.9993194412658036,0.015350009146307464
0.9993137502638924,0.015513861772026516
0.9993126975322605,0.015374168736055793
0.9993164331056261,0.01538732979583024
0.9993141981283933,0.015374168736055793
0.9993097778210402,0.015416308581619909
0.999305934642076,0.01532739489022461
0.9993079020339642,0.015405987926455644
0.9993201324340741,0.015291070653482564
0.9993193642736637,0.015282697832619263
0.9993330016597751,0.015097591590597759
0.9993246073499664,0.015084498351421338
0.9993163101415681,0.01532739489022461
0.999317227609073,0.015297106649642345
0.9993231117625615,0.015097591590597759
0.9993160740278293,0.0153246063811876
0.9993131418017828,0.015440891806778545
0.9993180425106271,0.015353196014627812
0.9993192099440859,0.015308495166822311
0.9993074605455261,0.015350407505590802
0.9993187851088345,0.015308495166822311
0.9993085869909107,0.015452017962323872
0.9993194788691309,0.015263106503843105
0.9993186150153436,0.01521076264544341
0.9993141150850151,0.015328031620611249
0.9993215171168282,0.015283491426016482
0.9993210623355573,0.01511961166277409
0.9993247241593832,0.015178043191870216
0.9993202411531895,0.015239165160117807
0.9993173721127054,0.01525480861214401
0.9993142443854924,0.01533082012964826
0.9993071836474522,0.01538732979583024
0.9993137124064816,0.015443773090240143
0.9993165106621382,0.015308495166822311
0.9993038958424874,0.015548615772456031
0.9993169232010369,0.015446561599277153
0.999320841251035,0.015302675913379638
0.99931607938812,0.015291810612641399
0.9993174169626691,0.01525480861214401
0.9993149560606212,0.015236376651080796
0.9993150771935154,0.015305464422416648
0.9993200055410129,0.01521076264544341
0.9993160369038179,0.015166821561107824
0.9993086995867794,0.015413896932257032
0.9993199505823623,0.015305464422416648
0.9993178674705694,0.015239165160117807
0.9993181687792126,0.015252020103107
0.9993129642497703,0.01538732979583024
0.9993068408674085,0.015454496684806251
0.9993175783576137,0.015294075905236681
0.9993080469830833,0.015457285193843262
0.9993281406955027,0.015112119803821322
0.999322282949012,0.015278132211164142
0.999315563327889,0.015282697832619263
0.999308575980543,0.015446561599277153
0.9993141263435884,0.01529933283714513
0.9993046252473037,0.015419495449940257
0.9993130170028829,0.015416308581619909
0.999316527033401,0.01525480861214401
0.9993169215141928,0.01522527149173758
0.9993148355671531,0.015282697832619263
0.9993149023400901,0.015374168736055793
0.9993231731032803,0.015148818385552154
0.9993235122103487,0.015216109162060398
0.9993139392357205,0.015427260083950678
0.9993130666766722,0.015493057883211314
0.9993225598392272,0.015194323816326794
0.9993072588496005,0.01544812286416608
0.999316594769519,0.015366799776555418
0.9993059655306029,0.01553144855404831
0.9993283232814221,0.015125767989836447
0.9993214729567246,0.015181002820395584
0.9993076517653987,0.015457285193843262
0.9993155364309653,0.015302675913379638
0.9993144479418269,0.015296302092739467
0.9993138770984734,0.015305464422416648
0.9993121176184958,0.015401452686928607
0.999310913039368,0.01522527149173758
0.9993168082045452,0.015353196014627812
0.9993184107420975,0.015353196014627812
0.9993254227088734,0.015239165160117807
0.9993134684436575,0.01538732979583024
0.999316968296471,0.015350407505590802
0.9993141087770729,0.015410333120263076
0.9993131774086277,0.015283491426016482
0.9993134618920004,0.015414414566520485
0.999307821416686,0.015414414566520485
0.9993157678645839,0.01529933283714513
0.9993126858437715,0.015419495449940257
0.999315719948165,0.015280460681610819
0.9993180144711591,0.01533082012964826
0.9993039688135008,0.015419495449940257
0.9993155392956783,0.015280288202188963
0.999319485334271,0.015222512539763144
0.999309411182689,0.015452017962323872
0.999312852365097,0.01538732979583024
0.9993138133355245,0.015305464422416648
0.9993177600859515,0.015166821561107824
0.9993167284575206,0.015419495449940257
0.9993201484106251,0.01522527149173758
0.999321316481341,0.015265895012880115
0.9993094201426586,0.015446561599277153
0.9993111432550065,0.015457285193843262
0.9993078396291204,0.015446561599277153
0.9993020974370285,0.015532844557805348
0.9993073953670284,0.015535000548830169
0.9993163346256826,0.015219724030726134
0.9993235569182598,0.015189431709050183
0.9993186199327062,0.015350407505590802
0.9993097858241202,0.015440891806778545
0.9993190886109176,0.015305308298501963
0.999321898362942,0.01521076264544341
0.9993192873481332,0.015222084623417231
0.9993110390342613,0.015350009146307464
0.9993182151569581,0.01522527149173758
0.9993199708664786,0.01521076264544341
0.9993160285019227,0.015293859162519574
0.9993153613959121,0.0153057066577853
0.9993031804580184,0.015454496684806251
0.9993172927793614,0.015279909323582253
0.9993047525972981,0.015374168736055793
0.999321795559289,0.01533082012964826
0.9993133674933867,0.015350407505590802
0.9993151264753887,0.015305291942994792
0.9993151068009971,0.015279510964298915
0.9993188251905725,0.015265895012880115
0.9993108030893669,0.015398664177891597
0.9993132471046803,0.01532739489022461
0.9993193450269978,0.015293859162519574
0.999309714213112,0.015427260083950678
0.9993223861050601,0.01521076264544341
0.9993157490436145,0.015191845527922077
0.9993118035444721,0.015353196014627812
0.9993020097119912,0.01556969609137493
0.9993102010028508,0.015419495449940257
0.9993134815578171,0.015366799776555418
0.9993236175115789,0.015026798957259224
0.9993159884342416,0.015282697832619263
0.9993132164105247,0.015282697832619263
0.9993063548382976,0.015416706940903246
0.9993101916383698,0.015401452686928607
0.9993167480926214,0.015353196014627812
0.9993066986077482,0.015484749171904788
0.9993151929777183,0.015414414566520485
0.999320433297124,0.01510038009963477
0.9993208977443694,0.015183791329432594
0.9993101777552346,0.015550485412200388
0.9993192624823429,0.015183298725984784
0.9993154856246279,0.015146029876515144
0.9993210363544522,0.01522527149173758
0.9993106437540809,0.015419495449940257
0.999325365556533,0.015112119803821322
0.9993072368904233,0.015446561599277153
0.9993247593123439,0.015045049562865564
0.9993202443981067,0.015197510684647142
0.9993190373053189,0.015265895012880115
0.9993180356309727,0.015301250999042004
0.9993136862585208,0.015265895012880115
0.9993145202181912,0.015265895012880115
0.9993130220741504,0.015401452686928607
0.999306693961888,0.015461180292001053
0.9993150653030393,0.015417203075557495
0.9993114535784478,0.015403199417418634
0.9993118661426527,0.01522527149173758
0.9993080260806255,0.015451048207824947
0.9993025698891574,0.015560004289635998
0.9993216215977321,0.01522248298270057
0.9993228058632836,0.01503818747443919
0.9993132125870798,0.015461180292001053
0.9993130849257515,0.015452017962323872
0.9993161163830095,0.015239165160117807
0.9993120897938912,0.015265895012880115
0.9993137225062017,0.015283491426016482
0.9993111155258865,0.015419495449940257
0.9993121679898929,0.015402801058135296
0.9993138774125951,0.015374168736055793
0.9993266101447634,0.015181002820395584
0.9993108583886952,0.015484749171904788
0.9993201187077593,0.015197510684647142
0.9993155708942963,0.015419495449940257
0.9993223358123752,0.015366799776555418
0.9993236018240773,0.01522248298270057
0.9993197240343598,0.01525480861214401
0.9993220064894375,0.01518834835496996
0.9993136949006016,0.015263106503843105
0.9993135024080155,0.015405987926455644
0.9993077620005072,0.015401452686928607
0.9993099714740079,0.015398664177891597
0.9993129761661128,0.015353196014627812
0.9993105685084417,0.015405987926455644
0.999312043705692,0.015302675913379638
0.9993187715624096,0.015236376651080796
0.9993137811601913,0.015189057018885066
0.9993233816804447,0.01521076264544341
0.9993121779845192,0.015263106503843105
0.9993133436275535,0.015461180292001053
0.9993096979715931,0.015353196014627812
0.9993260824370367,0.015129511098349369
0.9993147057154657,0.015291810612641399
0.9993222267888261,0.015191845527922077
0.9993157524057991,0.01522248298270057
0.9993117892662059,0.0152079741364064
0.9993244374568112,0.015144533241509883
0.9993206493317945,0.01521076264544341
0.999310288426951,0.015427260083950678
0.9993205459028484,0.015263106503843105
0.9993223802803085,0.015183791329432594
0.9993176308597487,0.015166821561107824
0.9993287971269199,0.0152079741364064
0.9993137377128546,0.01538732979583024
0.9993184895002669,0.015254506495700149
0.9993211584600137,0.015186643200013172
0.9993151857181379,0.015265895012880115
0.9993038715508019,0.015461180292001053
0.9993177177638193,0.015239165160117807
0.9993178821773828,0.01532739489022461
0.9993142295826728,0.015374168736055793
0.9993089661261508,0.01533082012964826
0.9993180045462017,0.015302675913379638
0.9993209519127997,0.015129511098349369
0.9993222050909288,0.01522527149173758
0.9993088349561319,0.015454496684806251
0.9993168555773396,0.01522527149173758
0.9993132857720316,0.015405987926455644
0.999310899222934,0.015401452686928607
0.9993102231513223,0.015424471574913667
0.9993122938268726,0.015481960662867778
0.9993170872622078,0.01544812286416608
0.9993187792947703,0.015305464422416648
0.9993144292397148,0.015405987926455644
0.9993127551549063,0.015419495449940257
0.999316062004102,0.01538732979583024
0.9993059493758892,0.015484749171904788
0.9993195381959694,0.015183791329432594
0.9993249508740291,0.015114908312858333
0.999310892921023,0.01538732979583024
0.9993306366472307,0.015114908312858333
0.999307963891495,0.015398664177891597
0.9993200151100423,0.015305464422416648
0.9993217043589484,0.015144533241509883
0.9993158197128603,0.015461180292001053
0.9993007373411117,0.015560004289635998
0.9993114993456476,0.01525480861214401
0.9993184848636961,0.01529933283714513
0.9993228960588056,0.0153057066577853
0.9993207358032018,0.015083695545453857
0.9993084334289114,0.015427260083950678
0.9993162198366278,0.015239165160117807
0.9993168169827072,0.015366799776555418
0.9993137462459417,0.015308495166822311
0.9993268120852753,0.015014210019693053
0.999315731547858,0.015419495449940257
0.9993140119459564,0.015410333120263076
0.9993107450994638,0.01538732979583024
0.9993065733793827,0.015302503433957781
0.9993160406801636,0.0153022775540963
0.9993085518208221,0.015432281453037433
0.9993231137453455,0.015144533241509883
0.9993218702868671,0.01522527149173758
0.9993072747508658,0.015405987926455644
0.9993056589154035,0.015493057883211314
0.9993228521531082,0.015181002820395584
0.9993156165970442,0.01522248298270057
0.9993204416772336,0.015263106503843105
0.9993222210123418,0.015366799776555418
0.9993166599917546,0.015366799776555418
0.9993169829924231,0.015144533241509883
0.9993085054879733,0.015366799776555418
0.999321332698204,0.01529933283714513
0.9993149958454806,0.015374168736055793
0.9993132570632502,0.015350407505590802
0.9993113248743809,0.015308495166822311
0.9993228204689758,0.015126722589312358
0.999306868261254,0.015440891806778545
0.9993256677750928,0.015099592148311913
0.9993247548281737,0.015197510684647142
0.9993090432065326,0.015530782288355915
0.9993129351433973,0.015328031620611249
0.9993117174920226,0.015191845527922077
0.9993128402611151,0.01525480861214401
0.9993165838816329,0.0153246063811876
0.999316994890585,0.015308495166822311
0.9993155864832847,0.015148818385552154
0.9993229001059043,0.015183791329432594
0.9993131856001893,0.01544812286416608
0.9993233461459772,0.015189057018885066
0.9993255926016404,0.015097591590597759
0.9993231669265005,0.015164033052070813
0.999318099406844,0.015291810612641399
0.9993199771388507,0.015296302092739467
0.9993104321817619,0.015291810612641399
0.9993138341275627,0.015308495166822311
0.9993213347277193,0.01518834835496996
0.9993158400938958,0.01529933283714513
0.9993170312053146,0.015297106649642345
0.9993122546471234,0.015302675913379638
0.9993109768571946,0.015365006406378612
0.9993201756634825,0.015252020103107
0.9993135640331215,0.015414414566520485
0.999315363179049,0.015374168736055793
0.999318331125103,0.015174628999755413
0.9993076269903675,0.015446561599277153
0.9993196189574796,0.015296302092739467
0.9993138978833231,0.015186643200013172
0.9993067605692459,0.015443773090240143
0.9993028529115692,0.015662461104044567
0.9993105004353297,0.01538732979583024
0.9993194129178098,0.015374168736055793
0.999316817847779,0.015305464422416648
0.9993211516742003,0.01525480861214401
0.9993171010574968,0.015362780218875827
0.9993128435916684,0.015351988461961064
0.9993094739261198,0.015440891806778545
0.9993113050084487,0.015457285193843262
0.999317445381179,0.015302675913379638
0.9993150297705855,0.015181002820395584
0.9993231746356445,0.015139656055874973
0.999318757271604,0.015291810612641399
0.9993095155039041,0.015560004289635998
0.999306368230106,0.015544170557196146
0.9993142454063185,0.015353196014627812
0.9993127245607004,0.015283491426016482
0.9993097548940044,0.015438103297741534
0.9993144599930693,0.015350009146307464
0.9993228481294428,0.01533082012964826
0.9993180766067377,0.015096612725090885
0.9993250004991663,0.015145631517231806
0.9993082512698525,0.015166821561107824
0.9993040153453829,0.015448259698787936
0.9993154050061879,0.01538732979583024
0.9993161857383002,0.015305464422416648
0.999305818270646,0.015457285193843262
0.9993047820049091,0.01555681742131565
0.99931588861565,0.015291810612641399
0.9993266553686484,0.015162979481246452
0.9993179429948615,0.015183791329432594
0.9993071617237086,0.015416706940903246
0.9993245586007992,0.015096612725090885
0.9993115738594418,0.015403199417418634
0.9993142201400036,0.01522248298270057
0.999317863299905,0.015239165160117807
0.9993216128588709,0.015301250999042004
0.9993187519025776,0.015351988461961064
0.9993269473062341,0.01510038009963477
0.9993265837726731,0.015191845527922077
0.9993139429949867,0.01522527149173758
0.9993082512321148,0.015405987926455644
0.9993048794588067,0.01553144855404831
0.9993184703447314,0.015166821561107824
0.9993027750911762,0.015543319735455086
0.9993082485874591,0.015413896932257032
0.9993139443116491,0.015374168736055793
0.9993174081666291,0.01525480861214401
0.9993153280682797,0.01532739489022461
0.9993171122211694,0.015414414566520485
0.9993091292175499,0.015302675913379638
0.9993133704620158,0.0153057066577853
0.9993238240083882,0.015282697832619263
0.9993174745212203,0.01532739489022461
0.9993125299210531,0.015350407505590802
0.9993023553078644,0.015457285193843262
0.9993091119619014,0.015493057883211314
0.9993100540083489,0.015374168736055793
0.9993099594241788,0.015440891806778545
0.9993212010325505,0.015144533241509883
0.9993252932520742,0.015160190972209442
0.9993064039883086,0.015440891806778545
0.9993106997946423,0.015416706940903246
0.999323458297465,0.015120348768672187
0.9993151421752293,0.015189057018885066
0.9993040339200221,0.015403199417418634
0.9993198748601692,0.015213350210085963
0.9993182858679571,0.01525480861214401
0.9993117367843495,0.01540810693276029
0.9993128661525358,0.015308495166822311
0.9993127712696945,0.015328031620611249
0.9993193672907715,0.015181002820395584
0.9993100894647192,0.01533082012964826
0.9993090758112562,0.015353196014627812
0.9993237517922691,0.01522248298270057
0.9993205473666492,0.01529933283714513
0.9993210348698912,0.01538732979583024
0.9993169348838554,0.015374168736055793
0.9993177398293314,0.015291070653482564
0.9993077439278854,0.015305464422416648
0.9993109808113928,0.015419495449940257
0.9993137130133802,0.015414414566520485
0.9993171442219249,0.015239165160117807
0.9993143591015866,0.015308495166822311
0.9993194899560522,0.015302675913379638
0.9993162200269272,0.015265895012880115
0.9993202564835779,0.015019151201546066
0.9993266600628805,0.015197510684647142
0.9993109387226549,0.015454496684806251
0.9993237405699107,0.015239165160117807
0.999316371928185,0.015296302092739467
0.9993178912794779,0.015308495166822311
0.9993168595085099,0.01525480861214401
0.9993126316773007,0.015419495449940257
0.9993159618762583,0.015366799776555418
0.9993089045273091,0.015419495449940257
0.9993144133714915,0.015366799776555418
0.9993182634265921,0.015166821561107824
0.9993192891654715,0.01522248298270057
0.9993114494255,0.015353196014627812
0.9993078208103792,0.015414414566520485
0.9993113492072729,0.015296302092739467
0.9993127722110485,0.015374168736055793
0.9993136622117518,0.015446561599277153
0.999329323710872,0.015096612725090885
0.9993139628102482,0.015405987926455644
0.9993021250401062,0.015557215780598987
0.9993185373089756,0.015162979481246452
0.9993091423688529,0.015410333120263076
0.9993144160147036,0.01532739489022461
0.9993099062898108,0.015353196014627812
0.9993134275163206,0.015436176551195224
0.9993190965089318,0.015282697832619263
0.9993116065646995,0.01525480861214401
0.9993101173152227,0.015353196014627812
0.9993092027399483,0.0153057066577853
0.9993245342368816,0.015282697832619263
0.9993153288064771,0.015271984802165406
0.999308346797653,0.015308495166822311
0.9993170073304521,0.015440891806778545
0.9993082308650783,0.015454496684806251
0.9993097385168634,0.015443773090240143
0.9993104880641879,0.015419495449940257
0.9993100544822723,0.01529933283714513
0.9993118524217856,0.015282697832619263
0.9993103582885448,0.015440891806778545
0.9993154097107573,0.015219724030726134
0.9993090898093966,0.015457993423680705
0.9993144628632258,0.01525480861214401
0.9993066525713452,0.015546959066233157
0.9993219140919009,0.015239165160117807
0.9993094582459261,0.015419495449940257
0.999309277691519,0.015454496684806251
0.999318673353211,0.01511961166277409
0.9993052979266377,0.01545215471601935
0.9993107304006329,0.015374168736055793
0.9993089965554618,0.015530782288355915
0.9993106402812022,0.015440891806778545
0.9993242892136217,0.015183791329432594
0.9993133288792356,0.01533082012964826
0.9993172507650367,0.01511961166277409
0.9993293383666696,0.01510038009963477
0.9993144504079444,0.015353196014627812
0.9993216944253621,0.015047838071902575
0.9993243777504147,0.015197510684647142
0.999318683812116,0.01533082012964826
0.9993126847734384,0.015302675913379638
0.9993195557683472,0.01532739489022461
0.9993102731121106,0.015353196014627812
0.9993114172160801,0.015308495166822311
0.9993031208218279,0.015461180292001053
0.9993121072704573,0.015454496684806251
0.9993101985532148,0.015401452686928607
0.9993219229528407,0.015291070653482564
0.9993183813764143,0.015239165160117807
0.9993185387413837,0.015265895012880115
0.9993045731711263,0.01553144855404831
0.9993191362783042,0.015279909323582253
0.9993100865508318,0.015401452686928607
0.9993072729142047,0.015530782288355915
0.9993189952490161,0.015308495166822311
0.9993107217029362,0.01533082012964826
0.9993186753583498,0.015222512539763144
0.9993196626706669,0.015191845527922077
0.9993179997996504,0.015350407505590802
0.9993075882156915,0.015416308581619909
0.9993138533529062,0.015454496684806251
0.9993119855389712,0.015327633261327911
0.9993115471787353,0.015351988461961064
0.9993124623092356,0.015414414566520485
0.999316964691096,0.015403199417418634
0.9993142718644205,0.015305464422416648
0.9993280735976817,0.015183791329432594
0.9993213966103217,0.015166821561107824
0.9993030669533469,0.015483664371394035
0.9993045700479224,0.015458391782964043
0.999308824657126,0.015427260083950678
0.9993196163064816,0.015265895012880115
0.9993070739221355,0.015541323082523206
0.9993181178769609,0.015297106649642345
0.9993159692157451,0.015440891806778545
0.9993076453181843,0.015481960662867778
0.9993123693826733,0.015350407505590802
0.999309741089088,0.015405987926455644
0.9993196691302237,0.0153246063811876
0.9993076042853111,0.015537796736555975
0.999311031702183,0.01522527149173758
0.9993153018290312,0.015374168736055793
0.9993198582473258,0.015263106503843105
0.9993052030083506,0.01544578089537918
0.9993099052133417,0.015427260083950678
0.9993169553046741,0.015416308581619909
0.9993174322233689,0.015191845527922077
0.9993048738574116,0.01553144855404831
0.9993079169150321,0.015440891806778545
0.9993079374693838,0.015530782288355915
0.9993113340875256,0.01532739489022461
0.999317695161235,0.015265895012880115
0.999319597553843,0.015222512539763144
0.999317270425887,0.015301250999042004
0.9993312198155623,0.015047838071902575
0.9993162452577492,0.015308495166822311
0.9993196534791433,0.01512632423002902
0.9993182761741973,0.015197510684647142
0.9993134705752276,0.01538732979583024
0.9993174598330735,0.015265895012880115
0.9993228523124704,0.01529612961331761
0.9993124360740694,0.015416706940903246
0.999315850678648,0.015305464422416648
0.9993008674169336,0.01553144855404831
0.9993193680794363,0.015278304690585998
0.9993100280845383,0.01553144855404831
0.9993160239613974,0.015291810612641399
0.9993132687965381,0.015297106649642345
0.9993238533040314,0.01510038009963477
0.9993143606874675,0.015353196014627812
0.99932303015309,0.015114908312858333
0.9993107162773516,0.015305464422416648
0.9993052648900695,0.015440891806778545
0.9993084864132639,0.015427260083950678
0.9993195706838494,0.015305464422416648
0.9993013036199325,0.015484749171904788
0.9993156876818678,0.015427260083950678
0.9993148002776904,0.0153022775540963
0.9993141193656976,0.015446561599277153
0.9993045556873781,0.015401452686928607
0.9993164559065452,0.015296302092739467
0.9993131413449999,0.015305291942994792
0.9993176586816839,0.015371380227018783
0.9993154596290962,0.015321657799971078
0.9993235148187304,0.015189057018885066
0.9993039451594575,0.015454496684806251
0.9993145562905105,0.01529933283714513
0.9993121833113757,0.015305464422416648
0.9993099731713749,0.015405987926455644
0.9993116939828376,0.015353196014627812
0.9993119063854281,0.015302675913379638
0.9993112919898319,0.015532844557805348
0.9993198953839012,0.01518834835496996
0.9993133380057506,0.015293859162519574
0.9993307500627497,0.015021590455448042
0.9993254207747113,0.01508685593059056
0.9993205140581183,0.01510038009963477
0.9993145082067397,0.015296302092739467
0.9993338883395328,0.015026798957259224
0.9993216011244094,0.01521076264544341
0.9993173223677968,0.01522527149173758
0.9993147665727634,0.015427260083950678
0.9993221066588054,0.015239165160117807
0.9993177601026201,0.015189431709050183
0.9993222044280025,0.015308495166822311
0.9993231473598507,0.015164033052070813
0.9993139789196079,0.015282697832619263
0.9993097048977281,0.015265895012880115
0.9993092685994913,0.01533082012964826
0.9993218494619907,0.015191845527922077
0.9993005234018086,0.01556969609137493
0.9993270056326689,0.015191845527922077
0.9993203173211328,0.015157659231430642
0.9993147796398829,0.015350407505590802
0.999312159668526,0.015446561599277153
0.9993056249107721,0.015461180292001053
0.9993123646294292,0.015350407505590802
0.9993083314466321,0.015366799776555418
0.9993153974555641,0.015350407505590802
0.9993149163471471,0.015351988461961064
0.9993062484489664,0.015443554707876395
0.9993196137083267,0.015166821561107824
0.9993281500902975,0.01507537635882894
0.9993172415273627,0.01529933283714513
0.9993080632958544,0.01538732979583024
0.9993130392876411,0.0153246063811876
0.999329963637724,0.01511961166277409
0.9993115797775739,0.015405814558377529
0.9993126405450087,0.015353196014627812
0.999320263143852,0.015222512539763144
0.9993137273645969,0.015282697832619263
0.9993166952179334,0.015293859162519574
0.9993155581936908,0.015278304690585998
0.9993150292040108,0.015282697832619263
0.9993089477499933,0.015484749171904788
0.9993163349655929,0.01522527149173758
0.9993199958539414,0.015239165160117807
0.9993193830723608,0.015302503433957781
0.9993243749057877,0.015191845527922077
0.9993072892483793,0.015353196014627812
0.9993115844292608,0.015366799776555418
0.9993167155321666,0.015265895012880115
0.9993131145045747,0.015405987926455644
0.9993188612977476,0.01522527149173758
0.9993121900587185,0.015305291942994792
0.9993086055583416,0.015550841959958817
0.9993154643398698,0.015366799776555418
0.9993194950328009,0.01532739489022461
0.9993149497010828,0.015353196014627812
0.9993270146492318,0.015114908312858333
0.9993222015441895,0.015144533241509883
0.9993219357219018,0.015265895012880115
0.9993182605375455,0.01518045701074211
0.9993144354474243,0.015239165160117807
0.9993155506412954,0.015557215780598987
0.9993073256199034,0.015410333120263076
0.999316077610061,0.0152079741364064
0.9993172390182083,0.015350407505590802
0.999314740530834,0.015294075905236681
0.9993113554176392,0.01532739489022461
0.9993200766140592,0.01533082012964826
0.9993089577166134,0.015454496684806251
0.9993137376527937,0.015493057883211314
0.999307221634089,0.015461180292001053
0.999301234968048,0.01555309747229483
0.9993197427270987,0.015305464422416648
0.9993158301318606,0.015366799776555418
0.9993193985162762,0.015216109162060398
0.9993226514294962,0.01522527149173758
0.9993247777592633,0.015191845527922077
0.9993199042079843,0.01521076264544341
0.9993192275243208,0.01521076264544341
0.9993085233805656,0.015461180292001053
0.9993137547678183,0.015410333120263076
0.9993191907013037,0.015164033052070813
0.9993262152789261,0.015073953941144858
0.9993083753612996,0.015416706940903246
0.9993072131690517,0.015308495166822311
0.9993115135630368,0.015461180292001053
0.9993325980785309,0.015027964276088213
0.9993176060373463,0.01538732979583024
0.9993248428301669,0.01503134361276004
0.9993114278264511,0.015427260083950678
0.9993228151409467,0.0153022775540963
0.9993162852730608,0.015265895012880115
0.9993087787425595,0.01533082012964826
0.9993262958231437,0.01529933283714513
0.9993142901254799,0.01538732979583024
0.9993137275511308,0.015308495166822311
0.9993201489088069,0.01533082012964826
0.9993146968717098,0.015308495166822311
0.9993075340255713,0.015461180292001053
0.9993115053687223,0.015414414566520485
0.9993125717931278,0.01522527149173758
0.9993222879066759,0.015144533241509883
0.9993227108336727,0.015191845527922077
0.9993176756080241,0.015144533241509883
0.9993119654565574,0.015308495166822311
0.9993197911984587,0.015265895012880115
0.9993190231195213,0.015183298725984784
0.9993081021300546,0.01545215471601935
0.9993148083801265,0.01533082012964826
0.9993185964386273,0.01522248298270057
0.9993205927929328,0.01532739489022461
0.9993211641691472,0.015239165160117807
0.9993188790444085,0.01533082012964826
0.9993214999059438,0.015166821561107824
0.9993108151216574,0.015416308581619909
0.999321724654067,0.015183791329432594
0.9993128295915287,0.015296302092739467
0.9993134828719312,0.015410333120263076
0.9993136939645374,0.015291810612641399
0.9993144686210128,0.015405987926455644
0.999307202587075,0.015461180292001053
0.9993181121052761,0.015166821561107824
0.9993090518266327,0.015416685441294042
0.999315083500647,0.015427260083950678
0.9993133850484436,0.015349199952924053
0.9993199429139662,0.015344033684950631
0.9993044593917604,0.015434020560170403
0.9993181705071741,0.015162979481246452
0.9993072400470107,0.015594973628340725
0.9993111541997093,0.01533082012964826
0.9993240407363,0.015189057018885066
0.9993150167019554,0.015350407505590802
0.9993188105635111,0.015293859162519574
0.9993195619063059,0.015263106503843105
0.9993151842920992,0.01525480861214401
0.9993136542431886,0.015262708144559767
0.9993207012875889,0.015122979480799437
0.9993201091619993,0.01525480861214401
0.9993096594279411,0.015302503433957781
0.9993160577925151,0.015350407505590802
0.9993172960445516,0.015349199952924053
0.9993211554801585,0.015353196014627812
0.9993075782799845,0.015419495449940257
0.9993159163550848,0.015265895012880115
0.9993176592311975,0.015194722175610131
0.9993147731960479,0.015349199952924053
0.9993157869560012,0.01538732979583024
0.9993215981927912,0.01521076264544341
0.9993165796304998,0.015366799776555418
0.9993153608186106,0.015344033684950631
0.9993263965788909,0.01522527149173758
0.9993074059198261,0.015350407505590802
0.9993138985967776,0.01538732979583024
0.9993136255017582,0.015296302092739467
0.9993096749075806,0.01532739489022461
0.9993138948693489,0.01529933283714513
0.9993147702766397,0.015350407505590802
0.9993175769240978,0.01511961166277409
0.9993109264731973,0.015415871566770711
0.9993138657213761,0.015305464422416648
0.9993153921892144,0.015222512539763144
0.9993100343834208,0.015351988461961064
0.9993109375223236,0.01533082012964826
0.9993232299100822,0.015265895012880115
0.9993083702466858,0.015451048207824947
0.9993057239778788,0.015446561599277153
0.9993151000641269,0.015239165160117807
0.9993064681767378,0.01538732979583024
0.9993201369470707,0.015146029876515144
0.9993159920349765,0.01522527149173758
0.9993272846852274,0.015148818385552154
0.9993038908137308,0.015427260083950678
0.9993103016004532,0.015427260083950678
0.9993105564763444,0.015454496684806251
0.9993091523321839,0.015419495449940257
0.9993141475133137,0.015401452686928607
0.9993212951952053,0.015096612725090885
0.999301616276043,0.015461180292001053
0.999309188821603,0.015416706940903246
0.9993049945152841,0.015546959066233157
0.9993051708015549,0.015301250999042004
0.9993060668687257,0.015451048207824947
0.9993162662907153,0.015417203075557495
0.9993206402126056,0.01522527149173758
0.999307425504722,0.015443773090240143
0.999314751220787,0.01529933283714513
0.9993097241844175,0.015401452686928607
0.9993086947529861,0.015493057883211314
0.9993198201802345,0.01525480861214401
0.9993153241424131,0.015371380227018783
0.999317862440991,0.015112119803821322
0.9993176615278402,0.015366799776555418
0.9993153037534575,0.015183791329432594
0.9993098574320264,0.01533082012964826
0.9993258545312015,0.01511961166277409
0.9993214413471028,0.015162979481246452
0.9993194090775621,0.01521076264544341
0.9993076665051435,0.015371380227018783
0.999323329767644,0.015164033052070813
0.9993252326892264,0.015166821561107824
0.9993101034302165,0.01554343076848852
0.9993203386249482,0.015239165160117807
0.99931794303454,0.01529933283714513
0.9993008766133139,0.01533082012964826
0.99931487798532,0.015308495166822311
0.9993269139936464,0.01522527149173758
0.9993110293102314,0.015366799776555418
0.9993192135345812,0.015183791329432594
0.9993229541440525,0.01525480861214401
0.9993110435458532,0.015440891806778545
0.9993149163079554,0.01528133543499166
0.9993061596963495,0.01538732979583024
0.9993070676750262,0.015457993423680705
0.9993130743862353,0.015403199417418634
0.999312366270037,0.015328031620611249
0.9993329767487925,0.01511044933309691
0.9993179294319985,0.015374168736055793
0.9993193102602124,0.015308495166822311
0.9993141085421662,0.015305291942994792
0.9993097151952833,0.01529933283714513
0.9993100743206045,0.015416706940903246
0.9993232886550015,0.015166821561107824
0.9993155180230321,0.015294075905236681
0.9993178438410218,0.01522527149173758
0.9993218524025248,0.015169471397565637
0.9993079782289372,0.015448259698787936
0.9993091531171461,0.015454496684806251
0.9993244912603055,0.015166821561107824
0.9993169046288954,0.015293859162519574
0.9993174674790573,0.01533082012964826
0.9993204005814255,0.015197510684647142
0.9993196463832497,0.015296302092739467
0.9993245675102373,0.015144533241509883
0.9993067685697655,0.015401452686928607
0.9993067227318368,0.015461180292001053
0.9993122017527971,0.015415037774391571
0.9993185044711129,0.01522248298270057
0.9993114092996713,0.015405987926455644
0.9993196209391317,0.015282697832619263
0.9993092237700869,0.01538732979583024
0.99931873685722,0.01525480861214401
0.9993169039873377,0.015216109162060398
0.9993237088151011,0.01522527149173758
0.9993144079890525,0.015301250999042004
0.9993091140587239,0.015366799776555418
0.9993240852202988,0.01521076264544341
0.9993084628583356,0.015457285193843262
0.999317810546886,0.015181002820395584
0.999306607416068,0.015481960662867778
0.9993144247324349,0.015308495166822311
0.9993194176712759,0.015194722175610131
0.999308823444438,0.015405987926455644
0.9993133245880765,0.01544812286416608
0.9993107358109935,0.015374168736055793
0.9993207347172275,0.015189431709050183
0.9993164591348557,0.015481669366031348
0.9993172872949208,0.015461180292001053
0.9993233256424215,0.015222084623417231
0.9993168329997681,0.01529933283714513
0.9993143966512847,0.015353196014627812
0.9993148624341371,0.01521076264544341
0.9993143861659671,0.015405987926455644
0.999312804623177,0.015222512539763144
0.9993188983158282,0.015252020103107
0.999316615303748,0.015181002820395584
0.9993114122832094,0.015484749171904788
0.9993138843689325,0.015401452686928607
0.9993140007889053,0.015239165160117807
0.999314629227949,0.015344033684950631
0.9993128810635852,0.015374168736055793
0.9993174656132284,0.015293859162519574
0.9993080395973856,0.015446561599277153
0.9993051366186456,0.015493057883211314
0.9993228499816672,0.015305464422416648
0.9993131663137937,0.015350009146307464
0.9993095718418316,0.01544812286416608
0.9993058401322331,0.015548170536015427
0.9993023542696696,0.015461180292001053
0.9993144272224873,0.01525480861214401
0.9993187310774412,0.015189431709050183
0.9993173869960768,0.01522527149173758
0.9993157337489047,0.015293859162519574
0.9993216198310501,0.015265895012880115
0.9993130281328879,0.015461180292001053
0.9993155502371383,0.015197510684647142
0.9993107024104632,0.015353196014627812
0.9993262387274383,0.015291810612641399
0.9993109531961009,0.015366799776555418
0.999311594314478,0.015427260083950678
0.9993080750031264,0.01545215471601935
0.9993238882088593,0.015197510684647142
0.9993042101557433,0.015490269374174304
0.9993049953176965,0.015440891806778545
0.9993134989545605,0.015189057018885066
0.9993129899058277,0.01533082012964826
0.9993201172218353,0.015353196014627812
0.9993201983313987,0.015293859162519574
0.9993093189039028,0.015405987926455644
0.9993162715660132,0.015278304690585998
0.9993162526347008,0.015265895012880115
0.9993078008731319,0.01533082012964826
0.9993054445584124,0.015452017962323872
0.9993212736330866,0.015308495166822311
0.9993224775096929,0.01521076264544341
0.9993218078540854,0.015252020103107
0.9993087163211526,0.015424471574913667
0.9993247705495281,0.015180269379373001
0.9993151903138974,0.015353196014627812
0.9993129554105032,0.015440891806778545
0.9993245982798546,0.01503539896540218
0.999314386925469,0.015349199952924053
0.999314900944121,0.01538732979583024
0.9993062584494662,0.015546959066233157
0.9993145978072924,0.015402256343144849
0.9993150860849626,0.015197510684647142
0.9993133590544067,0.015305464422416648
0.9993136481050857,0.015353196014627812
0.999307636319592,0.015350407505590802
0.9993108406280917,0.0153057066577853
0.999330819236111,0.015105745983181151
0.9993101396491653,0.015302675913379638
0.9993140409153545,0.015277562406499356
0.9993159065393229,0.015350407505590802
0.9993190992105547,0.015118122581169402
0.9993119665186744,0.015374168736055793
0.9993115975693354,0.015438103297741534
0.9993113417292747,0.015417203075557495
0.9993188042752921,0.015371380227018783
0.9993167001312093,0.015353196014627812
0.9993120754546462,0.015302675913379638
0.9993190193815713,0.015301250999042004
0.9993173107095977,0.015296302092739467
0.9993192116823397,0.015239165160117807
0.9993061441945469,0.015452017962323872
0.9993176766444464,0.015080482109950388
0.9993225969156972,0.015148818385552154
0.9993179566535729,0.01525480861214401
0.9993128120779585,0.01532739489022461
0.9993151006209285,0.015350407505590802
0.9993216574483795,0.01529933283714513
0.9993128847630254,0.015440891806778545
0.9993168034770035,0.015265895012880115
0.9993123185824956,0.015401452686928607
0.9993198120814467,0.015308495166822311
0.9993194423306844,0.015183298725984784
0.9993128147128294,0.015353196014627812
0.9993121028020887,0.015414414566520485
0.9993176512793855,0.015189057018885066
0.9993227044430032,0.015166821561107824
0.9993004042332494,0.015461180292001053
0.999314526811839,0.015350009146307464
0.9993149428466108,0.0153057066577853
0.999316203253611,0.015291810612641399
0.99931148204941,0.015353196014627812
0.9993093069367693,0.015402801058135296
0.9993188817869846,0.01511961166277409
0.999327904610945,0.01522527149173758
0.9993152954981813,0.015301250999042004
0.9993140291157726,0.015308495166822311
0.9993110788647024,0.015483664371394035
0.9993244543848159,0.01518834835496996
0.99932255469106,0.015162979481246452
0.999308940171213,0.015401452686928607
0.9993136885964878,0.01538454128679323
0.9993273078813246,0.015002886621326539
0.9993048743284915,0.015403199417418634
0.9993102543962137,0.015350407505590802
0.999323220386148,0.01522248298270057
0.9993188381119696,0.015114908312858333
0.9993118981073393,0.01533082012964826
0.9993263445527046,0.015166821561107824
0.9993072345785255,0.01533082012964826
0.999314875651952,0.0153246063811876
0.9993152996670026,0.015148818385552154
0.999312132835325,0.015405987926455644
0.9993123805961309,0.015427260083950678
0.9993227200951371,0.015350009146307464
0.9993079634166909,0.015437399269599972
0.9993126137705749,0.01532739489022461
0.9993209060438731,0.015366799776555418
0.9993188918377031,0.015166821561107824
0.9993209080883251,0.015182683198244895
0.9993175985566128,0.01522248298270057
0.9993197440088248,0.015308495166822311
0.9993195466854022,0.015148818385552154
0.9993249977843186,0.015181002820395584
0.999302232015083,0.01555571148018231
0.9993137848880993,0.015396825596778463
0.9993047645791245,0.015597762137377735
0.9993215415787137,0.015353196014627812
0.9993109012777168,0.015349199952924053
0.9993116057875686,0.01533082012964826
0.9993164353078594,0.015374168736055793
0.9993134888646763,0.01533082012964826
0.9993094428995972,0.01538732979583024
0.9993136854608546,0.015436176551195224
0.999312315701073,0.015410333120263076
0.9993099196861006,0.015414414566520485
0.999321017589787,0.015328031620611249
0.9993101709887734,0.015454496684806251
0.9993101464881277,0.015302675913379638
0.9993209648572398,0.01518834835496996
0.9993166914112669,0.015302675913379638
0.9993152750866017,0.015440891806778545
0.9993147723328432,0.015189057018885066
0.9993223676697028,0.01511961166277409
0.9993226548382141,0.015166821561107824
0.9993191483338186,0.015305464422416648
0.9993053343221204,0.015350009146307464
0.9993133948484961,0.015302675913379638
0.9993145893887648,0.01532739489022461
0.9993101262485589,0.015446561599277153
0.9993204956007801,0.015182683198244895
0.9993138685751661,0.015197510684647142
0.99932835522055,0.015122979480799437
0.9993174719438208,0.015440891806778545
0.9993187439752905,0.015236376651080796
0.9993080835387035,0.015417203075557495
0.9993252824354664,0.015139656055874973
0.9993193673456684,0.01521076264544341
0.9993188815450609,0.015252020103107
0.9993239070336031,0.01518834835496996
0.9993227797590387,0.015282697832619263
0.9993069816599488,0.015366799776555418
0.9993150055908451,0.015308495166822311
0.9993150451534526,0.01529933283714513
0.9993184304506749,0.015239165160117807
0.9993177223046084,0.015308495166822311
0.9993146451715555,0.015197510684647142
0.9993097773370676,0.01538732979583024
0.9993122570586582,0.0153057066577853
0.9993060091486062,0.015457285193843262
0.9993176807686887,0.015302675913379638
0.9993148710691369,0.015265895012880115
0.999311233465337,0.015366799776555418
0.9993154599389541,0.015191845527922077
0.9993189597929386,0.015148818385552154
0.9993144606224237,0.015282697832619263
0.9993122059035252,0.015349199952924053
0.9993167177104302,0.015308495166822311
0.9993210976741358,0.015181002820395584
0.9993188479247197,0.015351988461961064
0.9993164758955829,0.015197510684647142
0.9993112462208306,0.01532739489022461
0.9993179579943218,0.015302675913379638
0.9993103631506667,0.015353196014627812
0.9993047146454225,0.015454943225056361
0.9993052498657233,0.015457285193843262
0.9993158168683044,0.015416308581619909
0.9993213427124408,0.0153057066577853
0.9993300305293483,0.015096612725090885
0.9993096845692063,0.015414414566520485
0.999320126988121,0.015374168736055793
0.9993152830785632,0.01522248298270057
0.999307978551826,0.015401452686928607
0.9993103950825725,0.015291810612641399
0.9993047614929076,0.015454098325522914
0.9993104568357206,0.015374168736055793
0.9993157314291887,0.015353196014627812
0.9993208764846832,0.015162979481246452
0.9993183107298391,0.015305464422416648
0.9993152568235644,0.01533082012964826
0.9993238945491801,0.01521076264544341
0.9993117302893851,0.015475586842227607
0.9993109211129176,0.01533082012964826
0.9993134621262861,0.015297106649642345
0.9993175595971469,0.01522527149173758
0.9993102786327832,0.015457285193843262
0.9993130505962435,0.015416706940903246
0.9993197802883741,0.01511961166277409
0.9993109083261206,0.01522527149173758
0.9992972120146995,0.015543319735455086
0.999312112020899,0.015427260083950678
0.9993168269535908,0.015427260083950678
0.9993153548852711,0.01529933283714513
0.9993071154736501,0.015405987926455644
0.9993184294060747,0.015197510684647142
0.9993220602342052,0.015282697832619263
0.9993126472549366,0.01521076264544341
0.9993055210817763,0.015557215780598987
0.9993208254235761,0.015088991582454803
0.99930397708117,0.015458391782964043
0.9993130563177898,0.015349199952924053
0.9993047143997016,0.01544812286416608
0.999314285386111,0.0153022775540963
0.9993257974188737,0.015164033052070813
0.9993146248332941,0.015148818385552154
0.9993093022344389,0.015414414566520485
0.9993042734369554,0.015371380227018783
0.9993236029990561,0.01522527149173758
0.999308667930939,0.015594973628340725
0.9993089194315377,0.015419495449940257
0.9993220616081273,0.015219325671442796
0.999316500491744,0.015144533241509883
0.9993194618435682,0.015301250999042004
0.9993167246885495,0.015350407505590802
0.999311566208323,0.01532739489022461
0.9993173038769493,0.01532739489022461
0.9993157301172026,0.015353196014627812
0.9993174477913868,0.015296302092739467
0.9993212299741371,0.015126722589312358
0.9993097829211407,0.015414414566520485
0.9993217916552746,0.015308495166822311
0.9993219994807457,0.015191845527922077
0.9993121989343308,0.015405987926455644
0.9993132311238947,0.015350407505590802
0.9993124590837398,0.015302675913379638
0.9993184161127097,0.01532739489022461
0.9993120898605552,0.015427260083950678
0.9993041817174971,0.015427260083950678
0.9993189763310737,0.015181002820395584
0.9993250823856595,0.015291810612641399
0.9993091041371133,0.015366799776555418
0.9993283455056425,0.015282697832619263
0.9993228207490388,0.015141744732472873
0.9993160919835744,0.015162979481246452
0.999316902263686,0.01538732979583024
0.9993235674090762,0.01521076264544341
0.9993219700262408,0.0152079741364064
0.9993088050804002,0.015424471574913667
0.999323214443854,0.01525480861214401
0.9993140054985951,0.01532739489022461
0.9993139457870411,0.015414414566520485
0.9993142407657176,0.01532739489022461
0.9993116461164486,0.015374168736055793
0.9993128528609706,0.015493057883211314
0.9993107183525014,0.015454496684806251
0.9993147967381124,0.015239165160117807
0.9993124354852102,0.01533082012964826
0.9993178166486167,0.015265895012880115
0.9993185820083682,0.015374168736055793
0.999309309330614,0.015443773090240143
0.9993227278538206,0.01521076264544341
0.9993168909280331,0.01544578089537918
0.9993103428343982,0.015305464422416648
0.9992940885399434,0.015548615772456031
0.9993154702836133,0.015366799776555418
0.999308053765026,0.01538732979583024
0.9993136681171825,0.01533082012964826
0.9993215856704741,0.015276242421136565
0.9993055397771969,0.015366799776555418
0.9993196304609336,0.01522248298270057
0.9993063507660379,0.015452017962323872
0.9993044936137088,0.015293859162519574
0.9993080729565695,0.015282697832619263
0.9993169190284077,0.015239165160117807
0.9993071316645187,0.01544812286416608
0.999310491175633,0.015293859162519574
0.9993229955467343,0.015096405279991565
0.9993072310070578,0.015419495449940257
0.9993174653871862,0.015239165160117807
0.9993224972970886,0.01533082012964826
0.9993068979292703,0.015457285193843262
0.9993150781536181,0.015305464422416648
0.9993106545632522,0.01529933283714513
0.9993060616671546,0.015445896676663295
0.9993128744842219,0.015305464422416648
0.9993154158470966,0.015291070653482564
0.9993170840533402,0.01529666141320174
0.9993044770347981,0.015440891806778545
0.9993093373472899,0.015451048207824947
0.9993104610170372,0.015308495166822311
0.999315307663083,0.01518834835496996
0.9993118660304084,0.015405987926455644
0.9993196613335905,0.015186122167467175
0.9993097393266402,0.015543319735455086
0.9993234931889251,0.01518834835496996
0.9993126959995807,0.015351988461961064
0.9993227881906248,0.015265895012880115
0.9993157229376807,0.015194323816326794
0.9993157621433773,0.01538732979583024
0.9993046609417376,0.015461180292001053
0.9993218292474916,0.015172506943841313
0.9993203542278976,0.015239165160117807
0.999308039290017,0.015440891806778545
0.9993111348245224,0.015308495166822311
0.9993068377011045,0.015427260083950678
0.9993179039042763,0.015349199952924053
0.9993169675862369,0.015239165160117807
0.9993110096509358,0.015396825596778463
0.9993109897630398,0.015401452686928607
0.9993230645214828,0.015294075905236681
0.9993130097120562,0.015366799776555418
0.9993136930888276,0.01529933283714513
0.9993202374095744,0.015181002820395584
0.9993129544987788,0.015419495449940257
0.9993124146672654,0.0153246063811876
0.9993140245298933,0.015280460681610819
0.9993145241820229,0.015405814558377529
0.9993151394285957,0.0153057066577853
0.999331363860315,0.015022181283082858
0.9993114856423321,0.015414414566520485
0.9993221371912815,0.015222512539763144
0.9993150044257637,0.015405987926455644
0.9993159562349406,0.015279909323582253
0.9993166602278262,0.015419495449940257
0.99930754715007,0.015366799776555418
0.9993159863584727,0.01533082012964826
0.9993224968620704,0.015265895012880115
0.9993127234344118,0.01525480861214401
0.9993148143558731,0.015297106649642345
0.9993156046189396,0.015265895012880115
0.9993140667524458,0.01522527149173758
0.9993060861560343,0.015548615772456031
0.999314444211008,0.015353196014627812
0.9993201218316046,0.01518082613046623
0.9993157744021194,0.01522248298270057
0.9993167916528525,0.01522527149173758
0.9993177136046992,0.015280460681610819
0.9993140672298199,0.015351988461961064
0.9993114587917119,0.01522527149173758
0.9993101849839995,0.015308495166822311
0.9993161318751548,0.015308495166822311
0.9993122772077158,0.015366799776555418
0.9993153194304235,0.01533082012964826
0.9993227054769794,0.015129511098349369
0.9993212547386575,0.01522248298270057
0.99931527336651,0.015305464422416648
0.999326825684588,0.015144533241509883
0.9993201497708424,0.015129511098349369
0.9993156041216489,0.015265895012880115
0.9993084090199379,0.015454496684806251
0.9993306979114307,0.015148818385552154
0.9993167364653017,0.01525480861214401
0.9993160261894278,0.015308495166822311
0.9993216614034367,0.015166821561107824
0.9993029412311156,0.015350407505590802
0.9993110326630723,0.015457285193843262
0.9993153075299596,0.01532739489022461
0.9993123438034915,0.015461180292001053
0.9993172892032453,0.01522527149173758
0.9993215261861745,0.015146029876515144
0.9993149811829513,0.015416706940903246
0.9993202142506398,0.015265895012880115
0.9993097849389674,0.015427260083950678
0.9993051371214499,0.015545804464954571
0.9993168421997435,0.015174628999755413
0.9993050526557268,0.015427260083950678
0.9993212069399848,0.015088991582454803
0.9993175094293953,0.01521076264544341
0.9993149321506397,0.015305464422416648
0.9993134562052944,0.01529933283714513
0.9993197675241884,0.015239165160117807
0.9993156246916888,0.015302675913379638
0.9993141145940753,0.01533082012964826
0.9993216489313868,0.015265895012880115
0.9993054985603892,0.015414414566520485
0.9993114279695929,0.01533082012964826
0.9993157516661576,0.015189431709050183
0.9993177205028055,0.01533082012964826
0.9993173571516981,0.0153022775540963
0.999316800743316,0.01525480861214401
0.99931525646715,0.015353196014627812
0.999318143831061,0.01525480861214401
0.9993069784836043,0.015436176551195224
0.999307602202232,0.015416308581619909
0.9993178011664812,0.01532397401334773
0.999325687672805,0.015144533241509883
0.9993105456954224,0.015402256343144849
0.9993155362617249,0.015305291942994792
0.9993136396661395,0.015353196014627812
0.9993151504829973,0.015419495449940257
0.999316800704467,0.015353196014627812
0.999319127741646,0.015265895012880115
0.9993123247759927,0.015291810612641399
0.9993120129355395,0.015415871566770711
0.9993248318879634,0.01510038009963477
0.9993145323282684,0.01533082012964826
0.9993227418893088,0.015302675913379638
0.9993021588711987,0.015678397828802204
0.9993147560473409,0.015183791329432594
0.9993128312884674,0.015374168736055793
0.9993122218420772,0.015457285193843262
0.9993182448812444,0.015401452686928607
0.9993031521879514,0.015535000548830169
0.9993208158334026,0.015296302092739467
0.9993159053106014,0.015194722175610131
0.9993176848180344,0.015378167466153059
0.999316604833558,0.015405987926455644
0.9993015195635808,0.015544170557196146
0.9993106651733555,0.015445896676663295
0.9992997118255128,0.015557215780598987
0.999320087063673,0.015305464422416648
0.9993153707470217,0.015305291942994792
0.9992970151743144,0.015681186337839215
0.9993062383587988,0.015308495166822311
0.9993145146301275,0.015414414566520485
0.9993157237998858,0.015446561599277153
0.9993134897977077,0.01529933283714513
0.9993101980235777,0.015353196014627812
0.9993160541870183,0.015410333120263076
0.9993233320239908,0.01529933283714513
0.9993136412091875,0.015263106503843105
0.9993347757469938,0.01496221702108258
0.9993097151703709,0.015416706940903246
0.9992969654917949,0.01553144855404831
0.9993065696743086,0.015328031620611249
0.9993245004836349,0.015207575777123061
0.99930059705269,0.015546959066233157
0.9993182779434373,0.015183791329432594
0.9993056067602281,0.015480875862357024
0.9993095834313945,0.015419495449940257
0.9993194350998875,0.015222512539763144
0.9993052323682325,0.015419495449940257
0.9993163680481655,0.015197510684647142
0.999321529144528,0.015344033684950631
0.9993185949428671,0.015302675913379638
0.9993166394897999,0.015263106503843105
0.9993093268106816,0.01544812286416608
0.9993216694584056,0.01528133543499166
0.9993133950410142,0.015293859162519574
0.9993198574136047,0.015344033684950631
0.9993058207792557,0.015403199417418634
0.9993180294037877,0.015291070653482564
0.9993135783113701,0.01522248298270057
0.9993102305776818,0.015427260083950678
0.9993242313592245,0.015189057018885066
0.9993208967006262,0.015162979481246452
0.9993208459757301,0.015350009146307464
0.9993127124874891,0.015410333120263076
0.9993263516396116,0.015162979481246452
0.9993191689023997,0.015160190972209442
0.9993193368468603,0.015291070653482564
0.999311790353687,0.015349199952924053
0.9993184070185834,0.01518045701074211
0.9993126966376328,0.015305291942994792
0.999315197141153,0.015302675913379638
0.9993145872215635,0.015401452686928607
0.9993179020934458,0.015374168736055793
0.9993158091821308,0.015180510216947773
0.9993160862668955,0.01533082012964826
0.9993065729324079,0.015296302092739467
0.9993093887255076,0.015239165160117807
0.9993086016979842,0.015440891806778545
0.9993036605616128,0.015402256343144849
0.999317961864476,0.015454496684806251
0.9993141862547411,0.01521076264544341
0.9993054966813898,0.015327633261327911
0.9993036723661262,0.01553144855404831
0.9993074055347183,0.015452017962323872
0.9993097776865927,0.015414414566520485
0.9993199390907593,0.015170350952816491
0.999310935040539,0.015419495449940257
0.9993168955167071,0.015344033684950631
0.9993218154871182,0.01525480861214401
0.9993185847672551,0.01533082012964826
0.9993203027099716,0.015239165160117807
0.9993107281996687,0.015414414566520485
0.9993151203391365,0.01522248298270057
0.9993143018317054,0.015446561599277153
0.9993069907397109,0.015544170557196146
0.9993138122970482,0.015294075905236681
0.9993109199152194,0.015414414566520485
0.9993215000747209,0.015148818385552154
0.9993124794573908,0.015308495166822311
0.9993023407152625,0.015597762137377735
0.9993169455400983,0.01533082012964826
0.9993190998685303,0.015402801058135296
0.999320073752087,0.015423888475994296
0.999317364574873,0.015166821561107824
0.9993150162210382,0.015321657799971078
0.9993197071493015,0.015125767989836447
0.9993142754978591,0.015374168736055793
0.9993078597425394,0.015405987926455644
0.9993159332967567,0.015305464422416648
0.9993117055337909,0.015398664177891597
0.9993042688946637,0.015416706940903246
0.9993214485840775,0.01522248298270057
0.9993134532626496,0.015401452686928607
0.9993229063080218,0.01522527149173758
0.9993164214656542,0.015419495449940257
0.9993121952111024,0.015305291942994792
0.9993167829379128,0.015183791329432594
0.9993097568905636,0.0153246063811876
0.9993216353736312,0.01525480861214401
0.9993138809767413,0.015350407505590802
0.9993069053776029,0.015374168736055793
0.9993143917426902,0.015401452686928607
0.9993132532381588,0.01522248298270057
0.9993242925521248,0.015305464422416648
0.9993149641510429,0.01532739489022461
0.9993229397057466,0.0152079741364064
0.9993116376674769,0.01538732979583024
0.9993097858372753,0.015366799776555418
0.9993050268522412,0.01555681742131565
0.9993142656679702,0.015222512539763144
0.999319331018134,0.015265895012880115
0.9993042022047365,0.015544170557196146
0.9993076095729151,0.015530782288355915
0.9993091171737112,0.015407661696319686
0.9993058490284646,0.015454496684806251
0.9992972545337588,0.015566907582337919
0.9993054277770207,0.015446561599277153
0.9993197828841579,0.015239165160117807
0.9993231699952263,0.01522527149173758
0.99931385677939,0.015405987926455644
0.999305975938491,0.015457285193843262
0.9993037027222694,0.015493057883211314
0.9993241894631931,0.015157659231430642
0.9993153637040288,0.01538732979583024
0.9993113626087816,0.015401452686928607
0.999316205346581,0.01529933283714513
0.9993149168832833,0.015265895012880115
0.99930804270712,0.015350407505590802
0.9993215416644826,0.015262708144559767
0.9993077912981414,0.015350407505590802
0.9993083493893271,0.01529933283714513
0.9993080319428547,0.01538732979583024
0.9993271833522279,0.01511961166277409
0.9993115098816315,0.01521076264544341
0.9993175801416948,0.015283491426016482
0.9993194701720469,0.015239165160117807
0.999315667030917,0.015183791329432594
0.9993080145412077,0.015461180292001053
0.9993131665090039,0.015528404843497157
0.999319702027658,0.015296302092739467
0.9993120768062475,0.01555681742131565
0.9993127854386961,0.015302105074674444
0.9993109674449279,0.015427260083950678
0.99931576790648,0.015216109162060398
0.9993287963809668,0.01511961166277409
0.999316978064069,0.01538732979583024
0.9993221928398784,0.015166821561107824
0.9993150851518723,0.015181002820395584
0.9993186291202861,0.01532739489022461
0.9993116053219258,0.01521076264544341
0.9993066199864639,0.015265895012880115
0.999306808812945,0.015394491709134428
0.9993124901123683,0.015405987926455644
0.9993050045125995,0.015695076143237507
0.9993156261729718,0.015353196014627812
0.9993092257491986,0.0155286600450113
0.9993082275668674,0.015405987926455644
0.9993156413600598,0.015282697832619263
0.9993164648651724,0.0153022775540963
0.9993102562116871,0.01533082012964826
0.9993256767650539,0.01525480861214401
0.9993071896682849,0.015416706940903246
0.9993204312036226,0.015164685796091426
0.9993136123419666,0.015328031620611249
0.9993099653510663,0.015366799776555418
0.9993058664900565,0.015417203075557495
0.9993140672347979,0.015416706940903246
0.9993052669859613,0.015481960662867778
0.9993169685271833,0.015366799776555418
0.9993101192544027,0.015413896932257032
0.9993124567255443,0.015419495449940257
0.9993151159969766,0.015263106503843105
0.9993149777464739,0.015183791329432594
0.9993107711472359,0.015366799776555418
0.9993198855353449,0.01525480861214401
0.9993191155130282,0.01525480861214401
0.999314777300732,0.01529666141320174
0.9993089554729563,0.015350407505590802
0.9993171383431062,0.015265895012880115
0.9993100862604328,0.01532739489022461
0.9993173243488506,0.015265895012880115
0.999314429812125,0.015353196014627812
0.9993136486506138,0.015282697832619263
0.9993147454639504,0.01525480861214401
0.9993100295479482,0.015328031620611249
0.9993207519427114,0.015305464422416648
0.9993115549538527,0.015427260083950678
0.9993118729186663,0.015401452686928607
0.9993203467788866,0.01529933283714513
0.999314896370432,0.015451048207824947
0.9993136290046384,0.015419495449940257
0.9993174908319188,0.015302675913379638
0.9993157504032203,0.015401452686928607
0.9993206863406043,0.015219724030726134
0.9993066783966655,0.015451048207824947
0.9993093649833976,0.015427260083950678
0.9993194000100818,0.01522527149173758
0.9992990404051422,0.015541323082523206
0.999312726488136,0.015353196014627812
0.9993186457760688,0.01522527149173758
0.999317571987004,0.015416706940903246
0.9993215929240431,0.015099592148311913
0.9993090843530396,0.015302675913379638
0.9993180263586896,0.01510038009963477
0.9993116870297315,0.01538732979583024
0.9993209988764111,0.015239165160117807
0.9993243935499225,0.015180269379373001
0.9993106561457538,0.015440891806778545
0.999312208206847,0.015239165160117807
0.9993183490876427,0.015416706940903246
0.9993139340068985,0.015351988461961064
0.9993166241377165,0.01533082012964826
0.999319430557056,0.01522248298270057
0.9993192651046872,0.01529933283714513
0.9993169288694752,0.01529933283714513
0.9993132084430549,0.015294075905236681
0.9993017123012339,0.015547111472039354
0.9993156090437006,0.01522527149173758
0.9993104136230845,0.015417203075557495
0.9993171024416102,0.01525480861214401
0.9993083232141864,0.015366799776555418
0.9993084651231986,0.015458391782964043
0.9993286791073691,0.015084498351421338
0.999313393417088,0.015427260083950678
0.9993088049150993,0.015535000548830169
0.9993172633172263,0.015239165160117807
0.9993084276682629,0.015493057883211314
0.9993143344843027,0.01529612961331761
0.9993197658977654,0.015302675913379638
0.9993177655810551,0.015296302092739467
0.9993144276110317,0.015239165160117807
0.999320210541104,0.015265895012880115
0.9993213444586125,0.015166821561107824
0.9993021597810137,0.015535000548830169
0.9993045973443008,0.015461180292001053
0.9993067258649699,0.015353196014627812
0.9992993686968041,0.01554343076848852
0.999315297094178,0.015416706940903246
0.999307893327155,0.015405987926455644
0.9993143154630009,0.015417203075557495
0.9993159499440144,0.01533082012964826
0.999319366283392,0.015308495166822311
0.9993148564097848,0.015302503433957781
0.9993153344736001,0.01522527149173758
0.9993162067140255,0.015350009146307464
0.9993229490497995,0.01533082012964826
0.999318326363591,0.015305464422416648
0.9993191993919306,0.015088991582454803
0.9993288271207632,0.015021590455448042
0.9993123057110987,0.015353196014627812
0.9993216503072703,0.0152079741364064
0.999321630787554,0.015191845527922077
0.9993159069566124,0.015291810612641399
0.9993108079738984,0.015445896676663295
0.9993091330607726,0.015350407505590802
0.9993108878494992,0.015461180292001053
0.9993158896923878,0.015291070653482564
0.9993160171627375,0.0153022775540963
0.9993135148763098,0.015398664177891597
0.9993185189582663,0.015374168736055793
0.9993153544411094,0.015493057883211314
0.9993074295051166,0.015414414566520485
0.9993153736785476,0.01529933283714513
0.9993162836021359,0.015296302092739467
0.9993143279375035,0.015461180292001053
0.9993241337615253,0.01511961166277409
0.9993126500194881,0.015349199952924053
0.9993193505541383,0.015239165160117807
0.9993165745044822,0.01538732979583024
0.99931777039975,0.015148818385552154
0.9993156865816426,0.015446561599277153
0.9993147537991278,0.01538454128679323
0.9993112120726365,0.015305464422416648
0.9993094090817587,0.015374168736055793
0.9993101837170172,0.01518834835496996
0.9993162399035975,0.01525480861214401
0.9993252499021698,0.015265895012880115
0.999308545786486,0.015416685441294042
0.9993168685155039,0.01522248298270057
0.9993180939831289,0.015298462490004994
0.9993128865644008,0.015400100352120027
0.9993142423840708,0.015401452686928607
0.9993153208217921,0.015191845527922077
0.9993070003755622,0.01533082012964826
0.999317071825886,0.01533082012964826
0.9993159878749474,0.01525480861214401
0.9993118696156987,0.015400100352120027
0.9993106596540384,0.015427260083950678
0.9993197266647216,0.015207575777123061
0.9993067456915303,0.015461180292001053
0.9993170703603604,0.01529933283714513
0.99932309180399,0.015394491709134428
0.9993207721602414,0.015293859162519574
0.9993210696630986,0.015293859162519574
0.9993208785999251,0.015282697832619263
0.9993238788398305,0.015180269379373001
0.9993083088019662,0.015401452686928607
0.9993144691556,0.015308495166822311
0.9993134750485997,0.015366799776555418
0.9993114686751552,0.015189057018885066
0.9993159542651391,0.01532739489022461
0.9993075916736848,0.015405987926455644
0.9993100595149438,0.015525481671394559
0.9993134546284544,0.015461180292001053
0.9993161924236629,0.015291810612641399
0.9993096795548587,0.01533082012964826
0.9993207684425336,0.015308495166822311
0.9993175564105393,0.015291070653482564
0.9993059354442017,0.015440891806778545
0.999314239862741,0.015457285193843262
0.999310395691351,0.015293859162519574
0.9993172390147999,0.015183791329432594
0.9993125110582296,0.01521076264544341
0.999317943169413,0.0152079741364064
0.9993236247406723,0.01510038009963477
0.9993017329107744,0.015543319735455086
0.9993274265785544,0.01522248298270057
0.9993101699849029,0.01538732979583024
0.999313183789468,0.015457285193843262
0.9993123250706644,0.0153246063811876
0.9993164663249607,0.015371380227018783
0.9993232459088189,0.015302503433957781
0.9993192423403138,0.015197510684647142
0.9993154313830458,0.015265895012880115
0.9993243430260234,0.015181002820395584
0.9993079001344913,0.015414414566520485
0.9993186833058797,0.015280460681610819
0.9993173560640979,0.01525480861214401
0.9993082616159497,0.015405987926455644
0.9993168326498105,0.01544812286416608
0.9993184065055467,0.01522527149173758
0.9993196304371444,0.01532739489022461
0.9993204689039966,0.015405987926455644
0.999317822113663,0.01511961166277409
0.9993202754746894,0.015293859162519574
0.9993106569783359,0.015417203075557495
0.9993258977311499,0.01529933283714513
0.9993170926971031,0.015350407505590802
0.9993141027795498,0.01522248298270057
0.9993124051869852,0.015410333120263076
0.9993228279726024,0.015181002820395584
0.999310335423726,0.015416706940903246
0.9993118864551997,0.01533082012964826
0.9993125625780502,0.01529933283714513
0.999313040973399,0.015436176551195224
0.9993054471188594,0.01544578089537918
0.9993115962102025,0.015517208741341548
0.9993050294875985,0.01533082012964826
0.9993155910929593,0.015350407505590802
0.9993146213541398,0.015353196014627812
0.9993137339712914,0.015291810612641399
0.999309149575033,0.015366799776555418
0.9993062566682339,0.01553144855404831
0.9993131557245287,0.015493057883211314
0.9993172297351621,0.015353196014627812
0.9993104400604067,0.01522527149173758
0.999322151757947,0.015008006715276245
0.9993039624208999,0.015548615772456031
0.9993072980891614,0.015547111472039354
0.9993221655220762,0.015296302092739467
0.9993118445893158,0.01538732979583024
0.9993098479355421,0.015308495166822311
0.9993168732774653,0.01529933283714513
0.9993116492619841,0.015265895012880115
0.9993159989419738,0.01532739489022461
0.9993141802960422,0.015484749171904788
0.9993177241380085,0.015308495166822311
0.9993069115718894,0.015493057883211314
0.9993194634892294,0.01525480861214401
0.9993181994341772,0.015197510684647142
0.9993242507018314,0.01511682315373708
0.9993221104891749,0.015296302092739467
0.9993133980774361,0.015457285193843262
0.9993082216857024,0.015594973628340725
0.9993034811502102,0.015560004289635998
0.9993250493125131,0.015148818385552154
0.99930010308016,0.015475586842227607
0.9993171286337126,0.01522527149173758
0.9993183793395396,0.015293859162519574
0.9993212605561195,0.01521076264544341
0.9993153936838118,0.015282697832619263
0.9993136879500474,0.015350407505590802
0.999323572362833,0.01525480861214401
0.9993138378236014,0.015414414566520485
0.9993165284971693,0.015279273165542229
0.9993041940325283,0.015454496684806251
0.9993107164255837,0.01533082012964826
0.9993162620563059,0.015294075905236681
0.9993202625706685,0.01521076264544341
0.999313164304191,0.01529612961331761
0.9993085435006107,0.015414414566520485
0.9993076938191864,0.015547111472039354
0.9993153796042004,0.015353196014627812
0.999322503599288,0.015296302092739467
0.9993259891039444,0.015294075905236681
0.9993128937571282,0.015374168736055793
0.9993118525938973,0.015321657799971078
0.9993153880601396,0.015401452686928607
0.999316890223212,0.015191845527922077
0.9993187608884974,0.015251621743823662
0.9993072244229512,0.015401452686928607
0.9993175522127559,0.015440891806778545
0.999313286242063,0.015446561599277153
0.9993157943238158,0.01529666141320174
0.9993113772517749,0.015438103297741534
0.9993199479401785,0.01525480861214401
0.9993187756425891,0.015308495166822311
0.999312665042493,0.015417203075557495
0.9993160729356747,0.01522527149173758
0.9993150446300323,0.01521076264544341
0.9993143993246878,0.015308495166822311
0.9993208217969975,0.015302675913379638
0.999314841790769,0.01525480861214401
0.9993083192826641,0.01532739489022461
0.9993177124461445,0.015235978291797458
0.9993156513160432,0.015296302092739467
0.9993166387028652,0.01538732979583024
0.9993169693510847,0.015350009146307464
0.9993141040375227,0.015405987926455644
0.9993186721450211,0.015308495166822311
0.9993186533491549,0.01529933283714513
0.9993269376048205,0.015180269379373001
0.9993081638898761,0.015481960662867778
0.9993150528972412,0.015405814558377529
0.9993097137839873,0.015427260083950678
0.999317424304442,0.01533082012964826
0.9993123710535169,0.01528133543499166
0.9993194136433206,0.015148818385552154
0.9993179638965746,0.015283491426016482
0.9993129713512114,0.015308495166822311
0.9993181566801368,0.015252020103107
0.999310868989506,0.015452017962323872
0.9993161321259465,0.015353196014627812
0.999315573692477,0.015350407505590802
0.9993065768013407,0.015481960662867778
0.9993130583175323,0.01538732979583024
0.9993163248788214,0.01522527149173758
0.9993153292228346,0.015374168736055793
0.99931188910707,0.015405987926455644
0.9993177940842005,0.015183791329432594
0.9993251348937077,0.015114908312858333
0.999310077487433,0.015457285193843262
0.9993168454056414,0.015274531662093693
0.999303425639693,0.015481669366031348
0.9993097537861537,0.015550485412200388
0.9993204148519863,0.015265895012880115
0.9993016815556086,0.015446561599277153
0.999317934709237,0.015291810612641399
0.999323350016133,0.015282697832619263
0.9993152651856904,0.015401452686928607
0.9993127178249629,0.015305464422416648
0.9993155591669007,0.015349199952924053
0.999314545767634,0.015414414566520485
0.9993235960284608,0.015197510684647142
0.9993200013857663,0.015294075905236681
0.9993179039893724,0.01525480861214401
0.9993123440853576,0.015366799776555418
0.9993095844141189,0.015446561599277153
0.9993196687581325,0.015197510684647142
0.9993214476709522,0.01525480861214401
0.9993130146162603,0.015308495166822311
0.9993115613942729,0.015449791774821087
0.9993297864655115,0.01508964443962757
0.9993139825625491,0.015344033684950631
0.9993228994868689,0.015125767989836447
0.9993107669883075,0.01533082012964826
0.9993146769124914,0.015291810612641399
0.9993215137442311,0.015291070653482564
0.9993169112305971,0.01512632423002902
0.9993169253895589,0.01543195829072097
0.9993130464834918,0.01538732979583024
0.9993094265526306,0.015405987926455644
0.9993207732617058,0.015265895012880115
0.9993189682299785,0.015283491426016482
0.9993171699293985,0.015162979481246452
0.999312683960058,0.015353196014627812
0.9993124558209293,0.015384142927509892
0.9993125175798293,0.015263106503843105
0.999329114230961,0.015189431709050183
0.9993087165693799,0.015350407505590802
0.9993075751252304,0.015445896676663295
0.9993172033405285,0.01522248298270057
0.9993172634496557,0.015164033052070813
0.9993129060830754,0.015440891806778545
0.9993167510596225,0.01532739489022461
0.9993095796606443,0.01538732979583024
0.9993182629477481,0.015432281453037433
0.999310219135743,0.01538732979583024
0.9993192305391018,0.015291810612641399
0.9993112625798514,0.015436176551195224
0.9993208246126036,0.015125767989836447
0.9993160441323452,0.015302675913379638
0.9993211877105636,0.015182683198244895
0.9993142487412278,0.01538732979583024
0.9993177122860086,0.015350009146307464
0.9993226436195836,0.015144533241509883
0.9993077189150082,0.015308495166822311
0.9993208747917275,0.015405987926455644
0.9993161868847606,0.01538732979583024
0.9993242157670843,0.01507537635882894
0.9993306394144452,0.015096405279991565
0.9993149615572008,0.015239165160117807
0.9993329400189027,0.015191845527922077
0.9993080790001732,0.015461180292001053
0.9993170120192509,0.015302675913379638
0.9993187547676865,0.015302675913379638
0.9993095532792842,0.015427260083950678
0.9993211956988052,0.015139656055874973
0.9993217926611782,0.015186643200013172
0.9993215942187648,0.01522527149173758
0.9993125301697594,0.015374168736055793
0.9993158497967995,0.015405987926455644
0.99931587703573,0.01538732979583024
0.999310921080038,0.015189057018885066
0.999307200604024,0.015457285193843262
0.9993010203903778,0.01553144855404831
0.9993157390843567,0.015353196014627812
0.9993269851681779,0.015129511098349369
0.9993137979995865,0.015403199417418634
0.9993073727690374,0.015457285193843262
0.999309640582994,0.015374168736055793
0.9993273266186274,0.015144533241509883
0.9993094765570619,0.015446561599277153
0.9993082650426762,0.015401452686928607
0.9993099636529859,0.015458391782964043
0.9993177147764019,0.015183791329432594
0.9993175726737044,0.015197510684647142
0.9993109036244469,0.01538454128679323
0.9993155019988943,0.015416685441294042
0.9993126124345134,0.0153057066577853
0.9993257856055356,0.01522527149173758
0.9993125310347591,0.015265895012880115
0.9993158423911337,0.01529933283714513
0.9993148836879211,0.01529933283714513
0.9993163397965122,0.0152079741364064
0.9993172292840831,0.015182683198244895
0.9993200803670549,0.015191845527922077
0.9993218500987917,0.015163634692787475
0.9993159002816201,0.015328031620611249
0.9993253519734316,0.015279105480085597
0.999317047559678,0.015265895012880115
0.9993073138006133,0.015405987926455644
0.9993128656067827,0.015480875862357024
0.9993178210928287,0.015294075905236681
0.9993097861612084,0.015490269374174304
0.9993129263687719,0.015427260083950678
0.9993139418094519,0.015293859162519574
0.9993139949589867,0.015301320711854416
0.9993038117192374,0.015417203075557495
0.9993165023880967,0.01532739489022461
0.9993131029286957,0.01538732979583024
0.9993168567308182,0.01518834835496996
0.9993192853184714,0.015294075905236681
0.9993147721517374,0.015419495449940257
0.9993096410096799,0.015530782288355915
0.9993066547657957,0.015416706940903246
0.9993062746239875,0.01548156230358444
0.9993162334992375,0.015364011267518407
0.9993194604484116,0.01510038009963477
0.9993142600785304,0.015366799776555418
0.9993143008250956,0.015296302092739467
0.9993204300189354,0.015183791329432594
0.9993186955154528,0.015308495166822311
0.9993150402443575,0.01538732979583024
0.9993250250209751,0.015278132211164142
0.9993136030654678,0.01532739489022461
0.9992976862777049,0.015557215780598987
0.9993145909450095,0.015350407505590802
0.9993094887156362,0.015484749171904788
0.9993154661136417,0.015305464422416648
0.9993182676319828,0.01510038009963477
0.9993227957417412,0.015293859162519574
0.9993117401811593,0.015374168736055793
0.9993089920917786,0.015374168736055793
0.9993220326060769,0.015194323816326794
0.9993148562115571,0.015197510684647142
0.9993122417581689,0.015308495166822311
0.9993157317932065,0.015197510684647142
0.9993184130668672,0.015327633261327911
0.9993155845354058,0.015366799776555418
0.9993068717134015,0.015451048207824947
0.9993117592694517,0.015374168736055793
0.999312166988413,0.015350407505590802
0.9993198216017638,0.015305464422416648
0.9993232800611854,0.015183791329432594
0.9993145178492774,0.015265895012880115
0.9993324613551182,0.015028463329802122
0.99932025076887,0.015302675913379638
0.9993131139203989,0.01533082012964826
0.9993163989426107,0.015401452686928607
0.9993138570545911,0.01533082012964826
0.9993195788522952,0.015302675913379638
0.9993149135098037,0.015366799776555418
0.9993098604980426,0.015446561599277153
0.9993207340332069,0.015278304690585998
0.9993212101994543,0.01522248298270057
0.9993146198821414,0.015427260083950678
0.9993114705547869,0.015414414566520485
0.9993075787214935,0.015454496684806251
0.9993063110904484,0.015493057883211314
0.9993063913160766,0.015427260083950678
0.9993128542759718,0.01529933283714513
0.999320754180498,0.015302675913379638
0.9993265183020866,0.015282697832619263
0.9993329238291365,0.01510038009963477
0.9993168568987572,0.015451048207824947
0.9993133042834562,0.015427260083950678
0.9993180103072874,0.015282697832619263
0.9993142013196553,0.015350407505590802
0.9993192763561014,0.015291810612641399
0.9993203365750467,0.015183791329432594
0.9993260818056956,0.015189057018885066
0.9993190699013432,0.015282697832619263
0.9993163815495018,0.015305291942994792
0.9993073436281991,0.015328031620611249
0.9993212798048271,0.015189431709050183
0.9993199011621724,0.01521076264544341
0.9993071405286866,0.015550841959958817
0.9993075026336327,0.015451048207824947
0.9993139419606263,0.015374168736055793
0.9993137154345195,0.015282697832619263
0.9993115079338374,0.015417203075557495
0.999318332977814,0.015282697832619263
0.9993079645773774,0.015440891806778545
0.9993188762881985,0.015296302092739467
0.9993052652588967,0.01548156230358444
0.9993080498833837,0.015374168736055793
0.9993119650481385,0.015305464422416648
0.9993228501751903,0.015183791329432594
0.9993278176877781,0.01508964443962757
0.9993103108764924,0.015458391782964043
0.9993181184120546,0.015419495449940257
0.9993198055373839,0.015279909323582253
0.9993077931023671,0.015374168736055793
0.9993244421948944,0.01522248298270057
0.9993112028004957,0.015353196014627812
0.9993088683036254,0.01533082012964826
0.9993076204893105,0.015543319735455086
0.999310627911643,0.01525480861214401
0.9993232990840999,0.015183791329432594
0.9993070959389436,0.015441885878147765
0.9993070207322009,0.015403199417418634
0.999322801583692,0.01511961166277409
0.9993248578227562,0.015263106503843105
0.9993204967635981,0.01522248298270057
0.9993179277771845,0.015265895012880115
0.9993166896014789,0.01522527149173758
0.9993183000736692,0.015188658659601728
0.999314177465961,0.015350009146307464
0.9993107469434448,0.015365006406378612
0.9993144372085639,0.015294075905236681
0.9993169089339836,0.015265895012880115
0.9993061417874258,0.01529612961331761
0.9993068738079912,0.015461180292001053
0.9993189033111451,0.015305291942994792
0.999310132184864,0.0153246063811876
0.9993128729225147,0.015302675913379638
0.99931611858331,0.015291810612641399
0.9993147722143156,0.01538732979583024
0.9993116694404722,0.015401452686928607
0.999309465829841,0.015416706940903246
0.9993176051939447,0.015189057018885066
0.9993114817831115,0.015370981867735445
0.9993126441606751,0.015265895012880115
0.9993176748298122,0.015282697832619263
0.9993117397811313,0.015424471574913667
0.999319952060479,0.015207575777123061
0.9993192648361325,0.01532739489022461
0.9993167460317496,0.015239165160117807
0.999313283831487,0.01533082012964826
0.9993156439561004,0.015419495449940257
0.9993069086168713,0.015473360654724821
0.9993246430949384,0.015088991582454803
0.9993149648252533,0.015328031620611249
0.9993196631999086,0.015148818385552154
0.9993196240899542,0.015263106503843105
0.9993158578015137,0.015308495166822311
0.9993335451931252,0.015097591590597759
0.9993163547985903,0.015374168736055793
0.999321388083181,0.015302675913379638
0.9993312308582147,0.015096803639274903
0.9993069469252659,0.015413896932257032
0.9993114591479746,0.01538732979583024
0.9993176736073355,0.015353196014627812
0.9993160061719795,0.015265895012880115
0.9993135225866404,0.015263106503843105
0.9993185609642029,0.01533082012964826
0.99930998127269,0.015427260083950678
0.9993140669206598,0.015481960662867778
0.9993075645878969,0.015424471574913667
0.9993099890395644,0.015414414566520485
0.9993013163604189,0.015493057883211314
0.9993209914705672,0.01529933283714513
0.999316177576237,0.015457285193843262
0.9993050272290552,0.015548615772456031
0.9993047882092998,0.015484749171904788
0.9993078209251121,0.015419495449940257
0.9993251889587615,0.015114908312858333
0.9993017280476921,0.01554672365165466
0.9993173328348693,0.01529933283714513
0.9993090008725034,0.015532844557805348
0.9993202371294929,0.01522527149173758
0.9993164209839307,0.015302675913379638
0.9993157321698715,0.01533082012964826
0.9993221828262544,0.015166821561107824
0.9993176851010912,0.015349199952924053
0.999324395509945,0.015308495166822311
0.9993226709057325,0.015162979481246452
0.9993259092095143,0.015181002820395584
0.9993056443940561,0.01555571148018231
0.9993142308404538,0.01525480861214401
0.9993114559590014,0.015353196014627812
0.9993073825389772,0.015528261685727962
0.9993189968518332,0.01529933283714513
0.9993195883214644,0.01521076264544341
0.9993102339022284,0.015545804464954571
0.9993171428796931,0.015302675913379638
0.9993228913668553,0.015069447339311814
0.9993207814618723,0.015166821561107824
0.9993059161068814,0.01532739489022461
0.9993153194725867,0.015401452686928607
0.9993130509115864,0.015434020560170403
0.9993137740040501,0.0153057066577853
0.9993083999038636,0.015350407505590802
0.9993167859215358,0.015305464422416648
0.9993076679292614,0.015403199417418634
0.9993200039337641,0.015302675913379638
0.9993143408612991,0.015401452686928607
0.9993136425546933,0.015191845527922077
0.9993119303521945,0.015440891806778545
0.9993076964624417,0.015543319735455086
0.9993177337670421,0.015197510684647142
0.9993132740975709,0.015357637446878236
0.9993184977719404,0.01538732979583024
0.9993146892295838,0.015414414566520485
0.9993049602961716,0.015401452686928607
0.9993161824193161,0.015236376651080796
0.9993059208606462,0.015427260083950678
0.9993147117323672,0.015302675913379638
0.9993258408064496,0.01503818747443919
0.9993127435043542,0.015473360654724821
0.9993163592810593,0.01529933283714513
0.999315012008838,0.015481960662867778
0.9993221927555197,0.015180011774301505
0.9993170428840866,0.015302675913379638
0.9993140452259992,0.0153022775540963
0.9993167980795715,0.015239165160117807
0.999317323001732,0.015282697832619263
0.9993210112981378,0.01525480861214401
0.9993200680459574,0.01521076264544341
0.9993036763227676,0.01556969609137493
0.999319808772441,0.01522527149173758
0.9993268589515796,0.015091217769957588
0.9993258483717244,0.015162979481246452
0.9993184404258828,0.01533082012964826
0.999316484679588,0.015293859162519574
0.99932102253447,0.015405987926455644
0.9993305736657739,0.01510038009963477
0.9993117147202428,0.015366799776555418
0.9993138730628316,0.01532739489022461
0.999302353706621,0.015414414566520485
0.9993165713400275,0.01533082012964826
0.9993179645849992,0.015181002820395584
0.9993200046176293,0.01521076264544341
0.9993118799442965,0.015366799776555418
0.9993080992977009,0.015403199417418634
0.9993158083704475,0.01540810693276029
0.999317166540126,0.015308495166822311
0.9993293281036386,0.015148818385552154
0.9993116123232706,0.015293859162519574
0.9993126187277528,0.015265895012880115
0.9993188708451097,0.01522527149173758
0.9993148387448285,0.015427260083950678
0.9993150091677047,0.01532739489022461
0.9993203746654746,0.015353196014627812
0.9993359953654829,0.015091217769957588
0.9993084717033598,0.015440891806778545
0.9993137953845983,0.01525480861214401
0.9992992039137915,0.015597762137377735
0.9993154405136772,0.015374168736055793
0.9993117387576836,0.01525480861214401
0.999323047511766,0.015183791329432594
0.9993088733779896,0.015523493924979093
0.9993154026049778,0.01525480861214401
0.9993117318803566,0.015263106503843105
0.9993206138680358,0.01522248298270057
0.9993179030575394,0.01525480861214401
0.9993066422732754,0.015414414566520485
0.9993172435391859,0.015197510684647142
0.9993179208697109,0.015189057018885066
0.999303907225059,0.015401452686928607
0.9993080341950391,0.015416308581619909
0.9993223061570714,0.015191845527922077
0.9993145034913663,0.015445896676663295
0.9993097386182576,0.015419495449940257
0.999319000492734,0.01529933283714513
0.9993150547562474,0.015403199417418634
0.999314753705216,0.01529933283714513
0.9993174912261547,0.01525480861214401
0.9993121404179762,0.015350407505590802
0.9993126952930534,0.015461180292001053
0.9993133733221072,0.015461180292001053
0.9993161483702885,0.01522527149173758
0.9993172622765815,0.015296302092739467
0.9993044216414285,0.015405987926455644
0.9993200473881196,0.01518045701074211
0.9993122458201603,0.015239165160117807
0.9993103968755657,0.015542536359544279
0.9993188341585901,0.01533082012964826
0.9993146276293244,0.01533082012964826
0.9993146232527146,0.015194722175610131
0.9993107516723969,0.015374168736055793
0.9993222669266028,0.015302675913379638
0.9993177895059413,0.015280460681610819
0.9993156994480776,0.015366799776555418
0.9993165738348255,0.01522527149173758
0.999313270350774,0.015283491426016482
0.9993131423270734,0.015308495166822311
0.9993101409884936,0.015438103297741534
0.9993250426886557,0.015265895012880115
0.9993129488366311,0.015282697832619263
0.9993249783091421,0.015097591590597759
0.9993159601883648,0.015296302092739467
0.999315513724301,0.015265895012880115
0.9993083834315447,0.015296302092739467
0.9993096298949812,0.015457285193843262
0.9993159527801977,0.015265895012880115
0.9993122293122441,0.015374168736055793
0.9993157286883287,0.015374168736055793
0.9993081070160081,0.015560004289635998
0.9993184934311047,0.015263106503843105
0.9993146814422836,0.015353196014627812
0.9993218531886471,0.015189431709050183
0.9993060558109607,0.01538732979583024
0.9993165952794599,0.01532739489022461
0.9993131133944061,0.01521076264544341
0.9993151969024505,0.015308495166822311
0.999319161345787,0.01521076264544341
0.9993135650303798,0.015457285193843262
0.9993156359141941,0.015350009146307464
0.9993221639493263,0.015216109162060398
0.9993065289486307,0.015457285193843262
0.999307258438564,0.01533082012964826
0.9993152100512475,0.01533082012964826
0.9993290696812434,0.01511961166277409
0.9993142775925771,0.01529933283714513
0.9993183476129082,0.015283491426016482
0.9993134504009444,0.015296302092739467
0.9993173553596373,0.015308495166822311
0.9993149849687366,0.015180111857664436
0.9993050827593584,0.015419495449940257
0.9993140158642256,0.01525480861214401
0.9993179989819269,0.015097591590597759
0.9993135639021259,0.015222512539763144
0.9993232503749115,0.015183791329432594
0.9993002535274604,0.01554666623559875
0.9993151584800541,0.015191845527922077
0.9993199808403039,0.015239165160117807
0.9993174608566868,0.015263106503843105
0.9993153757705903,0.01536361290823507
0.9993140898518895,0.01522248298270057
0.9993068712195615,0.015484749171904788
0.9993217243008402,0.015181002820395584
0.999318729953759,0.015194323816326794
0.9993080605850644,0.01533082012964826
0.9993084835893568,0.015535000548830169
0.9993179368916276,0.01522527149173758
0.9993247835553238,0.015166821561107824
0.9993152280427314,0.01529933283714513
0.999314867128472,0.01532739489022461
0.9993178518279313,0.01521076264544341
0.9993260436138527,0.015148818385552154
0.9993073777690873,0.01553144855404831
0.9993227739945927,0.01521076264544341
0.9993239356258714,0.015189057018885066
0.9993203930355056,0.015294075905236681
0.9993075937057182,0.015434020560170403
0.9993158765113831,0.015263106503843105
0.9993220594821239,0.01522527149173758
0.9993144183816199,0.015350407505590802
0.999310565807671,0.015405987926455644
0.9993195769530624,0.015302675913379638
0.9993154747099687,0.01529933283714513
0.9993139550979585,0.015293859162519574
0.9993124138977474,0.015416706940903246
0.9993143308515882,0.015344033684950631
0.9993279957761364,0.01510038009963477
0.9993176829661987,0.01533082012964826
0.9993129453986412,0.015440891806778545
0.999312671263164,0.015222512539763144
0.9993084033370191,0.015454496684806251
0.9993257680372457,0.015129511098349369
0.9993147901316803,0.015371380227018783
0.9993108152868854,0.015302675913379638
0.999311252418648,0.015308495166822311
0.9993238248249816,0.015296302092739467
0.9993187869000338,0.01525480861214401
0.9993149445543307,0.015296302092739467
0.9993143101974945,0.015301250999042004
0.999307911542282,0.015461180292001053
0.9993293739690129,0.01500633987195421
0.9993197420912605,0.015294075905236681
0.9993113231039522,0.015364011267518407
0.9993188289717185,0.015076742450181868
0.9993110108217984,0.015446561599277153
0.999323406022799,0.015144533241509883
0.9993091601399239,0.015401452686928607
0.9993107104983355,0.015416685441294042
0.9993139726105038,0.015446561599277153
0.9993120018814524,0.015353196014627812
0.9993126936722165,0.015308495166822311
0.9993234465712033,0.015239165160117807
0.9993122127793012,0.01533082012964826
0.9993199364571858,0.01521076264544341
0.9993233129132361,0.015302503433957781
0.9993087177003458,0.015374168736055793
0.9993172058762931,0.01522527149173758
0.9993161608955023,0.015366799776555418
0.9993177626425532,0.01525480861214401
0.9993212855683713,0.015302503433957781
0.9993134900387426,0.015239165160117807
0.9993275243852642,0.015181002820395584
0.9993179670075821,0.015197510684647142
0.9993196173178185,0.015293859162519574
0.9993226632901141,0.015144533241509883
0.9993119853277589,0.015239165160117807
0.999312298848906,0.015278304690585998
0.9993144702829219,0.015349199952924053
0.999318431226525,0.01522527149173758
0.9993175930745712,0.015194722175610131
0.9993260949822829,0.015181002820395584
0.9993123792667692,0.015265895012880115
0.9993159777821704,0.015366799776555418
0.9993125752940277,0.01525480861214401
0.9993155524838501,0.015282697832619263
0.999319611048724,0.015213350210085963
0.9993224884855124,0.01528133543499166
0.9993151829308644,0.015305308298501963
0.9993114763813498,0.015374168736055793
0.9993081313101275,0.01544812286416608
0.9993145118613319,0.015364011267518407
0.9993239167920925,0.015160190972209442
0.9993149849752466,0.015191845527922077
0.9993145244700155,0.015400100352120027
0.9993177459373954,0.01529933283714513
0.9993135395755831,0.015265895012880115
0.9993040948140659,0.015484749171904788
0.9993204572541736,0.01518834835496996
0.9993030536882189,0.015557215780598987
0.9993104646687598,0.015446561599277153
0.9993155307822877,0.015148818385552154
0.9993021273520638,0.01554933765954214
0.9993270951491156,0.015114908312858333
0.9993209665125907,0.01502855510372303
0.9993226173162394,0.015293859162519574
0.9993080067743646,0.015427260083950678
0.9993254663733968,0.015265895012880115
0.9993024942596092,0.015712001348193283
0.9993165312732015,0.015302503433957781
0.9993136429373919,0.015362780218875827
0.9993197480909126,0.015364011267518407
0.999304286816631,0.015419495449940257
0.9993112099719296,0.015305291942994792
0.99932549812119,0.015125767989836447
0.9993129432148057,0.015518713041758225
0.9993164117944944,0.015366799776555418
0.9993175800801353,0.01521076264544341
0.9993197332157605,0.015197510684647142
0.9993115172428179,0.015419495449940257
0.9993111944039855,0.01544578089537918
0.9993162322204237,0.015308495166822311
0.9993275070000178,0.01503134361276004
0.9993045671795413,0.015560004289635998
0.9993170708287923,0.015125767989836447
0.9993104165225634,0.01533082012964826
0.9993129125584764,0.015280460681610819
0.9993289303651174,0.01522248298270057
0.9993155090250386,0.015353196014627812
0.9993203001292612,0.015305291942994792
0.9993079581975101,0.01555571148018231
0.9993268210458628,0.01511961166277409
0.9993163809927953,0.015302675913379638
0.9993196725689423,0.015197510684647142
0.9993234422791908,0.015148818385552154
0.9993291335560891,0.015166821561107824
0.9993188599544786,0.015305464422416648
0.9993143438186426,0.015194722175610131
0.9993237929200481,0.015146029876515144
0.9993171805011402,0.015194722175610131
0.999326360859436,0.015047838071902575
0.9993101837082794,0.015483895553534133
0.9993173414244709,0.01532739489022461
0.9993184965119685,0.01529612961331761
0.9993163595536031,0.015374168736055793
0.9993133708552471,0.015181002820395584
0.9993184305179889,0.015183791329432594
0.9993198528502056,0.015282697832619263
0.999318190401338,0.01529933283714513
0.9993161067428891,0.015401452686928607
0.9993095846887741,0.015457285193843262
0.9993116313444039,0.01533082012964826
0.9993136647356555,0.015308495166822311
0.9993158810204873,0.015416706940903246
0.9993117168431371,0.015401452686928607
0.9993179886506258,0.015222512539763144
0.9993122785410449,0.015374168736055793
0.9993215274749484,0.015126722589312358
0.9993145995439111,0.015405987926455644
0.9993189862462448,0.01533082012964826
0.9993107933611707,0.015350407505590802
0.9993109267607093,0.015293859162519574
0.9993085314249834,0.015480875862357024
0.9993113124858483,0.01538732979583024
0.9993066188169965,0.015366799776555418
0.9993073644372698,0.015401452686928607
0.9993120176879706,0.015414414566520485
0.9993110878175648,0.015401452686928607
0.9993202419897497,0.015197510684647142
0.9993226851415209,0.015350407505590802
0.9993021539003618,0.01555571148018231
0.9993106036364809,0.015405814558377529
0.9993097776620161,0.015451048207824947
0.9993087329906173,0.015532844557805348
0.9993269090038256,0.015144533241509883
0.9993104753620858,0.015405987926455644
0.9993147480449132,0.015349199952924053
0.9993280079353088,0.015172506943841313
0.9993219909042965,0.015162979481246452
0.9993130558870881,0.015350407505590802
0.9993190419180351,0.015283491426016482
0.9993146286074647,0.015400100352120027
0.9993086498807353,0.015239165160117807
0.9993234662183779,0.015186122167467175
0.9993257763097432,0.015191845527922077
0.9993197788370333,0.015197510684647142
0.9993159896899704,0.015308495166822311
0.9993132560520102,0.015276242421136565
0.9993209296235238,0.015265895012880115
0.9993097211508847,0.015302675913379638
0.9993115673401737,0.015197510684647142
0.999321781182991,0.015239165160117807
0.9993124372957914,0.015401452686928607
0.9993019186654577,0.015546959066233157
0.9993105759498788,0.015419495449940257
0.9993214665245749,0.01511682315373708
0.9993203685076602,0.01532739489022461
0.9993106256595529,0.015283491426016482
0.9993223986400749,0.015162979481246452
0.9993141924641251,0.015296302092739467
0.9993155056148326,0.015451048207824947
0.9993157650968488,0.01532739489022461
0.9993100358084726,0.01544449573782014
0.999311454013902,0.015351988461961064
0.9993179870433622,0.015296302092739467
0.9993089204762171,0.01538732979583024
0.9993188900997283,0.01518082613046623
0.9993053793894013,0.015560004289635998
0.9993199264951934,0.015157659231430642
0.9993094951353585,0.015436176551195224
0.9993171558490538,0.015282697832619263
0.999310569253744,0.015419495449940257
0.9993197964230504,0.015164033052070813
0.9993207276711142,0.015305464422416648
0.999320237370598,0.015308495166822311
0.9993206654085168,0.015191845527922077
0.999311953640733,0.01533082012964826
0.999313703402979,0.015302675913379638
0.9993108948639496,0.015384142927509892
0.9993283311243768,0.01511682315373708
0.999312075853344,0.01533082012964826
0.9993244719410158,0.01522527149173758
0.9993115139586747,0.01525480861214401
0.9993107782243572,0.015302675913379638
0.9993153542344078,0.015304109220891426
0.999315028278909,0.015308495166822311
0.9993112658432431,0.015405987926455644
0.9993082940335457,0.015554404473097527
0.9993124256450203,0.015451048207824947
0.9993140880609104,0.01529933283714513
0.9993107258064485,0.015454496684806251
0.9993150715540957,0.015296302092739467
0.9993166187493955,0.01538732979583024
0.9993170835784325,0.01522527149173758
0.9993137427817297,0.015351988461961064
0.9993179027727637,0.015265895012880115
0.9993086521687742,0.015446561599277153
0.9992986633517807,0.015681186337839215
0.9993110668611253,0.01532739489022461
0.9993223585124222,0.015148818385552154
0.9993190130632817,0.015181002820395584
0.9993234218480533,0.015174628999755413
0.99931427084392,0.015276242421136565
0.9993190243915575,0.015219724030726134
0.9993138700520322,0.015402256343144849
0.9993226460743376,0.01521076264544341
0.9993219119051273,0.015308495166822311
0.999309220596618,0.01545215471601935
0.9993077689822918,0.015416308581619909
0.9993158454288672,0.01532739489022461
0.9993205691706522,0.015191845527922077
0.9993204409398638,0.01522248298270057
0.9993045722514216,0.015554404473097527
0.9993156876456404,0.01538732979583024
0.9993200036265957,0.015279273165542229
0.9993181580371001,0.015262708144559767
0.9993143160299821,0.015353196014627812
0.99932953641362,0.015148818385552154
0.9993255004966808,0.015129511098349369
0.9993182778760124,0.015125767989836447
0.9993134772815213,0.015446561599277153
0.9993195822856971,0.015305464422416648
0.9993199439677861,0.015279909323582253
0.9993171942395591,0.015183791329432594
0.9993178018785054,0.015302503433957781
0.9993089096043477,0.015293859162519574
0.9993065579301372,0.015440891806778545
0.9993129101047767,0.01525480861214401
0.9993145153608318,0.015308495166822311
0.9993100968376495,0.015302675913379638
0.9993093157336701,0.01533082012964826
0.9993119566920837,0.01538732979583024
0.999307396438325,0.015416308581619909
0.9993178059108353,0.015265895012880115
0.9993112359752203,0.01544812286416608
0.9993085239381344,0.015350407505590802
0.9993126624575054,0.01538454128679323
0.9993201092717086,0.015144533241509883
0.9993111947422105,0.015457285193843262
0.9993112920374314,0.01533082012964826
0.9993169194238081,0.015282697832619263
0.999322530506557,0.015125767989836447
0.9993096853858991,0.015446561599277153
0.9993202139262963,0.015189057018885066
0.9993206576499212,0.01532739489022461
0.9993124108017486,0.015341362261007241
0.9992992231392687,0.015416706940903246
0.9993153236538965,0.015305464422416648
0.9993212335718075,0.01503539896540218
0.9993109324614694,0.015302675913379638
0.9993172637658718,0.015366799776555418
0.9993154044014791,0.015419495449940257
0.9993085821563136,0.015518525552399964
0.9993171623151983,0.01522527149173758
0.9993068108661712,0.015427260083950678
0.9993225159670635,0.015081709842384328
0.9993197599269404,0.0152079741364064
0.999306655448375,0.015616082813500576
0.9993119666514966,0.015293859162519574
0.9993120699701222,0.01521076264544341
0.9993161460258745,0.015282697832619263
0.9993205507120663,0.015191845527922077
0.9993248713299219,0.015293859162519574
0.9993172767957644,0.015166821561107824
0.9993059881155494,0.015366799776555418
0.999311839885355,0.015353196014627812
0.9993217262325941,0.015148818385552154
0.9993099149420561,0.015405987926455644
0.9993173007151377,0.015374168736055793
0.9993183512993075,0.015350407505590802
0.9993088216417341,0.01538732979583024
0.9993189012512128,0.015305464422416648
0.9993217175313348,0.015189057018885066
0.9993077264933236,0.01542407321563033
0.9993100494497977,0.015351988461961064
0.9993117164676458,0.015321657799971078
0.9993129317717716,0.015493057883211314
0.9993138821855498,0.015353196014627812
0.9993203111699558,0.015180510216947773
0.9993222462388542,0.015166821561107824
0.9993135208350661,0.015302675913379638
0.999315696936282,0.01532739489022461
0.9993202109582859,0.015183298725984784
0.9993141229699493,0.015282697832619263
0.9993247751274866,0.015114908312858333
0.9993252721528251,0.015141744732472873
0.999314838913047,0.015265895012880115
0.9993116962883076,0.01533082012964826
0.9993089535632874,0.015410333120263076
0.9993204536928242,0.01522527149173758
0.9993099104299705,0.01544545144022269
0.9993129955682064,0.015265895012880115
0.9993198073670922,0.015191845527922077
0.999327307253206,0.01510038009963477
0.9993099492953295,0.015371380227018783
0.999318440658271,0.015296302092739467
0.9993128942415229,0.015401452686928607
0.9993009699954799,0.01555571148018231
0.9993263111307823,0.015181002820395584
0.9993126938558882,0.015446561599277153
0.9993160221948778,0.015265895012880115
0.9993082951715553,0.015484749171904788
0.999307303547744,0.015521989624562416
0.9993197994025622,0.01522527149173758
0.9993217350152328,0.0153057066577853
0.9993093902008522,0.015350407505590802
0.9993177346873584,0.015302675913379638
0.9993101960682478,0.015414414566520485
0.9993271227323424,0.015182683198244895
0.9993098181206892,0.015405987926455644
0.9993240300586917,0.015263106503843105
0.9993166710975976,0.015296302092739467
0.999317932451346,0.015350407505590802
0.9993097989678992,0.015350009146307464
0.9993242553517185,0.015084498351421338
0.9993122661614597,0.015308495166822311
0.9993157514059763,0.015296302092739467
0.999315189224166,0.015366799776555418
0.9993046287352576,0.015461180292001053
0.9993095736638664,0.015419495449940257
0.9993309474822152,0.015019955095580073
0.999321579268276,0.015027964276088213
0.9993247615920512,0.01511961166277409
0.9993221251760973,0.015189057018885066
0.9993276030977832,0.015181002820395584
0.999313302277742,0.015197510684647142
0.9993111649559864,0.01529933283714513
0.9993130138625365,0.015427260083950678
0.9993139962928502,0.015265895012880115
0.9993190357909661,0.015191845527922077
0.9993295595401154,0.015080482109950388
0.9993100216023566,0.015405987926455644
0.9993071759861096,0.015366799776555418
0.9993118799727413,0.015353196014627812
0.9993139419964184,0.015301250999042004
0.9993141965130683,0.015402256343144849
0.9993184051883786,0.015302675913379638
0.9993208024268656,0.015305464422416648
0.9993108912533741,0.015405987926455644
0.9993175927955424,0.015282697832619263
0.9993115812499511,0.015353196014627812
0.9993085822208491,0.01544812286416608
0.9993105589292376,0.015419495449940257
0.9993184999802165,0.015265895012880115
0.9993144683906313,0.01533082012964826
0.999315288781339,0.0153246063811876
0.9993098242342029,0.015414414566520485
0.9993201511555867,0.015183791329432594
0.9993074982715531,0.015451048207824947
0.9993096039618633,0.015493057883211314
0.9993163740315566,0.015296302092739467
0.9993010878871673,0.015366799776555418
0.9993105493331115,0.015305464422416648
0.9993293195292464,0.015076742450181868
0.9993141023862677,0.015401452686928607
0.9993242870191411,0.015084498351421338
0.9993119397657881,0.015191845527922077
0.9993291135204232,0.015291810612641399
0.9993040367906633,0.015461180292001053
0.9993159742705143,0.01525480861214401
0.9993136859081908,0.015189431709050183
0.999312515062243,0.015374168736055793
0.9993217471301163,0.01533082012964826
0.9993227562287077,0.0153057066577853
0.999318721621463,0.015239165160117807
0.99931690098522,0.01521076264544341
0.999309779287589,0.015427260083950678
0.999311276277116,0.015405987926455644
0.9993135836102607,0.01538732979583024
0.9993205175393854,0.01510038009963477
0.9993196702197258,0.015265895012880115
0.9993144196673769,0.015440891806778545
0.9993117300076931,0.015414414566520485
0.9993165748539521,0.015291810612641399
0.9993104618561279,0.015265895012880115
0.9993198383057498,0.01522248298270057
0.9993139788027905,0.015308495166822311
0.9993127579583287,0.015302675913379638
0.9993258667933136,0.01510038009963477
0.9993146201926052,0.015293859162519574
0.9993159993865272,0.015162979481246452
0.9993165534828592,0.015305464422416648
0.9993221275542175,0.015144533241509883
0.9993205363912828,0.01522248298270057
0.9993134235285839,0.01532739489022461
0.9993194574015608,0.015353196014627812
0.9993259335303915,0.01522527149173758
0.9993135227558488,0.015353196014627812
0.9993137930358765,0.015265895012880115
0.9993257866249128,0.01508964443962757
0.9993196241146138,0.015291810612641399
0.9993216783125783,0.015146029876515144
0.9993198372016828,0.01522527149173758
0.9993157547462167,0.015366799776555418
0.9993092733535804,0.015427260083950678
0.9993164078092945,0.015282697832619263
0.9993144684910015,0.015374168736055793
0.9993097336286647,0.015451048207824947
0.9993200235459121,0.015183791329432594
0.9993121860484776,0.015353196014627812
0.9993153568679626,0.01532739489022461
0.9993089469166981,0.015350407505590802
0.9993143499040444,0.015408040745880314
0.9993094928700564,0.015294075905236681
0.9993051956826622,0.015446561599277153
0.99930855143441,0.015440891806778545
0.9993155596669818,0.015308495166822311
0.9993060536378657,0.015481960662867778
0.9993093358860483,0.015401452686928607
0.9993129101454465,0.015374168736055793
0.9993115430216973,0.015481960662867778
0.9993209170751101,0.015194722175610131
0.999321033205437,0.015189057018885066
0.9993290244908942,0.01510038009963477
0.9993132224135083,0.015451048207824947
0.9993194059057271,0.015416706940903246
0.9993122622742306,0.015283491426016482
0.9993144993144739,0.015427260083950678
0.9993201899596477,0.015239165160117807
0.9993141233736781,0.015401452686928607
0.9993194595164655,0.015265895012880115
0.999316581155027,0.015374168736055793
0.9993234663231707,0.015183298725984784
0.999322878230121,0.015183791329432594
0.9993243905871446,0.015148818385552154
0.9993150098064343,0.01533082012964826
0.9993061936627831,0.015414414566520485
0.9993137184820217,0.015366799776555418
0.9993133752922893,0.01521076264544341
0.9993200903172123,0.01522248298270057
0.9993102159225544,0.015374168736055793
0.9993143711087091,0.015353196014627812
0.9993137117989319,0.015291810612641399
0.9993155567343439,0.015366799776555418
0.9993235890370241,0.015350407505590802
0.9993190151408874,0.015222512539763144
0.9993110813386872,0.015374168736055793
0.9993201366073111,0.015191845527922077
0.9993172781331707,0.01525480861214401
0.9993263369400744,0.015125767989836447
0.9993140852095482,0.01525480861214401
0.999320239073469,0.015239165160117807
0.9993106526260283,0.015424471574913667
0.9993165231710869,0.015279510964298915
0.9993207314315892,0.015191845527922077
0.9993213379859069,0.015239165160117807
0.999317618986633,0.01521076264544341
0.9993166540124965,0.01525480861214401
0.9993157853881961,0.015405814558377529
0.9993080307353261,0.01544578089537918
0.9993095839211082,0.015427260083950678
0.9993115944052737,0.015427260083950678
0.9993140063224304,0.015427260083950678
0.9993215300069108,0.015166821561107824
0.9993113414982064,0.015353196014627812
0.999311833784464,0.015374168736055793
0.999321875993054,0.015164033052070813
0.9993090289215619,0.015296302092739467
0.9993153926462544,0.015371380227018783
0.9993180939024705,0.01522248298270057
0.99931366559281,0.01533082012964826
0.9993264294357509,0.015180604461112246
0.9993149912873668,0.015350407505590802
0.999315780987943,0.015443554707876395
0.9993149445517412,0.01533082012964826
0.9993143065696104,0.01521076264544341
0.9993173693591567,0.01522527149173758
0.9993113923602804,0.015483664371394035
0.9993145655149058,0.015251621743823662
0.9993175508515941,0.015321657799971078
0.9993251127828388,0.01511961166277409
0.9993196180738293,0.015164033052070813
0.9993199778389652,0.015239165160117807
0.9993104152955119,0.015403199417418634
0.9993121455666522,0.015446561599277153
0.9993134425192477,0.015427260083950678
0.9993260421755906,0.015283491426016482
0.9993073157513291,0.015530782288355915
0.9993095533354275,0.015419495449940257
0.9993150228023012,0.015350407505590802
0.9993160224859348,0.015350407505590802
0.9993123435691718,0.015414414566520485
0.9993087110904277,0.015364011267518407
0.9993212704878883,0.015374168736055793
0.9993174176795213,0.01525480861214401
0.999319837969304,0.01521076264544341
0.9993172037066114,0.01532739489022461
0.9993200612802718,0.015181002820395584
0.9993169957002288,0.015216109162060398
0.9993321551857215,0.01511961166277409
0.9993231804741719,0.015112119803821322
0.9993170307201772,0.015183791329432594
0.9993152755367755,0.015353196014627812
0.9993227652917047,0.015296302092739467
0.9993197404113972,0.015191845527922077
0.9993189405269695,0.015374168736055793
0.9993140915280259,0.015366799776555418
0.9993099030020351,0.015416706940903246
0.9993151578943335,0.015401452686928607
0.9993150530547616,0.015222512539763144
0.9993154101329702,0.01533082012964826
0.9993144840810421,0.015305464422416648
0.9993003781037724,0.015560004289635998
0.9993254525792139,0.01502855510372303
0.9993142690464353,0.0153057066577853
0.9993161089288268,0.015183791329432594
0.999312836537757,0.015394491709134428
0.9993090925766112,0.01522527149173758
0.9993116001934294,0.015483664371394035
0.9993322850317546,0.014993385138192927
0.9993144474423526,0.01525480861214401
0.9993232210812357,0.015183791329432594
0.9993128456060543,0.015405987926455644
0.999309311004129,0.015401452686928607
0.9993166365164206,0.015457285193843262
0.9993110512427844,0.015239165160117807
0.9993130186956498,0.01532739489022461
0.9993131394905227,0.015282697832619263
0.9993094063498812,0.015353196014627812
0.999319158951665,0.015308495166822311
0.9993041366962091,0.015484749171904788
0.9993245466473385,0.015180269379373001
0.9993166253678324,0.015308495166822311
0.9993202116651495,0.01533082012964826
0.9993217937969029,0.015279273165542229
0.9993054925245654,0.015438103297741534
0.9993124265597598,0.015308495166822311
0.9993147990753346,0.015427260083950678
0.999317968422527,0.01533082012964826
0.9993192708430023,0.015282697832619263
0.9993098641683111,0.015401452686928607
0.9993153188830044,0.015419495449940257
0.999308457579896,0.015374168736055793
0.9993071029967199,0.015445896676663295
0.999318401340973,0.01518834835496996
0.9993100275566623,0.01532739489022461
0.9993159799938228,0.015265895012880115
0.9993203121276816,0.015166821561107824
0.9993200672590614,0.01522527149173758
0.9993231408962248,0.015191845527922077
0.9993131000372704,0.015374168736055793
0.9993261304793281,0.015216109162060398
0.9993076485843381,0.01566206274476123
0.9993177402702825,0.015349199952924053
0.9993244522906967,0.015191845527922077
0.9993129987967923,0.015451048207824947
0.999307611291993,0.015541323082523206
0.9993170353212623,0.015191845527922077
0.9993085586561722,0.015417203075557495
0.9993172468820528,0.01525480861214401
0.999310522312705,0.015353196014627812
0.9993183094704082,0.015219724030726134
0.9993184003703708,0.015144533241509883
0.9993182019360443,0.015265895012880115
0.9993086594123048,0.01544812286416608
0.9993035487732642,0.01532739489022461
0.9993230841221744,0.015350009146307464
0.9993151844434947,0.015308495166822311
0.9993069189892587,0.015308495166822311
0.9993051977503872,0.015405987926455644
0.999309209762564,0.015374168736055793
0.9993056004901233,0.01553144855404831
0.9993118119110482,0.015457285193843262
0.9993087062518382,0.015294075905236681
0.9993136578028127,0.01525480861214401
0.9993158123739767,0.01533082012964826
0.9993269029991997,0.01516828868336706
0.9993223866712695,0.01529933283714513
0.9993147151745473,0.015350407505590802
0.9993125085460359,0.015296302092739467
0.9993151479190483,0.01538454128679323
0.9993209078886942,0.015401452686928607
0.9993148726169567,0.015417203075557495
0.9993140516783899,0.015353196014627812
0.9993179484853738,0.015172506943841313
0.9993098601021366,0.015417203075557495
0.9993219326231463,0.015164033052070813
0.9993093662213187,0.015427260083950678
0.9993188906465711,0.015293903425814825
0.9993162129359942,0.015305308298501963
0.9993123351342041,0.015297106649642345
0.9993188398090206,0.015148818385552154
0.999323921601155,0.015239165160117807
0.9993090506031711,0.015191845527922077
0.99931424880738,0.01522527149173758
0.9993124897861487,0.01529933283714513
0.9993133389053587,0.015350407505590802
0.9993162026229117,0.015219724030726134
0.9993152379740395,0.015293859162519574
0.9993184235442492,0.01533082012964826
0.9993251680995516,0.015294075905236681
0.9993063335835121,0.015473360654724821
0.9993201074984168,0.01518834835496996
0.9993072974368175,0.015401452686928607
0.9993157561855445,0.01544449573782014
0.9993138423095679,0.015427260083950678
0.9993126810265208,0.015374168736055793
0.9993162269607563,0.015374168736055793
0.9993000820161667,0.015533496248413492
0.9993200264398229,0.015282697832619263
0.999308841796455,0.015493057883211314
0.999303482933838,0.015532844557805348
0.999308472991465,0.015414414566520485
0.999313325067463,0.01529933283714513
0.9993155050412452,0.015291810612641399
0.9993188217352517,0.015239165160117807
0.9993163305711142,0.015410333120263076
0.9993086842782639,0.015448259698787936
0.9993226710183869,0.01522248298270057
0.9993147765502021,0.015364011267518407
0.9993212755935268,0.015197510684647142
0.9993173426985804,0.015293630668796077
0.9993234410436825,0.01522248298270057
0.9993184826097616,0.015305291942994792
0.9993203292257845,0.015125767989836447
0.999303331123839,0.015558499989219321
0.9993141068199656,0.015296302092739467
0.9993095056804394,0.015419495449940257
0.999317056417337,0.015305291942994792
0.9993157103028272,0.015239165160117807
0.9993114375202646,0.015301250999042004
0.9993200516445017,0.015265895012880115
0.9993240763448812,0.015189057018885066
0.9993182621379053,0.015301250999042004
0.9993268202315696,0.015083695545453857
0.9993153125343982,0.015454496684806251
0.9993119239962027,0.015350407505590802
0.9993124435940745,0.015239165160117807
0.9993125463774168,0.01532739489022461
0.9993116236744191,0.01533082012964826
0.9993221272618802,0.015180510216947773
0.9993128101275477,0.01538732979583024
0.9992990782911666,0.01553144855404831
0.9993193966144828,0.015189057018885066
0.9993182340447714,0.01532739489022461
0.9993218918916267,0.015293859162519574
0.9993148876435012,0.01533082012964826
0.9993097547568325,0.015366799776555418
0.9993073424953833,0.015401452686928607
0.9993141845053023,0.015308495166822311
0.9993182590349516,0.015364011267518407
0.9993288865996649,0.015129511098349369
0.9993149267152206,0.015350407505590802
0.9993130860928625,0.01533082012964826
0.9993278348380424,0.01521076264544341
0.9993151063693789,0.015454496684806251
0.9993227542001558,0.015189057018885066
0.9993182835168395,0.015197510684647142
0.9993184731689854,0.015305291942994792
0.9993030624887359,0.015544170557196146
0.9993109900405297,0.015353196014627812
0.9993136024147229,0.015350407505590802
0.9993070495371569,0.015483664371394035
0.9993214522994878,0.015302675913379638
0.9993067574977494,0.015436176551195224
0.9993164194475382,0.015344033684950631
0.9993074636738613,0.01555571148018231
0.9993051763511501,0.015401452686928607
0.9993000461401316,0.015419495449940257
0.9993087773823872,0.015535000548830169
0.9993214319866925,0.015301250999042004
0.9993152913890551,0.015301320711854416
0.9993046878767137,0.015440891806778545
0.9993203496444736,0.01533082012964826
0.9993208730293204,0.015160190972209442
0.9993150093861448,0.015263106503843105
0.9993096544360631,0.015454496684806251
0.9993123588040953,0.015451048207824947
0.9993205087482125,0.015183791329432594
0.9993133422194646,0.01525480861214401
0.9993264715477501,0.015219724030726134
0.9993140273974517,0.015265895012880115
0.9993188831966796,0.015183791329432594
0.9993114178673308,0.015405987926455644
0.9993125094419485,0.015413896932257032
0.9993215585228105,0.015222084623417231
0.9993232654866762,0.015045049562865564
0.9993143885071115,0.015434020560170403
0.9993146999278267,0.015302675913379638
0.99932593844097,0.015116605660159266
0.9993145494664036,0.015293859162519574
0.9993175556297418,0.015351988461961064
0.9993148601095853,0.015374168736055793
0.9993124155181268,0.015403199417418634
0.9993158129034602,0.015401452686928607
0.9993134196389593,0.015305464422416648
0.9993133283585965,0.015294075905236681
0.9993199880156344,0.015125767989836447
0.9993065680768071,0.01543965969064498
0.9993051667249327,0.015493057883211314
0.9993071467324358,0.015364011267518407
0.9993168807327473,0.015125767989836447
0.9993079211028102,0.015493057883211314
0.9993206460484748,0.015328031620611249
0.9993049195956039,0.01544545144022269
0.9993120610727735,0.015427260083950678
0.9993257061691968,0.015129511098349369
0.9993171405028016,0.015296302092739467
0.9993211003071563,0.015293859162519574
0.9993127225708925,0.01525480861214401
0.9993205949932157,0.01521076264544341
0.9993192402595095,0.015144533241509883
0.9993201445454042,0.015308495166822311
0.9993119438841368,0.015350009146307464
0.9993169523744061,0.015302675913379638
0.9993129255484167,0.015302675913379638
0.9993237611104571,0.015084498351421338
0.9993049559081977,0.015480875862357024
0.9993153397251991,0.015282697832619263
0.9993159148465665,0.01522527149173758
0.9993116985552285,0.015454496684806251
0.9993177789900465,0.015280460681610819
0.9993254074315951,0.015081709842384328
0.999309470271464,0.01529933283714513
0.9993187038933599,0.015183791329432594
0.9993237054580345,0.015144533241509883
0.9993223045779702,0.015181002820395584
0.9993047829513035,0.015440891806778545
0.9993003643188165,0.015493057883211314
0.9993133911422901,0.01521076264544341
0.9993131741385957,0.0153057066577853
0.9993131353708457,0.015265895012880115
0.9993225158216695,0.01522248298270057
0.9993164169890325,0.015182683198244895
0.9993091106702254,0.0153246063811876
0.9993139288088749,0.015374168736055793
0.9993195722503064,0.015308495166822311
0.9993089193007721,0.015401452686928607
0.99930762102957,0.015548615772456031
0.9993224459056722,0.015282697832619263
0.9993150804773395,0.015427260083950678
0.9993167570984254,0.015350407505590802
0.9993139856879981,0.015263106503843105
0.9993260588938933,0.01521076264544341
0.9993102304176663,0.015366799776555418
0.9993114640899086,0.01532739489022461
0.9993184970217251,0.015398664177891597
0.9993174365915578,0.015305464422416648
0.9993087399879643,0.015481224129590743
0.9993016286241254,0.015414414566520485
0.9993020540182284,0.015560004289635998
0.9993174620742522,0.01529345818937422
0.9993242523127044,0.015129511098349369
0.9992975467888742,0.015546959066233157
0.9993149640695738,0.015396825596778463
0.9993128635854511,0.015291810612641399
0.9993209487117628,0.01529933283714513
0.9993080633267789,0.015401452686928607
0.9993068810980658,0.015457285193843262
0.9993144757021887,0.015446561599277153
0.9993211755288212,0.015166821561107824
0.999325307275519,0.015183791329432594
0.9993063067400905,0.015353196014627812
0.9993106916426248,0.015308495166822311
0.9993235880631356,0.015364011267518407
0.9993086552794177,0.015265895012880115
0.9993249005254935,0.015197510684647142
0.999311258887077,0.015366799776555418
0.9993107859657283,0.015416308581619909
0.9993052013864753,0.0155446923505691
0.9993180013003206,0.015183791329432594
0.9993263967818092,0.01508685593059056
0.9993171179207389,0.015188658659601728
0.9993212716374761,0.015144533241509883
0.9993225480580822,0.015146029876515144
0.9993205234909873,0.015166821561107824
0.9993121501576383,0.015414414566520485
0.9993125283595882,0.015405987926455644
0.9993223615140254,0.01529933283714513
0.9993173948191859,0.015239165160117807
0.9993101760405283,0.015427260083950678
0.9993028768704844,0.015436176551195224
0.9993138568760894,0.015414414566520485
0.9993199126486166,0.01502855510372303
0.9993089492604226,0.015371380227018783
0.9993202812348013,0.015189431709050183
0.9993181181684633,0.01533082012964826
0.9993030169535068,0.015461180292001053
0.9993089512328979,0.015480875862357024
0.9993153302585573,0.015427260083950678
0.9993152416213721,0.0152079741364064
0.9993118338452744,0.015374168736055793
0.999301163820769,0.015544170557196146
0.9993165743754615,0.015296302092739467
0.999322896982728,0.015129511098349369
0.9993149850210424,0.015390273448660174
0.9993095561205321,0.015451048207824947
0.9993164259013608,0.015305464422416648
0.9993107884094609,0.015239165160117807
0.9993130268330218,0.015265895012880115
0.9993134794584402,0.015282697832619263
0.9993165592238975,0.015305291942994792
0.9993175644696223,0.015189057018885066
0.9993096255318972,0.01532739489022461
0.9993234596790606,0.015166821561107824
0.9993122882809782,0.0153022775540963
0.9993092359084489,0.015454496684806251
0.9993214997186004,0.01522248298270057
0.9993202320098558,0.01508964443962757
0.9993208440724668,0.015207575777123061
0.9993122648901207,0.015414414566520485
0.9993170114208084,0.015291070653482564
0.9993116399849119,0.015374168736055793
0.9993150289257496,0.015305291942994792
0.9993218290629002,0.015116605660159266
0.9993040936952368,0.015532844557805348
0.9993128604674768,0.01538732979583024
0.9993196965878294,0.01510038009963477
0.9993209177146065,0.015180269379373001
0.9993155612004968,0.015189431709050183
0.9993195621993239,0.015236376651080796
0.9993175463608528,0.015371380227018783
0.9993051799135413,0.015484749171904788
0.9993146629657644,0.015353196014627812
0.9993070305382806,0.01538454128679323
0.9993187584369734,0.015189057018885066
0.9993103778691751,0.015403199417418634
0.9993129421222517,0.015282697832619263
0.9993253064521594,0.015166821561107824
0.999314526929044,0.01529933283714513
0.9993210983596217,0.015239165160117807
0.9993141745355578,0.015405987926455644
0.9993258752473887,0.015084498351421338
0.9993217333753185,0.015197510684647142
0.9993228861521257,0.015282470645339608
0.9993205134824091,0.01525480861214401
0.9993151619342802,0.01533082012964826
0.9993145858840328,0.015371380227018783
0.9993134287108076,0.01532739489022461
0.9993067727431826,0.015457285193843262
0.9993100136963724,0.015365006406378612
0.9993190234636696,0.015282697832619263
0.9993188491610447,0.01510038009963477
0.9993128665258806,0.015374168736055793
0.9993189029568014,0.015197510684647142
0.9993132509259719,0.015401452686928607
0.9993172264805434,0.015443773090240143
0.99931607504834,0.015265895012880115
0.9993132078565722,0.01538732979583024
0.9993187199890462,0.01525480861214401
0.9993065544874006,0.015414414566520485
0.9993177866854036,0.01525480861214401
0.9993123011083599,0.015419495449940257
0.9993133867335899,0.01529933283714513
0.9993058934626825,0.015541815435038409
0.9993178185888273,0.01538732979583024
0.9993131060272671,0.015451048207824947
0.9993140249969864,0.015305464422416648
0.999314933647094,0.015125767989836447
0.9993125594343585,0.015401452686928607
0.9993082949959033,0.015396825596778463
0.9993129982156892,0.015189057018885066
0.9993244227517111,0.015114908312858333
0.9993153709199076,0.015291810612641399
0.9993138435474382,0.015416308581619909
0.9993050718436914,0.01553144855404831
0.9993182891766039,0.015148818385552154
0.9993109386396795,0.015446561599277153
0.9993114238837023,0.015349199952924053
0.9993217286469767,0.015125767989836447
0.999316408960361,0.015262708144559767
0.9993083595183135,0.015181002820395584
0.9993230150289786,0.015181002820395584
0.999309457944803,0.015454496684806251
0.999311864419337,0.01538732979583024
0.9993206351509697,0.015283491426016482
0.9993192090473858,0.01522527149173758
0.9993127895059182,0.015366799776555418
0.9993106099444106,0.015416308581619909
0.999306886872945,0.015394491709134428
0.9993226149214777,0.015265895012880115
0.9993185693403949,0.015263106503843105
0.9993247532961238,0.015162979481246452
0.9993188775167752,0.015415426330330106
0.9993123584327402,0.015419495449940257
0.9993199756975614,0.015191845527922077
0.9993235338753491,0.015197510684647142
0.9993182390982395,0.015180269379373001
0.9993150811815278,0.015405987926455644
0.9993233877358096,0.015129511098349369
0.9993191574854529,0.015293859162519574
0.9993226850798833,0.015166821561107824
0.999308975299597,0.015416706940903246
0.999320554334818,0.015197510684647142
0.9993172891512537,0.01525480861214401
0.9993167105557146,0.015374168736055793
0.9993114909159682,0.015291810612641399
0.9993213128238946,0.015120348768672187
0.9993165945928529,0.015344033684950631
0.9993142926176134,0.015344033684950631
0.9993184243682391,0.015279273165542229
0.9993093666842566,0.015401452686928607
0.9993210748083204,0.01510038009963477
0.9993217249532104,0.01525480861214401
0.9993194015417671,0.01533082012964826
0.9993113988345889,0.015401452686928607
0.9993045330491179,0.015458391782964043
0.9993114991526688,0.015191845527922077
0.9993236560051734,0.01521076264544341
0.9993167015407673,0.0153057066577853
0.9993139304387095,0.015279909323582253
0.9993166027205903,0.01538732979583024
0.9993211162445914,0.015366799776555418
0.9993228883376551,0.015019364267945257
0.9993056500496905,0.015481960662867778
0.9993098043776887,0.015374168736055793
0.9993200238983445,0.015096612725090885
0.9993126129807197,0.015452017962323872
0.9992999186815281,0.015543319735455086
0.9993164100600352,0.01532739489022461
0.9993128417444799,0.01536361290823507
0.9993151491779251,0.015419495449940257
0.9993290624616213,0.015129511098349369
0.9993070440522323,0.015293859162519574
0.9993230684508391,0.015148818385552154
0.9993150087371307,0.015446561599277153
0.9993200107732865,0.015080482109950388
0.9993200027245229,0.015166821561107824
0.9993089881315212,0.015402256343144849
0.9993177269572909,0.015181002820395584
0.9993040496464629,0.015457285193843262
0.9993137725353556,0.015413896932257032
0.9993242163427984,0.015084498351421338
0.9993101789649648,0.015405987926455644
0.9993134567133012,0.01532739489022461
0.9993206408772578,0.015191845527922077
0.9993337302583719,0.015003593053294573
0.9993181913647782,0.01521076264544341
0.9993149376291606,0.015308495166822311
0.9993080779247993,0.015350407505590802
0.9993132546756358,0.015305308298501963
0.9993109776833625,0.015353196014627812
0.9993073945059795,0.015481960662867778
0.9993216176349424,0.015191845527922077
0.999318811838111,0.01529666141320174
0.9993233636641127,0.015349199952924053
0.9993121996755229,0.015530782288355915
0.9993078978499811,0.015374168736055793
0.9993147319012181,0.015222084623417231
0.9993159301024871,0.01522248298270057
0.9993184972875967,0.015235978291797458
0.9993108344001936,0.015366799776555418
0.9993241201783473,0.01532739489022461
0.9993010608569959,0.015457285193843262
0.9993215462385153,0.015239165160117807
0.9993172761053116,0.015194722175610131
0.9993197057250062,0.01511437947265648
0.9993221927856862,0.015148818385552154
0.9993157998330416,0.015282697832619263
0.9993122420877577,0.015236376651080796
0.9993072062609972,0.015427260083950678
0.9993186348137854,0.015197510684647142
0.999315115191133,0.015457285193843262
0.9993129423801301,0.015291810612641399
0.9993231386081166,0.015279909323582253
0.9993242669340875,0.015162979481246452
0.9993159605936146,0.015305464422416648
0.9993133644970915,0.015350407505590802
0.9993142226522459,0.015265895012880115
0.999311602419614,0.015410333120263076
0.9993233717264344,0.015293859162519574
0.9993050113208474,0.015415871566770711
0.9993218691414879,0.015181002820395584
0.9993088787176095,0.015374168736055793
0.9993048805957574,0.01544578089537918
0.9993194125485987,0.015374168736055793
0.9993140561706829,0.01533082012964826
0.9993197835912587,0.015282697832619263
0.9993179627517841,0.015302503433957781
0.9993059855408221,0.015557192982134538
0.9993152718854306,0.015319431612468293
0.9993236156097919,0.015141744732472873
0.9993122370779004,0.015401452686928607
0.9993141287805059,0.015390043343726845
0.9993156882354169,0.015350407505590802
0.9993103936934798,0.015374168736055793
0.9993172253132623,0.015305464422416648
0.999317969205852,0.015186643200013172
0.999315826491772,0.015374168736055793
0.9993045662948589,0.015557192982134538
0.9993137019858555,0.015457285193843262
0.9993251816712015,0.015148818385552154
0.9993164922843069,0.015265895012880115
0.9993083348277954,0.015535000548830169
0.9993087329799796,0.015535000548830169
0.9993196705517103,0.015164033052070813
0.9993084141737343,0.015438103297741534
0.9993174847942028,0.01533082012964826
0.9993163703958303,0.015451048207824947
0.9993151352840882,0.015350407505590802
0.9993158672422028,0.015197510684647142
0.9993102622659847,0.015374168736055793
0.999313103596224,0.015297106649642345
0.999309673361688,0.01525480861214401
0.99931200016469,0.01538732979583024
0.9993144590055633,0.015344033684950631
0.9993135562600014,0.015349199952924053
0.9993149999080353,0.015350407505590802
0.9993127959034135,0.015308495166822311
0.9993131534897545,0.015350407505590802
0.9993161068883043,0.015414414566520485
0.9993219370533039,0.015191845527922077
0.9993200907961616,0.01511961166277409
0.9993132164825578,0.015419495449940257
0.9993162123211121,0.01529933283714513
0.9993186069538095,0.015239165160117807
0.9993208946069774,0.01522248298270057
0.9993190379394248,0.015236376651080796
0.9993127938198965,0.015350407505590802
0.9993266090799626,0.015129511098349369
0.9993113550085021,0.015484749171904788
0.9993171281471495,0.015349199952924053
0.999310840847977,0.015302675913379638
0.9993174532838106,0.015350407505590802
0.9993145739032177,0.015401452686928607
0.9993136966819304,0.01532739489022461
0.9993136970128931,0.015405987926455644
0.9993217345659372,0.015283491426016482
0.9993155314006313,0.015293630668796077
0.9993116583190556,0.015305464422416648
0.9993165660072754,0.015197510684647142
0.999321982220466,0.015181002820395584
0.9993041408160482,0.015451048207824947
0.999316069551874,0.015282697832619263
0.9993132712464515,0.015535000548830169
0.9993185865911853,0.01532739489022461
0.9993125345458969,0.0153057066577853
0.999317653278938,0.015366799776555418
0.9993157561210212,0.015263106503843105
0.9993151067456655,0.015302503433957781
0.9993042466706556,0.01544812286416608
0.9993172263229448,0.015366799776555418
0.9993054962627737,0.015366799776555418
0.9993162276245908,0.01533082012964826
0.9993110532374643,0.015374168736055793
0.9993168076980623,0.015263106503843105
0.9993188363158224,0.015308495166822311
0.9993150166770087,0.01529933283714513
0.9993249605489699,0.015166821561107824
0.9993055336736064,0.01555571148018231
0.9993103185590809,0.015452017962323872
0.9993095493049922,0.015305464422416648
0.9993159856311701,0.01529933283714513
0.9993208707925003,0.015239165160117807
0.9993260220137774,0.015125767989836447
0.9993228997789662,0.01511961166277409
0.9993140202224469,0.015302675913379638
0.9993120332056855,0.015416308581619909
0.9993100446143821,0.015366799776555418
0.9993096315208841,0.015239165160117807
0.9993135697395054,0.015297106649642345
0.9993139894430487,0.015301250999042004
0.9993140875686001,0.01532739489022461
0.999308865104379,0.015419495449940257
0.9993033692975862,0.01553144855404831
0.9993139677772664,0.015239165160117807
0.9993118431001804,0.015302675913379638
0.9993196931597413,0.01522527149173758
0.9993111887539194,0.015350407505590802
0.9993164409475661,0.015398038082670595
0.9993196973299353,0.015075336021744157
0.999320197590811,0.01521076264544341
0.9993229759727206,0.015189057018885066
0.9993240594409634,0.015096612725090885
0.9993115483158728,0.015291070653482564
0.9992993007733836,0.015540508427953625
0.9993122514102225,0.015416308581619909
0.9993050760214917,0.015366799776555418
0.9993148985536531,0.01532739489022461
0.9993143310410371,0.015440891806778545
0.9993169487895656,0.015265895012880115
0.9993175052299511,0.01522527149173758
0.9993186701519959,0.015144533241509883
0.9993095528404258,0.01536361290823507
0.999310077092851,0.015440891806778545
0.9993202674233489,0.015148818385552154
0.9993224792172815,0.015183791329432594
0.9993255069012092,0.015160190972209442
0.999314469454228,0.015353196014627812
0.9993271122208992,0.015236376651080796
0.9993087062270862,0.015451048207824947
0.9993228195093717,0.015166821561107824
0.9993261583608183,0.015181002820395584
0.9993136839328859,0.015364011267518407
0.9993123390538049,0.015350407505590802
0.9993077135586024,0.015547111472039354
0.9993089945135681,0.015405987926455644
0.9993112367730933,0.015396825596778463
0.9993151470820864,0.015265895012880115
0.9993209438512648,0.01521076264544341
0.9993218441327252,0.015236376651080796
0.9993114481328296,0.0153022775540963
0.9993118888755225,0.015293630668796077
0.9993135525348404,0.015364011267518407
0.9993108303664119,0.015416706940903246
0.9993186157634013,0.01518834835496996
0.999321841231847,0.015181002820395584
0.99931900263098,0.015159792612926104
0.9993132405080651,0.015252020103107
0.9993028424438797,0.01538732979583024
0.9993218755087346,0.015144533241509883
0.9993100051837531,0.015414414566520485
0.9993142723496695,0.01522527149173758
0.9993058268192171,0.015451048207824947
0.9993121260202145,0.015481960662867778
0.9993108692012327,0.015374168736055793
0.9993275190992627,0.015144533241509883
0.9993171703351907,0.015305291942994792
0.9993106957612036,0.015353196014627812
0.99932541666617,0.015197510684647142
0.9993139087966864,0.015302675913379638
0.9993215657031868,0.015291810612641399
0.999320808241969,0.015222512539763144
0.999321401468114,0.01533082012964826
0.9993136385312126,0.015293859162519574
0.9993228746277601,0.015141744732472873
0.9993141499080664,0.01522527149173758
0.9993082210240122,0.015419495449940257
0.9993010637164657,0.015481669366031348
0.9993052024156448,0.015219724030726134
0.9993120859723765,0.01529933283714513
0.9993210012299062,0.015129511098349369
0.9993235285820945,0.015236376651080796
0.9993176842426407,0.015366799776555418
0.9993279888979316,0.01510038009963477
0.9993176583693419,0.015305464422416648
0.9993118765981059,0.015305291942994792
0.9993219877857569,0.015366799776555418
0.9993153951393278,0.015305464422416648
0.9993199771231607,0.015222512539763144
0.9993160353597853,0.015374168736055793
0.9993124515848563,0.015308495166822311
0.9993122247968333,0.015350009146307464
0.9993167796268055,0.015328031620611249
0.9993117901615753,0.015374168736055793
0.9993199025222291,0.015186643200013172
0.9993099929849015,0.015416706940903246
0.9993126507516213,0.015424471574913667
0.9993085321203232,0.015401452686928607
0.9993120461304806,0.015374168736055793
0.9993206776538958,0.015160190972209442
0.9993137365088353,0.015351988461961064
0.9993095177397072,0.01533082012964826
0.9993047531989667,0.015481960662867778
0.9993176169947853,0.015279510964298915
0.9993113656515019,0.015416706940903246
0.9993086794023651,0.015461180292001053
0.9993368123098351,0.015088991582454803
0.9993206334390388,0.015282697832619263
0.9993149239298478,0.015419495449940257
0.9993148263089697,0.015305464422416648
0.9993124979543118,0.015530782288355915
0.9993067170084698,0.015481960662867778
0.9993149908602842,0.01522248298270057
0.9993124333654626,0.015424471574913667
0.9993192686135371,0.015197510684647142
0.9993124219496616,0.015350407505590802
0.99932610153231,0.015191845527922077
0.9993099188841509,0.01545215471601935
0.9993157456376175,0.015144533241509883
0.9993170905323747,0.015440891806778545
0.9993194641189309,0.015308495166822311
0.9993207424153973,0.015083414977263843
0.9993153145154609,0.0153246063811876
0.9993156370849638,0.01521076264544341
0.9993042674110905,0.015688414880134616
0.9993205993626686,0.015148818385552154
0.9993136178957852,0.015366799776555418
0.9993116307729588,0.015349164995249964
0.9993109221866219,0.01538732979583024
0.9993180748663841,0.01521076264544341
0.9993108927514145,0.015222084623417231
0.9993223238531759,0.015282697832619263
0.9993130633837056,0.015366799776555418
0.9993106361426126,0.0153246063811876
0.9993168401781214,0.015216109162060398
0.9993195570619481,0.015252020103107
0.9993134401050373,0.015283491426016482
0.9993102309589323,0.015440891806778545
0.9993185489324973,0.015239165160117807
0.9993157577797793,0.015282697832619263
0.999319134171525,0.015366799776555418
0.9993148635616446,0.01521076264544341
0.9993074848725002,0.015424471574913667
0.9993036626612634,0.015446561599277153
0.9993148664693733,0.0153246063811876
0.9993086733739648,0.01545215471601935
0.9993199382864028,0.015189431709050183
0.9993141587386385,0.015305291942994792
0.9993111813094998,0.015525481671394559
0.9993059247421288,0.015424471574913667
0.9993242294127889,0.015097591590597759
0.9993232250441559,0.01522248298270057
0.9993156551280027,0.015401452686928607
0.9993210254123415,0.015239165160117807
0.9993097413298127,0.01533082012964826
0.9993170616420026,0.015405987926455644
0.9993209541442664,0.01522527149173758
0.9993123539850347,0.01532739489022461
0.9993154008638977,0.015308495166822311
0.9993154891511556,0.015429939484250532
0.999317357910858,0.015414414566520485
0.9993222731132416,0.01529933283714513
0.9993044503691886,0.015490269374174304
0.9993150704855778,0.015283491426016482
0.9993216869719908,0.01521076264544341
0.9993064217599356,0.015560004289635998
0.9993162110089032,0.015282697832619263
0.9993173625226619,0.015305308298501963
0.9993193346827962,0.01529933283714513
0.9993271007671368,0.015144533241509883
0.99931644519388,0.01533082012964826
0.9993180590653233,0.015297106649642345
0.9993134953173326,0.015416308581619909
0.9993129921929451,0.015353196014627812
0.9993039278469932,0.015405987926455644
0.9993134140226101,0.015305464422416648
0.9993168586429774,0.015144533241509883
0.9993208159992768,0.015191845527922077
0.9993218190163323,0.015181002820395584
0.9993164259988453,0.015302503433957781
0.9993289177786169,0.01503539896540218
0.9993116938758185,0.015424471574913667
0.9993177680603793,0.015353196014627812
0.9993142577420763,0.015293859162519574
0.9993040660857266,0.015446561599277153
0.9993124790035486,0.015419495449940257
0.9993184708116896,0.015183791329432594
0.9993123685126616,0.015443773090240143
0.9993251526359175,0.015021939710583077
0.9993166160425488,0.015219724030726134
0.9993040471267907,0.015481960662867778
0.999319785854568,0.015293859162519574
0.9993123200888544,0.015619269681820924
0.9993152302549699,0.015129511098349369
0.9992996793801096,0.015681186337839215
0.9993258785032192,0.0153022775540963
0.999315343970551,0.015293859162519574
0.9993175101337888,0.015405987926455644
0.9993139705275755,0.015374168736055793
0.9993100894167398,0.015415871566770711
0.9993199348453746,0.015305308298501963
0.9993145907069761,0.01532739489022461
0.999319341064396,0.015291810612641399
0.999318394664644,0.015405987926455644
0.999309779991277,0.015446561599277153
0.999313878443168,0.015484749171904788
0.999301189105505,0.015481960662867778
0.9993083182467888,0.015414414566520485
0.9993093573008478,0.015484749171904788
0.9993207431270879,0.01510038009963477
0.9993127536885926,0.015543802649618854
0.9993165965595201,0.015350407505590802
0.9993173485586837,0.015414414566520485
0.9993157973373326,0.015148818385552154
0.9993131917348094,0.015446561599277153
0.9993129911930355,0.015461180292001053
0.9993194420811015,0.015239165160117807
0.9993225037073509,0.01521076264544341
0.9993154166366854,0.015183791329432594
0.9993198137323333,0.015405987926455644
0.9993168886858763,0.01522248298270057
0.9993033204463917,0.01566894917580086
0.9993117825010087,0.015424471574913667
0.9993176987655137,0.015308495166822311
0.9993022593381502,0.015481960662867778
0.9993166292625325,0.015294075905236681
0.9993171138004261,0.0153057066577853
0.9993171339762297,0.015294075905236681
0.9993196144354471,0.015416308581619909
0.9993159117063528,0.015374168736055793
0.9993253716484569,0.015374168736055793
0.9993201199929368,0.015265895012880115
0.9993168789177086,0.015282697832619263
0.9993188406476152,0.015405987926455644
0.9993072428906656,0.015543319735455086
0.9993154716200311,0.01525480861214401
0.9993143844736241,0.01538454128679323
0.999327921117244,0.015096612725090885
0.9993163999423641,0.015280460681610819
0.9993198624948088,0.015282697832619263
0.9992996043747475,0.01556969609137493
0.9993169559923836,0.015144533241509883
0.9993194631700992,0.015297106649642345
0.9993120228094236,0.01538732979583024
0.9993106098131849,0.015302675913379638
0.9993181703088655,0.015305291942994792
0.99930908747367,0.015410333120263076
0.9993108465240772,0.015484749171904788
0.999310284614851,0.015413896932257032
0.999310642032981,0.01522527149173758
0.999311778178794,0.015480875862357024
0.9993067535018775,0.015349199952924053
0.9993109073852522,0.0153246063811876
0.9993189007761657,0.015090429818634732
0.9993084838903475,0.015416706940903246
0.9993248613508289,0.01522248298270057
0.99930481695199,0.015541323082523206
0.9993162712777045,0.015282697832619263
0.9993194159852485,0.015197510684647142
0.9993181663249,0.01522248298270057
0.9993175673342239,0.01532739489022461
0.9993198945889926,0.015305464422416648
0.9993129321599749,0.015436176551195224
0.9992992144336725,0.01555571148018231
0.9993134166820622,0.015239165160117807
0.9993140833993264,0.015239165160117807
0.9993161644810837,0.015302675913379638
0.999312449132185,0.015219724030726134
0.9993191943913862,0.015183791329432594
0.9993133769694581,0.015191845527922077
0.9993167945485472,0.015302675913379638
0.9993139218215193,0.015294075905236681
0.9993226956394827,0.015252020103107
0.9993234310631832,0.015236376651080796
0.9993138901311033,0.015236376651080796
0.9993156678078998,0.015302675913379638
0.9993156042387951,0.015183791329432594
0.9993278364883674,0.015181002820395584
0.9993294828679337,0.015146029876515144
0.9993140996373671,0.015252020103107
0.9993249564258762,0.01522248298270057
0.9993120786318831,0.01533082012964826
0.9993140240366947,0.015293859162519574
0.9993167083434761,0.015296302092739467
0.9993048060270534,0.015427260083950678
0.9993133719448279,0.015293859162519574
0.99931243253874,0.0153022775540963
0.9993110591927987,0.015350407505590802
0.9993095974329052,0.01542407321563033
0.9993160679837014,0.015265895012880115
0.999322874630414,0.015181002820395584
0.9993059745100125,0.015483664371394035
0.9993084331851285,0.015454943225056361
0.9993113326308333,0.015239165160117807
0.9993217585766325,0.015189057018885066
0.9993093606794198,0.015350407505590802
0.999311830339321,0.015518713041758225
0.9993156371853864,0.015341807497447846
0.9993208092639936,0.015236376651080796
0.9993170874153621,0.015308495166822311
0.9993292828517047,0.015162979481246452
0.9993143050900093,0.015401452686928607
0.9993118337163581,0.01533082012964826
0.9993191495268178,0.01529666141320174
0.9993231175289907,0.015182683198244895
0.9993269048040022,0.01503539896540218
0.9993171484601854,0.015302675913379638
0.9993144465708077,0.015366799776555418
0.9993129934939264,0.015282697832619263
0.9993149608606013,0.015374168736055793
0.9993223935624654,0.01521076264544341
0.9993242116390564,0.015144533241509883
0.9993069577659238,0.015481960662867778
0.9993212332542122,0.015291810612641399
0.999301086661036,0.01555571148018231
0.9993038549397594,0.015541815435038409
0.9993150216575408,0.015239165160117807
0.999313600981075,0.015350407505590802
0.9993210771426455,0.01522527149173758
0.9993114194479664,0.015405987926455644
0.9993108590476681,0.015297106649642345
0.9993074646350989,0.015351988461961064
0.9993207820468498,0.015305291942994792
0.9993273669443165,0.015191845527922077
0.9993150780232418,0.015414414566520485
0.9993164572296105,0.015302675913379638
0.9993194172029329,0.015308495166822311
0.9993123176882563,0.015349199952924053
0.9993138136419109,0.015296302092739467
0.9993220276833856,0.015144533241509883
0.9993172125062013,0.015401452686928607
0.9993303497405861,0.015019955095580073
0.9993168509808661,0.015197510684647142
0.9993135059416383,0.01532739489022461
0.9993158516284656,0.01522248298270057
0.9993191877333664,0.015129511098349369
0.9993187310399682,0.015189057018885066
0.9993158439389968,0.015197510684647142
0.9993027309890862,0.015451048207824947
0.9993184224132828,0.015296302092739467
0.999316719403114,0.015296302092739467
0.9993206534256084,0.015197510684647142
0.9993236658216745,0.015144533241509883
0.9993142622021144,0.015197510684647142
0.9993086364210922,0.015454943225056361
0.9993054015623029,0.015403199417418634
0.999319974367404,0.015191845527922077
0.9993123388004789,0.015265895012880115
0.9993105257723942,0.015416685441294042
0.9993163834982468,0.015191845527922077
0.9993195358740468,0.015166821561107824
0.999314518627596,0.015265895012880115
0.9993148450052572,0.01533082012964826
0.9993219146754075,0.015148818385552154
0.9993082926848601,0.015417203075557495
0.9993171076081,0.015366799776555418
0.9993110269416855,0.015419495449940257
0.9993097830689971,0.015366799776555418
0.9993216446978288,0.015236376651080796
0.9993201405665795,0.015279909323582253
0.9993195140520501,0.015302675913379638
0.9993086197839052,0.015427260083950678
0.9993171603559787,0.015265895012880115
0.9993194691014013,0.015263106503843105
0.9993152109745037,0.015371380227018783
0.999312352745857,0.015417203075557495
0.9993193414842906,0.015164033052070813
0.9993117181381698,0.015414414566520485
0.9993194591664596,0.01529933283714513
0.9993174003648043,0.015279909323582253
0.9993145037119401,0.01529933283714513
0.9993178947714977,0.01544578089537918
0.999308482302001,0.015405987926455644
0.9993122916068266,0.015370981867735445
0.9993133807581518,0.015403199417418634
0.9993199989964269,0.015401452686928607
0.9993170663395843,0.015350407505590802
0.9993170139158076,0.015197510684647142
0.9993160888322971,0.015353196014627812
0.9993270799842665,0.015181002820395584
0.9993035932988036,0.015427260083950678
0.9993102684450493,0.015547696903163377
0.9993110268955652,0.015308495166822311
0.9993127082467375,0.015401452686928607
0.9992948006760634,0.015557215780598987
0.9993035760358667,0.015440891806778545
0.9993137997555721,0.015374168736055793
0.9993260091918299,0.015189057018885066
0.9993251064515081,0.015252020103107
0.9993135035331006,0.015398664177891597
0.9993210503662253,0.015239165160117807
0.9993139666824039,0.015419495449940257
0.999303464222503,0.015454496684806251
0.9993108045994298,0.015353196014627812
0.9993135538302677,0.01542407321563033
0.9993210087269652,0.015148818385552154
0.9993221135059223,0.01529933283714513
0.9993137845587603,0.015308495166822311
0.9993121754419817,0.015302675913379638
0.9993196577100774,0.015144533241509883
0.999312162798544,0.015452017962323872
0.9993083347191377,0.015402801058135296
0.9993129940140515,0.015401452686928607
0.9993000879039798,0.015484749171904788
0.9993219435760657,0.01521076264544341
0.9993096565891929,0.015405987926455644
0.99930790455064,0.015416706940903246
0.9993017761674285,0.015419495449940257
0.999320611133654,0.015415426330330106
0.9993119182752243,0.015353196014627812
0.9993095719154925,0.015305464422416648
0.999319008612901,0.015296302092739467
0.9993190272129074,0.015302675913379638
0.9993155371630822,0.015305464422416648
0.9993255382831645,0.015265895012880115
0.9993097092092658,0.015481960662867778
0.999317697637632,0.015197510684647142
0.9993207530204482,0.015183791329432594
0.9993027499699577,0.015523325680369737
0.9993250957227724,0.015129511098349369
0.9993282793417563,0.01508964443962757
0.9993074005930499,0.015366799776555418
0.9993147688558104,0.015280460681610819
0.9993233565829318,0.015189057018885066
0.9993103123130236,0.015416706940903246
0.999317800835815,0.015189431709050183
0.9993194988169481,0.01521076264544341
0.9993226882110765,0.015222512539763144
0.999327240374286,0.015181002820395584
0.9993300507606112,0.015097591590597759
0.9993095692864026,0.015401452686928607
0.9993179639294751,0.015349199952924053
0.9993186784421333,0.015162979481246452
0.9993101862163862,0.015454496684806251
0.9993129879650319,0.015350009146307464
0.9993098859507167,0.015392199334751666
0.9993176345218326,0.015282697832619263
0.9993158984276024,0.015302503433957781
0.9993155145042794,0.015419495449940257
0.9993140509070192,0.015305464422416648
0.9993194881535741,0.015097591590597759
0.9993118752612397,0.01544812286416608
0.9993221501653629,0.015047838071902575
0.999319775948049,0.015155433043927857
0.9993147480484674,0.015305464422416648
0.9993133134779543,0.01538732979583024
0.9993179041648872,0.015374168736055793
0.9993167901133606,0.015302675913379638
0.9993114105404415,0.01529933283714513
0.999327701032058,0.01503818747443919
0.9993189961834071,0.015183298725984784
0.9993167967320495,0.01522248298270057
0.9993118568902764,0.015416706940903246
0.9993101889995137,0.01533082012964826
0.9993172802238124,0.015252020103107
0.9993158840019531,0.015304109220891426
0.9993087352041117,0.015350009146307464
0.9993149073979347,0.015403199417418634
0.9993177759991568,0.01525480861214401
0.9993088522500012,0.015429939484250532
0.9993116915589166,0.01533082012964826
0.9993128766840607,0.015366799776555418
0.9993226909002915,0.015160190972209442
0.9993145721816943,0.01529933283714513
0.9993121614166542,0.015366799776555418
0.9993124890973528,0.015305464422416648
0.9993156717936518,0.015293859162519574
0.9993132066585608,0.015440891806778545
0.9993180514668618,0.01525480861214401
0.99931448963065,0.015416706940903246
0.9993111019768058,0.015405987926455644
0.9993108349680238,0.015296302092739467
0.9993110092325621,0.015353196014627812
0.9993217985095333,0.015084498351421338
0.9993212839956804,0.015183791329432594
0.9993193487095502,0.015194722175610131
0.9993067368501076,0.015401452686928607
0.9993118881545616,0.015371380227018783
0.9993230289016622,0.015144533241509883
0.9993082746589852,0.015410333120263076
0.9993169178690194,0.01529933283714513
0.9993188909948899,0.015162979481246452
0.9993150159444101,0.015296302092739467
0.9993225327899173,0.01518834835496996
0.9993186577403257,0.0153057066577853
0.9993157232481175,0.015416706940903246
0.999316408065678,0.015148818385552154
0.9993149990629105,0.015296302092739467
0.9993246228706923,0.015148818385552154
0.9993165465132708,0.015189057018885066
0.9993311995646408,0.014993385138192927
0.9993131610016187,0.015308495166822311
0.9993241212576922,0.01529933283714513
0.9993174727608544,0.015374168736055793
0.9993134405118955,0.0153057066577853
0.9993185980599479,0.015239165160117807
0.9993203722174316,0.015294075905236681
0.9993114993066934,0.01544449573782014
0.9993126099880278,0.015414414566520485
0.999303385728489,0.015405987926455644
0.9993183264024363,0.015216109162060398
0.9993127189475443,0.015374168736055793
0.9993150922442358,0.015308495166822311
0.9993146074788782,0.015305291942994792
0.9993162504796665,0.015302675913379638
0.9993130769138984,0.015263106503843105
0.9993151571914551,0.015371380227018783
0.9993213589845721,0.015191845527922077
0.999308205728212,0.015454496684806251
0.9993189893476933,0.015174628999755413
0.9993163767792852,0.015296302092739467
0.9993172185712583,0.015378167466153059
0.9993139861844392,0.01522527149173758
0.9993164141596366,0.015305464422416648
0.9993223193905582,0.015148818385552154
0.9993129342201629,0.0153022775540963
0.9993208394857076,0.015191845527922077
0.999303681770253,0.01553144855404831
0.9993106585342746,0.01532739489022461
0.9993024758007172,0.015566907582337919
0.9993097064709497,0.015454496684806251
0.9993198520170389,0.015366799776555418
0.9993177080436679,0.015291810612641399
0.9993195990955623,0.01522248298270057
0.9993241797492457,0.015141744732472873
0.9993103057237233,0.015371380227018783
0.9993292289268916,0.015047838071902575
0.9993192016509919,0.015293630668796077
0.9993149263434384,0.015189057018885066
0.9993090544354615,0.015401452686928607
0.999320121133542,0.01522527149173758
0.9993152771413756,0.015302675913379638
0.9993145083499007,0.015350407505590802
0.9993209237033932,0.01511961166277409
0.9993177329173519,0.015291810612641399
0.9993113980406884,0.015353196014627812
0.9993156045058312,0.015239165160117807
0.9993178976371024,0.01522527149173758
0.9993143569915102,0.015408040745880314
0.9993166679058904,0.015302675913379638
0.9993196966777933,0.015296302092739467
0.9993246197861174,0.015162979481246452
0.9993165691037522,0.015293859162519574
0.9993185065385809,0.015308495166822311
0.9993164366238219,0.015294075905236681
0.9993163638879536,0.0153022775540963
0.9993071359703213,0.015351988461961064
0.9993231523758311,0.015239165160117807
0.9993016833233536,0.015535000548830169
0.9993107852081666,0.015282697832619263
0.9993177737388955,0.015189057018885066
0.9993192889103346,0.015282697832619263
0.999307294458707,0.015454496684806251
0.999322574306561,0.015125767989836447
0.9993157162818536,0.015197510684647142
0.9993108290992139,0.015351988461961064
0.9993223203306867,0.015186244840729834
0.9993138899953069,0.0153246063811876
0.9993000258402384,0.015484749171904788
0.9993166554466603,0.015294075905236681
0.9993193612911451,0.015194722175610131
0.9993111132160333,0.015263106503843105
0.9993128053181994,0.01521076264544341
0.9993125136082494,0.015461180292001053
0.9993164690913543,0.01533082012964826
0.9993068070477306,0.015353196014627812
0.9993106576435169,0.01538732979583024
0.9993211898769736,0.015186643200013172
0.9993181620776157,0.015235978291797458
0.9993153214894117,0.015403199417418634
0.99931394015445,0.015350407505590802
0.9993163929401749,0.01540810693276029
0.9993155025807037,0.015298462490004994
0.9993212993321094,0.015280460681610819
0.9993177270666765,0.015419495449940257
0.9993179849799536,0.0153057066577853
0.9993136740306093,0.015194323816326794
0.9993158979469049,0.015297106649642345
0.9993076686424658,0.015544170557196146
0.9993176195301063,0.015350407505590802
0.9993163171111923,0.015350407505590802
0.9993138002661128,0.015364011267518407
0.9993163110853965,0.01533082012964826
0.9993002876589404,0.015558499989219321
0.999321905272115,0.015197510684647142
0.9993245585903497,0.015265895012880115
0.9993151621704301,0.015417203075557495
0.9993191521829523,0.015183791329432594
0.9993101110228075,0.015416685441294042
0.9993102552066928,0.015350407505590802
0.9993208600531852,0.01522527149173758
0.9993130363938799,0.015374168736055793
0.9993190081676385,0.015239165160117807
0.9993176466438747,0.015197510684647142
0.9993199417848492,0.015302675913379638
0.9993197689548208,0.015126722589312358
0.999317138216408,0.015414414566520485
0.9993125303093072,0.015427260083950678
0.9993102375206342,0.015441885878147765
0.999318841431118,0.015350407505590802
0.9993205705340755,0.01521076264544341
0.9993061444914729,0.015473360654724821
0.9993133915727754,0.015392199334751666
0.9993112533022686,0.015366799776555418
0.9993110339080211,0.015493057883211314
0.9993154227406931,0.015301250999042004
0.9993121276190745,0.015451048207824947
0.9993110780477312,0.01532739489022461
0.9993062661023392,0.015414414566520485
0.9993077545832991,0.01544812286416608
0.9993160138579229,0.01522527149173758
0.999315027309732,0.01529933283714513
0.9993166400765899,0.015282697832619263
0.999315403991286,0.01532739489022461
0.9993182498780062,0.01522248298270057
0.9993219294203641,0.01521076264544341
0.9993075953206744,0.015419495449940257
0.9993085659816048,0.015451048207824947
0.9993180374142622,0.015144533241509883
0.9993178282093353,0.015436176551195224
0.9993215850602426,0.015282697832619263
0.999311258728557,0.015308495166822311
0.9993150599848377,0.015282697832619263
0.9993184811294183,0.01529933283714513
0.9993175440414157,0.015401452686928607
0.9993090904598044,0.015427260083950678
0.9993181550115968,0.015350407505590802
0.9993071875217495,0.015457285193843262
0.9993127141344388,0.015452017962323872
0.9993080544026549,0.015414414566520485
0.9993126468118081,0.015440891806778545
0.9993111711742506,0.015305464422416648
0.9993103004425186,0.015305464422416648
0.9993237536954289,0.01529933283714513
0.9993080904145167,0.01544449573782014
0.9993154325424646,0.015191845527922077
0.9993142328793855,0.01538732979583024
0.9993135144651281,0.015424471574913667
0.9993151598185506,0.015279510964298915
0.9993136602100754,0.015374168736055793
0.9993157362751156,0.015305464422416648
0.9993118375662656,0.015410333120263076
0.9993192282840946,0.015114908312858333
0.9993263629195555,0.015125767989836447
0.9993169738274315,0.015181002820395584
0.9993130661711583,0.015371380227018783
0.999309089387799,0.015452017962323872
0.9993155778185637,0.01533082012964826
0.9993228762142877,0.015194722175610131
0.99932415339665,0.015191845527922077
0.9993123888318356,0.015302503433957781
0.9993122190628777,0.015371380227018783
0.9993196882144422,0.015461180292001053
0.9993107381584057,0.01538732979583024
0.9993219706278671,0.015197510684647142
0.9993079534323301,0.015427260083950678
0.9993110502812741,0.015451048207824947
0.9993199788044604,0.015164033052070813
0.9993153596961519,0.01525480861214401
0.9993135771458469,0.015446561599277153
0.9993241733870012,0.01522527149173758
0.9993027922797575,0.01544812286416608
0.9993243089468492,0.015180510216947773
0.9993089297539501,0.015543319735455086
0.9993050325735502,0.015403199417418634
0.9993069247648247,0.01566894917580086
0.9993087917348453,0.015305464422416648
0.9993147961816309,0.015364011267518407
0.9993159764957169,0.015416706940903246
0.9993087940297917,0.015366799776555418
0.9993170713229995,0.015353196014627812
0.9993174751229444,0.01529666141320174
0.9993251742367256,0.015186122167467175
0.9993176945442062,0.015296302092739467
0.9993142319683482,0.01538732979583024
0.9993182650548829,0.015282697832619263
0.9993174496546486,0.015256732683202934
0.999320041883881,0.015081709842384328
0.9993147952933283,0.015374168736055793
0.9993154764775932,0.015302503433957781
0.9993049351708119,0.01538732979583024
0.9993322779458169,0.015084498351421338
0.9993182181387115,0.015222512539763144
0.9993180408372417,0.015263106503843105
0.9993269114780639,0.01518834835496996
0.9993140948690581,0.015183791329432594
0.9993176480875187,0.015222512539763144
0.99931772797634,0.015282697832619263
0.9993209293594735,0.01518834835496996
0.9993149109010386,0.015183791329432594
0.9993178215610167,0.015296302092739467
0.9993182068453397,0.015283491426016482
0.9993129080614976,0.015401452686928607
0.9993208962126356,0.015097591590597759
0.9993123406549116,0.015308495166822311
0.9993234493040022,0.015084498351421338
0.9993135195058384,0.015416308581619909
0.9993071861302638,0.015374168736055793
0.9993200871543045,0.015401452686928607
0.9993117569928363,0.015416685441294042
0.9993147748400831,0.015305308298501963
0.9993153970669971,0.015197510684647142
0.9993084577493574,0.01532739489022461
0.9993095357644224,0.015416706940903246
0.9993213680477656,0.015301250999042004
0.9993236305670502,0.015118122581169402
0.9993248330402676,0.015148818385552154
0.9993079789136253,0.015461180292001053
0.9993122054866548,0.015446561599277153
0.999322147585336,0.015222084623417231
0.9993065945667483,0.015427260083950678
0.999314791812669,0.015410333120263076
0.9993199985670816,0.015305291942994792
0.9993298372521576,0.015096612725090885
0.9993281777826326,0.015081709842384328
0.9993140725599435,0.01522248298270057
0.999313052827848,0.015408040745880314
0.9993131966043372,0.015416308581619909
0.9993122216357768,0.015401452686928607
0.9993201803349641,0.015182683198244895
0.9993109532047568,0.015461180292001053
0.9993088315677547,0.015480875862357024
0.9993133767048263,0.015438103297741534
0.9993313218297923,0.01503134361276004
0.9993120129587484,0.01538732979583024
0.9993037584756038,0.015416685441294042
0.9993169023126554,0.015296302092739467
0.9993110993737838,0.015427260083950678
0.9993097029757415,0.015351988461961064
0.999327973120804,0.015019955095580073
0.99931366388716,0.015353196014627812
0.9993122266367809,0.015416685441294042
0.9993145989921616,0.01529933283714513
0.9993176265658916,0.015181002820395584
0.9993177703695217,0.015282697832619263
0.9993104537213126,0.015308495166822311
0.9993204547493137,0.01532739489022461
0.9993156000354178,0.01522527149173758
0.9993105304229916,0.015416706940903246
0.9993144207569212,0.015405987926455644
0.999307799203599,0.015302675913379638
0.9993134624473674,0.01532739489022461
0.9993154003535623,0.015308495166822311
0.9993091946832929,0.015308495166822311
0.9993123433133592,0.015283491426016482
0.999322241172116,0.015197510684647142
0.9993132789878351,0.015296302092739467
0.9993133415108129,0.015305464422416648
0.9993170322454389,0.015374168736055793
0.9993097431615011,0.015419495449940257
0.9993190259035191,0.015271984802165406
0.9993161771362247,0.015291070653482564
0.9993163685289398,0.01522527149173758
0.9993165989484795,0.015301250999042004
0.9993167279849906,0.0153246063811876
0.9993095040780354,0.01529933283714513
0.999310520287298,0.01533082012964826
0.9993174704266536,0.015302675913379638
0.9993237054655849,0.015305464422416648
0.9993164733203125,0.01521076264544341
0.9993282156201703,0.015264173174538875
0.9993199530913605,0.01529933283714513
0.9993167193128051,0.01529933283714513
0.9993189695005646,0.015197510684647142
0.9993161730851715,0.015305464422416648
0.9993062788682215,0.015416706940903246
0.9993165963905598,0.015073953941144858
0.9993156404002683,0.015364011267518407
0.9993139199980262,0.015405987926455644
0.9993085550039422,0.015414414566520485
0.9993242657002215,0.015160190972209442
0.9993137096313098,0.015308495166822311
0.9993119792037799,0.015265895012880115
0.9993147277298059,0.015417203075557495
0.9993178225920744,0.015239165160117807
0.9993169112921059,0.015265895012880115
0.999324718731611,0.015197510684647142
0.9993137968234952,0.015302675913379638
0.9993135221872621,0.015308495166822311
0.9993171045626904,0.015293859162519574
0.9993153590966164,0.01525480861214401
0.9993183350978521,0.015186122167467175
0.9993092586037925,0.015414414566520485
0.9993064933618752,0.015461180292001053
0.999313718138246,0.01538454128679323
0.9993089384249385,0.015353196014627812
0.9993161910262158,0.015293859162519574
0.9993149711527319,0.015392199334751666
0.999321324945076,0.015197510684647142
0.9993180051976496,0.01528133543499166
0.9993030094464666,0.015493057883211314
0.999309996235294,0.015532844557805348
0.9993207603491773,0.015191845527922077
0.9993118255408552,0.015265895012880115
0.9993172184656154,0.015302675913379638
0.9993060833285302,0.015554404473097527
0.9993136221103098,0.01529666141320174
0.9993047342204993,0.015535000548830169
0.9993106602892667,0.015419495449940257
0.9993153062954097,0.015374168736055793
0.9993112220791373,0.015414414566520485
0.9993181080461562,0.01529933283714513
0.9993220630848135,0.01525480861214401
0.999317353663926,0.01532739489022461
0.9993164329618816,0.0153022775540963
0.9993226232477714,0.015197510684647142
0.9993077984529041,0.015366799776555418
0.9993101858250494,0.015374168736055793
0.9993090998803464,0.015366799776555418
0.9993204028129594,0.015347009004225143
0.9993199792343211,0.01525480861214401
0.9993111911063721,0.015296302092739467
0.9993124278611152,0.015301250999042004
0.9993102041158519,0.015419495449940257
0.9993109217662262,0.015350407505590802
0.9993199264577208,0.015283491426016482
0.9993195731170783,0.01511961166277409
0.9993224002691945,0.015191845527922077
0.9993153864408985,0.01538732979583024
0.9993136230049637,0.01544812286416608
0.9993121876564754,0.015296302092739467
0.9993216585744961,0.015129511098349369
0.9993110223963737,0.015401452686928607
0.9993121747648557,0.015416706940903246
0.9993159959424741,0.01533082012964826
0.9993125839275864,0.015366799776555418
0.9993046904625551,0.015454496684806251
0.9993173605452088,0.015353196014627812
0.9993114948166574,0.015283491426016482
0.9993104412281393,0.015451048207824947
0.9993151650118047,0.015416706940903246
0.9993113088140398,0.015353196014627812
0.9993125114668785,0.01532739489022461
0.9993024462951352,0.015427260083950678
0.999319357931409,0.015305464422416648
0.9993243461810432,0.015293859162519574
0.9993235807277927,0.015097591590597759
0.9993018975473924,0.01566206274476123
0.9993178629695821,0.015296302092739467
0.9993155192096594,0.015374168736055793
0.9993189736005045,0.015191845527922077
0.9993122124464757,0.015401452686928607
0.9993191421879886,0.015096612725090885
0.9993080315272274,0.015416706940903246
0.9992983713119943,0.01566894917580086
0.9993108812805053,0.015308495166822311
0.9993089234167108,0.015419495449940257
0.9993168931856806,0.015366799776555418
0.9993151712846439,0.01533082012964826
0.9993057555778437,0.015543319735455086
0.9993177642316666,0.015125767989836447
0.9993199176305793,0.015279909323582253
0.9993227845145473,0.015129511098349369
0.9993134917206923,0.015405987926455644
0.9993147261684275,0.01528133543499166
0.9993059672539869,0.015417203075557495
0.9993086850184624,0.015305464422416648
0.9993192863680822,0.015239165160117807
0.9993130122955044,0.015305308298501963
0.9993122028493432,0.015302675913379638
0.9993172820727944,0.01522248298270057
0.9993097516768517,0.015410333120263076
0.9993133821296483,0.015350009146307464
0.9993131476778174,0.015341807497447846
0.9993202411734708,0.015222084623417231
0.9993036875006224,0.015493057883211314
0.99931486416619,0.01544812286416608
0.9993110351824455,0.015374168736055793
0.9993208555676812,0.015239165160117807
0.9993292718134086,0.015129511098349369
0.9993159853147092,0.015197510684647142
0.9993200256136049,0.015126722589312358
0.9993119795783514,0.015189057018885066
0.999314603058825,0.01541988904412328
0.9993282641949846,0.01510038009963477
0.9993136064245812,0.015484749171904788
0.9993123456304485,0.015265895012880115
0.9993169276286951,0.015144533241509883
0.9993004326286031,0.015712001348193283
0.9993085617633454,0.015371380227018783
0.9993100789725559,0.015454496684806251
0.9993171971979403,0.015401452686928607
0.999313778656089,0.015366799776555418
0.999308615803827,0.015457285193843262
0.9993194758159812,0.01522527149173758
0.9993068470685268,0.015436176551195224
0.9993176162187857,0.015162979481246452
0.9993162574574184,0.015191845527922077
0.9993130062371548,0.015427260083950678
0.9993146225554013,0.015366799776555418
0.9993116857341476,0.015410333120263076
0.9993170838195172,0.015350407505590802
0.9993172207895185,0.015293859162519574
0.9993100381318847,0.01522527149173758
0.9993125694389983,0.015350009146307464
0.9993230213673974,0.01518834835496996
0.9993201175764914,0.015114908312858333
0.9993083531367442,0.015493057883211314
0.9993097546142798,0.015374168736055793
0.9993124752168255,0.015305464422416648
0.9993097705917702,0.015374168736055793
0.9993191253007545,0.015302675913379638
0.9993174269668248,0.01522248298270057
0.9993055536055135,0.015452017962323872
0.9993187467970451,0.01521076264544341
0.99931614805767,0.015424471574913667
0.9993215186270704,0.015148818385552154
0.9993207149739781,0.01525480861214401
0.9993252761986295,0.01511961166277409
0.9993077492143367,0.015403199417418634
0.9993140572685896,0.01529612961331761
0.9993149708604994,0.015305464422416648
0.9993102911652526,0.015401452686928607
0.9993169966952967,0.015302503433957781
0.9993127716278849,0.015129511098349369
0.9993154996943171,0.015181002820395584
0.9993188020527549,0.015305464422416648
0.9993165700946994,0.015480875862357024
0.9993168454003223,0.015293859162519574
0.9993107708101174,0.015293859162519574
0.9993230910011186,0.015191845527922077
0.9993110862842516,0.015364011267518407
0.9993043726389637,0.015440891806778545
0.9993206807155193,0.015080482109950388
0.9993147186786608,0.01533082012964826
0.9993100622754718,0.015416706940903246
0.9993252318220068,0.015293859162519574
0.9993061181338476,0.015410333120263076
0.9993051781371491,0.015416706940903246
0.9993121575834886,0.015305464422416648
0.9993273670194542,0.015126722589312358
0.9993227532647392,0.015166821561107824
0.9993153397320362,0.015183791329432594
0.9993098776765655,0.015440891806778545
0.9993116443533654,0.015302675913379638
0.999307046401704,0.01553144855404831
0.9993146977425905,0.015305464422416648
0.9993143415312244,0.015446561599277153
0.9993229609065407,0.01521076264544341
0.9993295081061018,0.01502855510372303
0.999314267822226,0.0153246063811876
0.9993158665533091,0.015305291942994792
0.9993245785150029,0.015120348768672187
0.9993180580205715,0.01533082012964826
0.9993072009431863,0.015410333120263076
0.9993193174012501,0.01529933283714513
0.99931467842096,0.01529933283714513
0.9993223560814335,0.015162979481246452
0.9993164014803808,0.01522248298270057
0.9993201331822072,0.01528133543499166
0.9993134519855563,0.015305464422416648
0.999315004049215,0.015239165160117807
0.9993197295675351,0.015328031620611249
0.9993053314505629,0.015302503433957781
0.9993175218030624,0.015366799776555418
0.9993152229601205,0.015414016207237147
0.9993228910574394,0.01510038009963477
0.9993054885760045,0.015440891806778545
0.9993242146352334,0.015166821561107824
0.999304323779018,0.015408040745880314
0.9993085851052134,0.015451048207824947
0.9993130389382006,0.01538454128679323
0.9993156000194078,0.015401452686928607
0.9993141709153073,0.01529933283714513
0.9993144379278597,0.015353196014627812
0.9993173963720389,0.015291810612641399
0.9993111884453066,0.01544812286416608
0.9993174986168571,0.015186643200013172
0.9993179703067888,0.01532739489022461
0.9993183317398217,0.015305464422416648
0.9993244772850997,0.015144533241509883
0.9993224813186721,0.015145631517231806
0.9993138791442275,0.015308495166822311
0.9993093462411166,0.015484749171904788
0.9993245402980215,0.015282697832619263
0.9993143237399993,0.01533082012964826
0.9993101638980322,0.015416706940903246
0.9993087640085995,0.015493057883211314
0.9993205830522165,0.015191845527922077
0.9993160173624313,0.015279909323582253
0.9993263084991448,0.015144533241509883
0.9993066447757636,0.015451048207824947
0.9993152531500157,0.01525480861214401
0.9993101318910853,0.015401452686928607
0.9993252777911568,0.015148818385552154
0.9993034247403685,0.015424471574913667
0.9993188241186222,0.015293859162519574
0.9993023985668731,0.015457285193843262
0.999332393824276,0.015076742450181868
0.999311549569327,0.015371380227018783
0.9993114249812987,0.015302503433957781
0.9993076212833673,0.015374168736055793
0.999315716918467,0.015291070653482564
0.9993257375893988,0.015019955095580073
0.9992982580539304,0.015544170557196146
0.9993120187321467,0.015443773090240143
0.9993290326632371,0.015076742450181868
0.9993146764495259,0.015353196014627812
0.9993069384755262,0.015493057883211314
0.9993219446749888,0.015197510684647142
0.9993133787311581,0.015308495166822311
0.9993140197190312,0.015166821561107824
0.9993093372121898,0.015414414566520485
0.9993167824623976,0.015291810612641399
0.9993171770869217,0.015239165160117807
0.9993240976508105,0.01511961166277409
0.9993228256235401,0.015222512539763144
0.9993235968369001,0.015172506943841313
0.9993225914312217,0.01532739489022461
0.9993229201566804,0.01522527149173758
0.9993067858969676,0.015419495449940257
0.9993223174459167,0.015239165160117807
0.9993168581656711,0.015366799776555418
0.9993114231657424,0.015416308581619909
0.9993163299629821,0.015239165160117807
0.9993096419850724,0.015458391782964043
0.999305408003206,0.015443554707876395
0.9993223485199917,0.015401452686928607
0.9993158742354645,0.015293859162519574
0.9993106668592393,0.01553134025738867
0.9993189037626242,0.015191845527922077
0.9993124483793197,0.015401452686928607
0.9993256262453294,0.015122979480799437
0.9993189560763351,0.015297106649642345
0.9993065003735996,0.0153246063811876
0.999315713825613,0.015302675913379638
0.9993140443154543,0.01533082012964826
0.9993145644667603,0.015297106649642345
0.9993138437527636,0.01533082012964826
0.9993201813132752,0.015191845527922077
0.9993093966886418,0.015305464422416648
0.9993145435264436,0.015265895012880115
0.9993197006905119,0.015141744732472873
0.9993245333793849,0.01522527149173758
0.9993085735619696,0.015328031620611249
0.9993146411712788,0.015416308581619909
0.999307102098133,0.015401452686928607
0.9993192588807067,0.015191845527922077
0.9993278774226325,0.015181002820395584
0.9993159476408109,0.01536361290823507
0.9993156770941486,0.015353196014627812
0.9993075150954521,0.015374168736055793
0.99931401244603,0.015535000548830169
0.9993063555221041,0.015414414566520485
0.9993171697908239,0.015296302092739467
0.9993115140902961,0.01533082012964826
0.999313029607158,0.015350407505590802
0.9993245420213854,0.015118122581169402
0.9993205665779579,0.015265895012880115
0.9993117341668594,0.015541815435038409
0.9993188566978153,0.015294075905236681
0.999324466717502,0.015144533241509883
0.9993269530851837,0.015021939710583077
0.9993220140025714,0.015096612725090885
0.9993166236019185,0.015374168736055793
0.9993230090430077,0.015129511098349369
0.9993097801156031,0.015328031620611249
0.9993132085870587,0.015302675913379638
0.9993007677434202,0.015445896676663295
0.9993107650801516,0.015416706940903246
0.9993136113011488,0.015305464422416648
0.9993045886592142,0.015440891806778545
0.9993174122352669,0.01538732979583024
0.9993060847998204,0.015454496684806251
0.9993205744609222,0.01511961166277409
0.999315460949726,0.015371380227018783
0.9993184871109633,0.01521076264544341
0.999314721986116,0.01522527149173758
0.9993029290232099,0.015493057883211314
0.9993208784999895,0.015181002820395584
0.9993172769564617,0.015414414566520485
0.9993179012682799,0.015279909323582253
0.9993044580063231,0.015518713041758225
0.9993286961815181,0.015081709842384328
0.9993155843969606,0.015282697832619263
0.9993160792544568,0.015296302092739467
0.9993177727877067,0.015302675913379638
0.9993072647607285,0.015484749171904788
0.9993167174446085,0.01522527149173758
0.9993175484044535,0.015183791329432594
0.9993138788208803,0.01538732979583024
0.9993134634707697,0.015349199952924053
0.9993204204646051,0.015265895012880115
0.9993082585247024,0.015401452686928607
0.9993173995208732,0.01529933283714513
0.9993178046624417,0.01522527149173758
0.9993167735169811,0.01521076264544341
0.999317047364304,0.01532739489022461
0.999312147821049,0.01544812286416608
0.9993204069483436,0.015189057018885066
0.99931729734064,0.01529933283714513
0.9993064229580177,0.015440891806778545
0.9993135526956977,0.015481960662867778
0.9993103366002559,0.015541323082523206
0.9993160629432475,0.015252020103107
0.9993151545037076,0.015353196014627812
0.9993146449917676,0.015427260083950678
0.9993298080325229,0.015235978291797458
0.999322154440967,0.015180604461112246
0.9993028851130117,0.015532844557805348
0.9993191620576615,0.01538732979583024
0.9993137332047668,0.015308495166822311
0.9993111512443564,0.01538732979583024
0.9993081111847228,0.015308495166822311
0.9993045633277831,0.015541323082523206
0.9993117975601984,0.01533082012964826
0.9993296390083555,0.015194722175610131
0.9993189882571523,0.01508964443962757
0.9993065065605194,0.015490269374174304
0.9993147329337457,0.015405987926455644
0.9993081883495706,0.015665249613081578
0.9993110873075103,0.015427260083950678
0.9993222372040315,0.01522248298270057
0.9993212489146505,0.015294075905236681
0.9993189231167542,0.015252020103107
0.9993136502043268,0.015278304690585998
0.9992949473460738,0.01566894917580086
0.9993160561489979,0.015353196014627812
0.9993237820422984,0.015047838071902575
0.9993215187200571,0.0153057066577853
0.9993177873815161,0.015180269379373001
0.9993167254752169,0.015293859162519574
0.9993217845269622,0.015164033052070813
0.9993140970730782,0.01538732979583024
0.9993188190541616,0.01521076264544341
0.999308287468588,0.015440891806778545
0.999315774932751,0.015305464422416648
0.999314343699819,0.015454496684806251
0.9993073302023568,0.015484749171904788
0.9993116661716642,0.015282697832619263
0.9993150006466072,0.015302675913379638
0.999305416157285,0.015308495166822311
0.9993116724275956,0.015374168736055793
0.9993142666170303,0.015416685441294042
0.9993085650282079,0.01525480861214401
0.999320951336173,0.015166821561107824
0.9993104749211534,0.015410333120263076
0.9993260128295,0.01522248298270057
0.9993132507532794,0.01529933283714513
0.9993128826090398,0.015454496684806251
0.9993112403626206,0.015414414566520485
0.9993077776669594,0.01538732979583024
0.9993149442337651,0.01525480861214401
0.9993190268900431,0.015181002820395584
0.9993100882286603,0.015458391782964043
0.9993140700996879,0.0152079741364064
0.9993147848685507,0.015366799776555418
0.9993135758475786,0.01533082012964826
0.9993276041218233,0.01511961166277409
0.9993204614910516,0.01529933283714513
0.9993211181328079,0.015181002820395584
0.9993202988569171,0.015191845527922077
0.9993088274597376,0.01533082012964826
0.9993111035248586,0.015452017962323872
0.9993172802363118,0.015302675913379638
0.9993111921530862,0.015403199417418634
0.9993150459982362,0.015429939484250532
0.999313557292479,0.01533082012964826
0.99931219437395,0.015426044467019118
0.9993112113536163,0.015410333120263076
0.9993223384466149,0.01521076264544341
0.9993180133121156,0.01525480861214401
0.9993129779653156,0.015419495449940257
0.9993265269865038,0.01510038009963477
0.9993193319088793,0.015180011774301505
0.999311447274588,0.015414414566520485
0.999315906999971,0.015279273165542229
0.9993085266515859,0.015440891806778545
0.9993120970878928,0.015416706940903246
0.9993146655938663,0.015302675913379638
0.9993132755302376,0.015181002820395584
0.9993133667485158,0.015371380227018783
0.9993256821512879,0.01525480861214401
0.9993158275518413,0.015366799776555418
0.9993269174454222,0.015180269379373001
0.9993183075251552,0.015305308298501963
0.9993156902345897,0.01522527149173758
0.9993192865533237,0.0153022775540963
0.9993123827663066,0.01538732979583024
0.99931408282914,0.015292088669364823
0.9993171004280315,0.015374168736055793
0.9993164388023875,0.01522527149173758
0.9993224428119438,0.01511682315373708
0.9993209891986392,0.015252020103107
0.9993228946762757,0.015296302092739467
0.9993134277357871,0.015349199952924053
0.9993179382577904,0.015183791329432594
0.9993148684695969,0.015294075905236681
0.9993057368978473,0.015427260083950678
0.9993080221127784,0.015401452686928607
0.9993246402355879,0.01522527149173758
0.9993050222468453,0.015493057883211314
0.9993073173510628,0.015410333120263076
0.9993071905447977,0.015481960662867778
0.9993196355689359,0.015308495166822311
0.9993217760098881,0.015189431709050183
0.9993082939742284,0.015405987926455644
0.9993058036064029,0.015416706940903246
0.9993334898131614,0.015027964276088213
0.9993136547392598,0.015265895012880115
0.9993111091367175,0.015353196014627812
0.9993229983696703,0.01529933283714513
0.9993085722135349,0.015296302092739467
0.9993110015326435,0.015430125462012612
0.9993167525405804,0.01544449573782014
0.9993138693301459,0.015191845527922077
0.999310142385528,0.015452017962323872
0.9993200007547082,0.0153057066577853
0.9993125878939717,0.01538732979583024
0.999310269514111,0.015484749171904788
0.9993178715610355,0.015279909323582253
0.9993192837803315,0.015405987926455644
0.9993073475424585,0.015461180292001053
0.9993233146701151,0.015279909323582253
0.9993194244005854,0.01533082012964826
0.9993148659626506,0.015197510684647142
0.9993146743973379,0.015308495166822311
0.9993138599497813,0.01538732979583024
0.9993132284260897,0.015402256343144849
0.9993080789267121,0.015405987926455644
0.9993130204234196,0.01529933283714513
0.9993279144733221,0.015162979481246452
0.9993160051514344,0.015308495166822311
0.9993148353712084,0.015308495166822311
0.9993086942059682,0.015440891806778545
0.9993209112569654,0.015282697832619263
0.9993124792597881,0.015239165160117807
0.9993202816280117,0.015293859162519574
0.9993107909437247,0.015543319735455086
0.9993152183581276,0.015401452686928607
0.9993096473126774,0.015296302092739467
0.9993143177478004,0.015296302092739467
0.9993124009298645,0.015401452686928607
0.9993241709796393,0.015125767989836447
0.9993193406205514,0.015353196014627812
0.9993127047933305,0.015296302092739467
0.9993191674359769,0.015148818385552154
0.9993117017849944,0.015416685441294042
0.9993113807144134,0.015308495166822311
0.9993136275902468,0.015419495449940257
0.9993148620839146,0.015441885878147765
0.9993158441219205,0.01532739489022461
0.9993248152934973,0.015166821561107824
0.9993117264191774,0.015419495449940257
0.9993076899594906,0.015401452686928607
0.9993063032043534,0.015548170536015427
0.9993257775264276,0.015181002820395584
0.9993128748137923,0.015350407505590802
0.9993192332840297,0.015305464422416648
0.9993163322620489,0.015302675913379638
0.9993065965007358,0.015454496684806251
0.9993173961973761,0.015296302092739467
0.9993214509800761,0.015144533241509883
0.9993188265432211,0.01529933283714513
0.9993046023427163,0.015535000548830169
0.9993103280685907,0.015445896676663295
0.9993237322845185,0.015144533241509883
0.999314615576191,0.015305291942994792
0.9993137121801242,0.015366799776555418
0.9993135561275531,0.015302675913379638
0.9993237074372155,0.015296302092739467
0.9993184157153984,0.015328031620611249
0.9993115256697234,0.01529933283714513
0.9993034471584986,0.01555571148018231
0.9993350698916661,0.01510038009963477
0.9993213042045079,0.01521076264544341
0.9993042567329978,0.015457285193843262
0.9993221679900773,0.015148818385552154
0.9993153206442784,0.015443773090240143
0.999320114018761,0.015183791329432594
0.9993197841982429,0.015191845527922077
0.9993124233912459,0.015302675913379638
0.9993210870210703,0.015265895012880115
0.9993131243180206,0.01532739489022461
0.9993183350170002,0.015291810612641399
0.9993101403351404,0.015252020103107
0.9993116156513728,0.015427260083950678
0.9993126368756324,0.015305464422416648
0.9993091547675517,0.015305291942994792
0.9993137008314418,0.015282697832619263
0.9993142891793152,0.015308495166822311
0.9993203093217734,0.01510038009963477
0.9993111772527572,0.015308495166822311
0.9993123284421859,0.0155286600450113
0.9993177092822906,0.015189057018885066
0.9993005265955293,0.015484749171904788
0.9993252333125866,0.015305308298501963
0.9993117152686671,0.015417203075557495
0.9993218368196348,0.015148818385552154
0.9993153581820582,0.015291810612641399
0.9993150616483627,0.015417203075557495
0.9993194770245113,0.015277562406499356
0.999317389327468,0.015350407505590802
0.9993128248997589,0.01533082012964826
0.9993272979828992,0.015239165160117807
0.9993100586471055,0.015294075905236681
0.9993049229114415,0.01555571148018231
0.9993228462799345,0.015069447339311814
0.9993217945765525,0.015291810612641399
0.9992969670257087,0.015616481172783914
0.9993186378749167,0.015308495166822311
0.9993119941081345,0.015236376651080796
0.9993025564561598,0.015546959066233157
0.9993098894585118,0.015350407505590802
0.9993044270152737,0.015532844557805348
0.9993161299470089,0.015291810612641399
0.9993191078348491,0.01538732979583024
0.9993166276013257,0.015183791329432594
0.9993150436718197,0.01533082012964826
0.999319743455425,0.015186643200013172
0.9993071036716661,0.015405987926455644
0.9993178272921034,0.01532739489022461
0.9993095755519134,0.015410333120263076
0.9993176853257931,0.015350407505590802
0.9993282707494401,0.015097591590597759
0.9993168371257604,0.015191845527922077
0.9993238403932955,0.015160190972209442
0.999302892163752,0.015528404843497157
0.9993287535759965,0.01509719323131442
0.9993271589247028,0.015144533241509883
0.999320440600962,0.015282697832619263
0.9993214388756183,0.015191845527922077
0.9993196998029561,0.015162979481246452
0.9993170993281221,0.015305291942994792
0.9993221392466443,0.015144533241509883
0.99931932921471,0.015308495166822311
0.9993220886023215,0.015162979481246452
0.9993057946172326,0.015457285193843262
0.9993169104731472,0.015265895012880115
0.9993260665481022,0.015265895012880115
0.9993118949219776,0.015282697832619263
0.9993070475737283,0.015493057883211314
0.9993204589336134,0.015125767989836447
0.9993135887223705,0.015302675913379638
0.9993122722803663,0.015445896676663295
0.9993244681810168,0.015178043191870216
0.999312821102452,0.015353196014627812
0.9993197437643689,0.01522527149173758
0.9993162129083504,0.01529933283714513
0.999306377895089,0.015454496684806251
0.9993114959205304,0.015427260083950678
0.9993053488070354,0.015305464422416648
0.9993131292941052,0.01533082012964826
0.9993204477042621,0.01525480861214401
0.9993102464379183,0.015457285193843262
0.999309636226159,0.015302675913379638
0.9993054250934846,0.015350009146307464
0.9993176827141095,0.01518834835496996
0.999310557244304,0.015374168736055793
0.9993218095995694,0.015197510684647142
0.9993205993429214,0.015182683198244895
0.9993083600696182,0.01548156230358444
0.999315013168334,0.015239165160117807
0.9993018282320744,0.015671737684837872
0.9993074412757595,0.015401452686928607
0.9993210684887788,0.015265895012880115
0.9993117427362254,0.015301250999042004
0.9993086237027428,0.015427260083950678
0.9993160961703212,0.015302675913379638
0.9993201754880927,0.015157659231430642
0.9993154512265507,0.015308495166822311
0.999310560729024,0.015408040745880314
0.9993145800373432,0.01525480861214401
0.9993194927623819,0.015114908312858333
0.9993197163430729,0.01522248298270057
0.9993162357101284,0.01525480861214401
0.9993180539664629,0.015189057018885066
0.9993198204944427,0.015122979480799437
0.9993084401712969,0.015493057883211314
0.9993136006310658,0.01533082012964826
0.9993250263265001,0.01510038009963477
0.999314199300485,0.01522527149173758
0.9993170434108308,0.01529933283714513
0.9993168932684674,0.015308495166822311
0.9993114696741124,0.015449791774821087
0.9993166449461164,0.015197510684647142
0.9993257536589507,0.015084498351421338
0.9993173931604105,0.01525480861214401
0.9993032025334462,0.01553144855404831
0.9993118341666892,0.015419495449940257
0.9993138966486571,0.015416706940903246
0.9993148894820464,0.015302675913379638
0.9993093623499932,0.015401452686928607
0.9993160545680303,0.01522248298270057
0.9993140729570077,0.015308495166822311
0.9993130596290354,0.015366799776555418
0.9993205774219085,0.015302675913379638
0.9993078168433334,0.015457285193843262
0.9993187248204579,0.015180269379373001
0.9993084222793407,0.015481960662867778
0.999313089791108,0.015265895012880115
0.9993167177611624,0.015405987926455644
0.9993111291885074,0.015302675913379638
0.9993159648444904,0.015236376651080796
0.9993132795697626,0.015366799776555418
0.9993187185605297,0.01522527149173758
0.9993209707869697,0.015180510216947773
0.9993181115917882,0.015297106649642345
0.9993166626210226,0.01538454128679323
0.9993205703485881,0.01529933283714513
0.9993167894286721,0.015265895012880115
0.9993168464950546,0.015239165160117807
0.9993150733314389,0.015293859162519574
0.9993014496062056,0.015548615772456031
0.9993155274457256,0.015197510684647142
0.9993183704984578,0.015183298725984784
0.9993154758869772,0.015164033052070813
0.9993210719625154,0.015118122581169402
0.9993135432172969,0.01532739489022461
0.9993079293467143,0.015396327323627723
0.9993046731396146,0.015374168736055793
0.9993087791792837,0.015401452686928607
0.9993170084519072,0.015328031620611249
0.9993067025037115,0.015440891806778545
0.9993158499167609,0.015365006406378612
0.9993118069544509,0.015189057018885066
0.9993173219157465,0.015443773090240143
0.9993139110875703,0.015305464422416648
0.9993178595910679,0.01522527149173758
0.9993217753242517,0.015183791329432594
0.9993190903643222,0.015239165160117807
0.9993106799614174,0.015416706940903246
0.9993262249680629,0.015252020103107
0.9993187191823389,0.01525480861214401
0.9993175015035076,0.015349199952924053
0.9993244288704616,0.015083414977263843
0.9993076652815874,0.015419495449940257
0.9993168143439592,0.015436176551195224
0.999313148777427,0.015481960662867778
0.9993215734769164,0.015166821561107824
0.9993126193788485,0.015446561599277153
0.999312931460665,0.015451048207824947
0.9993163822589348,0.015305464422416648
0.9993273031196017,0.015164033052070813
0.9993204171549124,0.015293859162519574
0.9993154254905364,0.015166821561107824
0.9993089865152803,0.01533082012964826
0.9993223956450271,0.015181002820395584
0.9993118759089961,0.015114908312858333
0.9993123692688375,0.015401452686928607
0.9993189366128906,0.015191845527922077
0.9993184663751129,0.015294075905236681
0.999314330809782,0.015401452686928607
0.9993185864215575,0.01533082012964826
0.9993314586818268,0.01510038009963477
0.9993116857609744,0.015410333120263076
0.9993216212767209,0.01522527149173758
0.999317968727532,0.01518834835496996
0.9993066193138467,0.015542536359544279
0.9993168464944487,0.015353196014627812
0.999319715783484,0.015364011267518407
0.9993159633957286,0.01532739489022461
0.9993183001613494,0.01533082012964826
0.9993195832630408,0.015197510684647142
0.9993108246043967,0.015405814558377529
0.9993110873120181,0.015366799776555418
0.9993219610153508,0.015141744732472873
0.9993214430467418,0.015189057018885066
0.9993127708530151,0.015481960662867778
0.9993134339781156,0.015353196014627812
0.9993044933435885,0.015518713041758225
0.9993288528729748,0.01522248298270057
0.9993206861430793,0.015182683198244895
0.9993188114040629,0.015308495166822311
0.9993069764198996,0.015302675913379638
0.9993098806566374,0.015484749171904788
0.9993161468273708,0.015374168736055793
0.9993125085125371,0.015305308298501963
0.9993131223394424,0.015164033052070813
0.9993221342489083,0.015162979481246452
0.9993136442258946,0.015207575777123061
0.9993167952428638,0.01529933283714513
0.9993165308359232,0.015296302092739467
0.9993118455083151,0.015454943225056361
0.9993146444861161,0.015278304690585998
0.999324632427047,0.015122979480799437
0.9993048233483856,0.015401452686928607
0.9993154098584143,0.015554404473097527
0.9993149516251556,0.01533082012964826
0.9993131060953304,0.015419495449940257
0.9993050104870433,0.015408040745880314
0.9993117086373431,0.015308495166822311
0.9993124540627237,0.015350009146307464
0.9993119408871478,0.015392335718109607
0.9993073547248975,0.015417203075557495
0.9993117965018754,0.015419495449940257
0.9993053152486858,0.015350407505590802
0.9993178862039938,0.01533082012964826
0.9993158259007874,0.015454496684806251
0.9993063157847019,0.015427260083950678
0.999323950348177,0.015308495166822311
0.9993249980365521,0.015194722175610131
0.9993099598772953,0.015416308581619909
0.9993153089364636,0.015305464422416648
0.9993118656719859,0.015414414566520485
0.9993086671030609,0.015547111472039354
0.9993296950744052,0.01511437947265648
0.9993177956812378,0.015181002820395584
0.9993306182302467,0.015144533241509883
0.9993091700855166,0.01533082012964826
0.9993177027963392,0.01529612961331761
0.9993104308996502,0.015416685441294042
0.9993156437500905,0.015279909323582253
0.9993139379850917,0.015440891806778545
0.9993192293464976,0.015308495166822311
0.999315910642523,0.015416685441294042
0.9993135028850447,0.015301250999042004
0.9993149837659707,0.015366799776555418
0.9993102716350201,0.015305464422416648
0.9993122525064373,0.015308495166822311
0.999308691852214,0.015405987926455644
0.9993237889545105,0.015125767989836447
0.999314894431979,0.015401452686928607
0.9993223129313393,0.015265895012880115
0.9993113754677928,0.015414414566520485
0.9993124526433035,0.015296302092739467
0.9993180394982543,0.015438103297741534
0.9993232338331608,0.015097591590597759
0.999308947656384,0.015353196014627812
0.9993227427440337,0.015125767989836447
0.9993131311363982,0.015189057018885066
0.9993048658727026,0.015557192982134538
0.9993095824701285,0.015328031620611249
0.9993179942134268,0.015183791329432594
0.9993131196390727,0.01532739489022461
0.9993158325258357,0.015294075905236681
0.9993103510116738,0.015296302092739467
0.9993152312896182,0.015308495166822311
0.9993253910917791,0.015162979481246452
0.9993091613450636,0.015440891806778545
0.9993063058550365,0.015407523111616861
0.999318712211715,0.015350009146307464
0.9993144535539082,0.015222084623417231
0.99931035090785,0.015366799776555418
0.9993102616031547,0.015374168736055793
0.9993182974948764,0.015396825596778463
0.9993147243423104,0.015366799776555418
0.9993240735432357,0.015302675913379638
0.9993300688654283,0.015084498351421338
0.9993170887947318,0.01529933283714513
0.9993178898309238,0.015458391782964043
0.9993201327421721,0.01521076264544341
0.999319755988195,0.015305464422416648
0.9993218015362917,0.015166821561107824
0.9993266406747576,0.015141744732472873
0.9993217340053048,0.015166821561107824
0.9993017350997809,0.015451048207824947
0.9993038004372142,0.015493057883211314
0.9993234581263697,0.01522527149173758
0.9993227764691888,0.015183791329432594
0.9993254148402485,0.01510038009963477
0.9993064605111043,0.015443773090240143
0.9993224267068276,0.015146029876515144
0.9993142140260334,0.015279909323582253
0.9993147792460569,0.015293859162519574
0.9993110324184439,0.015364011267518407
0.999323400346103,0.015219724030726134
0.9993163569152534,0.015099592148311913
0.9993095512684758,0.015350407505590802
0.9993064451928996,0.015481960662867778
0.9993089586565658,0.01532739489022461
0.9993115925229672,0.015308495166822311
0.9993219478767917,0.015162979481246452
0.9993208242383761,0.01529933283714513
0.9993087531566077,0.01554621927752553
0.9993097121170423,0.015350407505590802
0.9993140377403317,0.015405987926455644
0.9993216599827418,0.01521076264544341
0.9993169959795787,0.015410333120263076
0.9993088234756555,0.01553144855404831
0.9993055372699935,0.015557215780598987
0.9993148333859595,0.015405987926455644
0.999319011756881,0.015293630668796077
0.9993118600415243,0.015394491709134428
0.9993233034148327,0.015280460681610819
0.9993228410067885,0.015144533241509883
0.9993113602083571,0.015302503433957781
0.9993253867525598,0.015114908312858333
0.9993093770700825,0.015461180292001053
0.9993193942810714,0.01522248298270057
0.9993128740536994,0.01528133543499166
0.9993110297752067,0.015493057883211314
0.9993095816035541,0.015296302092739467
0.9993169729026852,0.01533082012964826
0.9993147638947514,0.015197510684647142
0.9993053677093963,0.015457285193843262
0.999323753104115,0.015160190972209442
0.9993300068885427,0.01521076264544341
0.999300387067461,0.015662461104044567
0.9993134234378128,0.015371380227018783
0.999306162675146,0.015660349167657905
0.9993142707395789,0.015282697832619263
0.9993203954529444,0.015189431709050183
0.9993170199678736,0.015408040745880314
0.9993175053167372,0.015181002820395584
0.9993058265455591,0.015424471574913667
0.999312182151667,0.015449791774821087
0.9993181799411767,0.015265895012880115
0.9993048154626027,0.015445896676663295
0.9993119965938406,0.01538732979583024
0.9993245135938251,0.015148818385552154
0.9993219717844246,0.01529933283714513
0.9993155745927716,0.01525480861214401
0.9993068489174557,0.01538732979583024
0.9993132636514942,0.015239165160117807
0.9993105799526543,0.01533082012964826
0.9993092950565768,0.015405987926455644
0.9993226286119586,0.01522248298270057
0.9993248104795229,0.015135370911832702
0.9993150179810799,0.015374168736055793
0.9993099433775373,0.015547111472039354
0.9993114940772309,0.015353196014627812
0.9993255839986702,0.015283491426016482
0.9993091524872875,0.015405987926455644
0.9993128758313266,0.015301250999042004
0.9993172414129918,0.015305464422416648
0.9993127489974699,0.015374168736055793
0.9993155444462921,0.015374168736055793
0.9993214859708204,0.015252020103107
0.999310302817069,0.015405987926455644
0.9993074536057562,0.015523553573765447
0.9993246553466197,0.015145631517231806
0.9993118580339091,0.015308495166822311
0.9993056828302668,0.015457285193843262
0.9993210814036199,0.015096612725090885
0.999316029512523,0.015350407505590802
0.999303853783639,0.015353196014627812
0.9993210442819139,0.015144533241509883
0.9993131627155286,0.015308495166822311
0.9993079508848568,0.015427260083950678
0.9993180365246199,0.015293630668796077
0.9993129621608183,0.015461180292001053
0.9993159011047005,0.015197510684647142
0.9993216827863545,0.015252020103107
0.9993145719701774,0.01525480861214401
0.999315768381697,0.015265895012880115
0.9993139904165675,0.01544812286416608
0.9993212481027656,0.015097591590597759
0.9993153902874423,0.015349199952924053
0.9993150071861533,0.015366799776555418
0.9993057001247717,0.015557215780598987
0.9993107548781984,0.015416685441294042
0.99931239548101,0.01529933283714513
0.9993128711014241,0.01522527149173758
0.9993197374399148,0.01518567693102657
0.999321685813035,0.015294075905236681
0.9993091005043958,0.015440891806778545
0.9993167401922757,0.01522248298270057
0.9993166286882785,0.015440891806778545
0.9993086316677773,0.01533082012964826
0.9993050694006169,0.015493057883211314
0.9993225973667258,0.015239165160117807
0.9993192591639086,0.015328031620611249
0.9993157631461865,0.015265895012880115
0.9993241090456149,0.0152079741364064
0.9993221259555247,0.015308495166822311
0.9993105817843031,0.015374168736055793
0.9993109521028684,0.015364011267518407
0.999317976508544,0.01525480861214401
0.9993106771878207,0.015529277987939238
0.9993128173343762,0.01538732979583024
0.999325826761511,0.015088991582454803
0.9993228311408809,0.015194722175610131
0.9993033376772602,0.015696901265175534
0.9993177685752427,0.0152079741364064
0.9993097433475009,0.015461180292001053
0.9993112913391736,0.015454943225056361
0.9993241617731176,0.015197510684647142
0.9993255889840501,0.015207575777123061
0.9993153268813147,0.015162979481246452
0.999322082877299,0.015144533241509883
0.9993117744592921,0.015265895012880115
0.9993125542892416,0.015405987926455644
0.9993182837602362,0.015308495166822311
0.9993158663514387,0.01521076264544341
0.9993121060414257,0.015481960662867778
0.999314762619821,0.015458391782964043
0.9993215927967862,0.015265895012880115
0.9993084815204186,0.015416706940903246
0.9993157915902492,0.01529933283714513
0.9993029650261315,0.015454943225056361
0.9993180558332342,0.015302675913379638
0.9993162945952002,0.015305464422416648
0.9993190523257075,0.015328031620611249
0.9993193546159505,0.015166821561107824
0.9993112990313907,0.015328031620611249
0.9993185214664777,0.015239165160117807
0.9993082862847686,0.01544449573782014
0.999310625357169,0.015484749171904788
0.9993121077421935,0.01538732979583024
0.9993083665238992,0.015461180292001053
0.9993133313409006,0.01538732979583024
0.9993116407285851,0.015302675913379638
0.9993136575907644,0.015353196014627812
0.9993159445815833,0.01522527149173758
0.9993093638081858,0.01525480861214401
0.9993282187528153,0.015084476741958674
0.9993133462638794,0.015366799776555418
0.9993160843422918,0.015301250999042004
0.9993235654525481,0.01510038009963477
0.9993152803566656,0.015114908312858333
0.9993172797979438,0.015183791329432594
0.9993106967141692,0.015414414566520485
0.9993214361817938,0.01521076264544341
0.999320854113741,0.015191845527922077
0.9993096122829942,0.015454098325522914
0.9993203334366965,0.015293859162519574
0.9993164754850256,0.015308495166822311
0.9993205063991107,0.015239165160117807
0.9993176610607851,0.015296302092739467
0.9993123617182761,0.015364011267518407
0.9993297879139525,0.015073109834241372
0.9993123770631196,0.015452017962323872
0.9993189016937482,0.015434020560170403
0.9993181876106246,0.015350407505590802
0.9993091797682858,0.015446561599277153
0.9993091575625138,0.015446561599277153
0.9993140147992459,0.015483664371394035
0.9993140880785586,0.015374168736055793
0.9992980613194024,0.01548156230358444
0.9993088828895007,0.015279909323582253
0.9993306054695181,0.01500418388092939
0.9993147165272921,0.015302675913379638
0.9993203097482952,0.015239165160117807
0.9993165428738497,0.015183791329432594
0.9993211615353758,0.01522527149173758
0.9993165567942699,0.015162979481246452
0.9993152651789313,0.015183791329432594
0.9993207760334734,0.015308495166822311
0.9993102367571672,0.015374168736055793
0.999325712696621,0.01521076264544341
0.9993239292816982,0.015291070653482564
0.9993134813711319,0.015349199952924053
0.9993161332778728,0.015350407505590802
0.9993191380489632,0.015222512539763144
0.9993171366949927,0.015294075905236681
0.9993129407600896,0.015302675913379638
0.9993096521191615,0.015353196014627812
0.9993046521758019,0.015405987926455644
0.9993128210059214,0.015405987926455644
0.9993225777636746,0.015236376651080796
0.9993083580084235,0.015451048207824947
0.9993231513480364,0.015291810612641399
0.9993142295785238,0.015197510684647142
0.999320830245024,0.015265895012880115
0.999319055911589,0.015166821561107824
0.9993210449836522,0.015189057018885066
0.99931416001848,0.015291810612641399
0.9993178490463868,0.01529933283714513
0.9993145787061951,0.015282697832619263
0.9993245557407616,0.01521076264544341
0.999311238457353,0.01538732979583024
0.9993245746469864,0.01525480861214401
0.9993025112008976,0.015440891806778545
0.9993122003812488,0.015405987926455644
0.9993177809175087,0.015166821561107824
0.9993197315946125,0.015365006406378612
0.9993210625007749,0.015162979481246452
0.999317161937253,0.015366799776555418
0.9993158256141489,0.01522527149173758
0.9993264174311931,0.015166821561107824
0.9993222409104298,0.015282697832619263
0.9993086161071939,0.01544812286416608
0.9993113254674334,0.015436176551195224
0.9993137239446488,0.015296302092739467
0.9993068440172856,0.015305464422416648
0.9993107559894944,0.015302675913379638
0.9993113313687085,0.015530782288355915
0.9993148982385651,0.015183791329432594
0.9993227962627466,0.015181002820395584
0.9993114889654388,0.01544310947143579
0.9993052652049431,0.015547111472039354
0.9993158592531766,0.01529933283714513
0.999303343520772,0.015619269681820924
0.9993140284118529,0.015427260083950678
0.9993115778024658,0.015413896932257032
0.9993267050822684,0.015164033052070813
0.9993168227408431,0.01522248298270057
0.999315323921189,0.01533082012964826
0.9993237535450553,0.015129511098349369
0.9993253627024742,0.015294075905236681
0.9993136614314667,0.015328031620611249
0.9993124505402873,0.015417203075557495
0.9993146236769672,0.01529933283714513
0.9993105269464839,0.015353196014627812
0.9993209851271143,0.015305464422416648
0.9993193600740291,0.015222512539763144
0.9993111300864294,0.015405987926455644
0.9993068896132363,0.015416308581619909
0.9993177651999768,0.015174628999755413
0.999307880135639,0.015457285193843262
0.9993214671836704,0.01521076264544341
0.9993059883049961,0.0153246063811876
0.9993153030485957,0.015282697832619263
0.9993227613575921,0.015277562406499356
0.9993158664895133,0.015305464422416648
0.999307966977326,0.015480875862357024
0.9993191667891477,0.015141744732472873
0.9993181183608343,0.01521076264544341
0.9993126575341496,0.01544812286416608
0.9993175146500919,0.015419495449940257
0.9993120660880392,0.015353196014627812
0.9993164007726532,0.01538732979583024
0.999310612036553,0.015427260083950678
0.9993146335224925,0.015405987926455644
0.9993307260385988,0.015114908312858333
0.9993187725325747,0.01532739489022461
0.999322018892656,0.015305464422416648
0.9993122365888042,0.015416706940903246
0.9993087114179887,0.015296302092739467
0.9993071467964518,0.015446561599277153
0.9993207823946413,0.015308495166822311
0.9993162845788096,0.015296302092739467
0.9993209879140587,0.01525480861214401
0.9993125987918617,0.015305291942994792
0.9993199555690904,0.015308495166822311
0.9993211095663195,0.015288779868235736
0.9993162169207198,0.0153057066577853
0.9993052560861899,0.015350009146307464
0.9992995567114009,0.015454496684806251
0.9993185448309546,0.01518834835496996
0.9993145906960744,0.015308495166822311
0.9993213038758478,0.015114908312858333
0.9993138570626616,0.015265895012880115
0.9993142259061777,0.015350407505590802
0.999315983450936,0.01532739489022461
0.999319273502906,0.015129511098349369
0.99931758377534,0.015308495166822311
0.9993180647114014,0.015296302092739467
0.9993127618889509,0.015454496684806251
0.9993144414764054,0.015353196014627812
0.9993104534335239,0.015419495449940257
0.9993174648085656,0.015366799776555418
0.9993200832498342,0.01518834835496996
0.9993190378532336,0.015302675913379638
0.9993092738381941,0.015400100352120027
0.9993118278622152,0.015454943225056361
0.9993162224743977,0.01533082012964826
0.9993096904073393,0.015427260083950678
0.9993127052623073,0.015353196014627812
0.9993171557243206,0.015293859162519574
0.9993258236928333,0.015157659231430642
0.9993170077245314,0.015280460681610819
0.9993159223464747,0.015189057018885066
0.9993254667946906,0.01511961166277409
0.9993101187293851,0.01541970155476502
0.9993156755940877,0.015302675913379638
0.999314093153212,0.015293859162519574
0.999327496586756,0.015296302092739467
0.9993063624105808,0.015353196014627812
0.9993105247166959,0.015396825596778463
0.9993036586429459,0.015457285193843262
0.99931390079466,0.015305464422416648
0.9993144532589748,0.015197510684647142
0.9993200043177544,0.01525480861214401
0.9993267164649897,0.015146029876515144
0.9993103654928325,0.015353196014627812
0.9993099379442861,0.015543319735455086
0.9993132075760212,0.015296302092739467
0.999315670983122,0.015353196014627812
0.9993224829580842,0.015265895012880115
0.999317467990188,0.015305464422416648
0.9993168549810488,0.015263106503843105
0.9993138345898693,0.015419495449940257
0.9993219685161692,0.015239165160117807
0.9993174936618899,0.01528133543499166
0.9993148242570971,0.015432281453037433
0.9993258678699485,0.015180269379373001
0.9993125487988085,0.015419495449940257
0.9993156419337791,0.01538732979583024
0.9993095165005558,0.015351988461961064
0.999309268528382,0.015401452686928607
0.999314880025964,0.01522527149173758
0.999316316815082,0.015191845527922077
0.999316327582832,0.01533082012964826
0.9993094231368947,0.01532739489022461
0.9993120586374779,0.015305464422416648
0.9993146899534723,0.01533082012964826
0.9993153959947152,0.015302675913379638
0.9993168575924944,0.015350407505590802
0.9993153290054257,0.01532739489022461
0.9993061388509841,0.015543802649618854
0.9993232508007336,0.015148818385552154
0.9993123054747898,0.015366799776555418
0.9993134225453992,0.015454496684806251
0.9993188189082788,0.0152079741364064
0.9993195088482482,0.01522248298270057
0.9993216719831212,0.01522248298270057
0.9993107437499799,0.01525480861214401
0.9993153822436779,0.015265895012880115
0.9993154023845661,0.015239165160117807
0.9993181945343584,0.01532739489022461
0.9993199251896917,0.01525480861214401
0.9993099615837667,0.01532739489022461
0.9993094443085961,0.015416706940903246
0.9993157320612543,0.015353196014627812
0.9993198161730401,0.015114908312858333
0.9993182685191678,0.015401452686928607
0.9993146768795358,0.015282697832619263
0.9993132753574093,0.015294075905236681
0.999319757325864,0.015197510684647142
0.9993149316510633,0.01532739489022461
0.9993153108262699,0.01522248298270057
0.9993118573816752,0.015371380227018783
0.9993192883755264,0.01525480861214401
0.9993282013089451,0.01528133543499166
0.9993111819685746,0.01538732979583024
0.999311776079774,0.015547111472039354
0.9993203928955731,0.015302675913379638
0.9993215283436927,0.015371380227018783
0.9993206571659662,0.015353196014627812
0.9993089500021948,0.01538732979583024
0.9993169326288934,0.015328031620611249
0.9993089682923614,0.015350407505590802
0.9993104421600727,0.01538454128679323
0.9993069201339432,0.015416706940903246
0.9993131176182991,0.01536361290823507
0.9993030333924466,0.015446561599277153
0.9993114216070832,0.015305464422416648
0.9993177592968479,0.015410333120263076
0.9993159094540184,0.015282697832619263
0.9993141074179238,0.015293859162519574
0.9993099842876655,0.015401452686928607
0.999318573506347,0.015291810612641399
0.9993279901211151,0.01508964443962757
0.9993138528235863,0.015353196014627812
0.9993192950467811,0.015197510684647142
0.9993157033112628,0.015349199952924053
0.9993163313110189,0.015239165160117807
0.9993112226649511,0.015416706940903246
0.9993137825782971,0.015405987926455644
0.9993146230359601,0.015222512539763144
0.9993181850346873,0.015305464422416648
0.9993115473735867,0.015405814558377529
0.9993114111061538,0.015419495449940257
0.9993104417388728,0.015410333120263076
0.9993052056426301,0.015532844557805348
0.999313128685266,0.015405987926455644
0.9993208147422751,0.015125767989836447
0.9993172234283738,0.015452017962323872
0.9993228352179417,0.015302675913379638
0.9993199095135389,0.015239165160117807
0.9993089381423385,0.015457285193843262
0.9993174561225959,0.015291810612641399
0.9993170498718948,0.01525480861214401
0.9993160825804942,0.015291070653482564
0.9993053985162937,0.015374168736055793
0.9993192981296366,0.015297106649642345
0.9993063536251847,0.015278304690585998
0.9993104593898164,0.015457285193843262
0.9993161885503458,0.015364011267518407
0.9993296591983812,0.015097591590597759
0.9993063139078721,0.01538732979583024
0.9993222181758614,0.01511961166277409
0.9993065683076767,0.015451048207824947
0.9993160923966732,0.015370981867735445
0.9993177910659794,0.015341807497447846
0.9993137696173565,0.01522527149173758
0.999320406286557,0.015328031620611249
0.9993094033294748,0.015414414566520485
0.9993217553494982,0.01532739489022461
0.9993082275895472,0.015405987926455644
0.9993182720206404,0.01522248298270057
0.9993253592529582,0.01511961166277409
0.9993177405499519,0.015305464422416648
0.9993134314734415,0.01525480861214401
0.9993158243799742,0.015403199417418634
0.9993142327497381,0.015413498572973694
0.9993125637391266,0.015308495166822311
0.9993135779402649,0.01540810693276029
0.9993133773474435,0.01533082012964826
0.9993101973378092,0.015405987926455644
0.9993151877001832,0.015350009146307464
0.9993125608303737,0.015401452686928607
0.9993207280981785,0.015191845527922077
0.9993170938702961,0.015353196014627812
0.9993120229619629,0.015191845527922077
0.999317010415511,0.01518834835496996
0.9993103083635043,0.015349199952924053
0.9993201326827621,0.015293859162519574
0.999316329397229,0.015183791329432594
0.9993147416390317,0.015350407505590802
0.9993208548323945,0.015186643200013172
0.9993290513214369,0.015076742450181868
0.9993121136689759,0.015374168736055793
0.9993074564634051,0.015440891806778545
0.9993224375450477,0.01521076264544341
0.9993265780511423,0.01510038009963477
0.9993134275052251,0.015350009146307464
0.9993212223357584,0.015191845527922077
0.999311581357619,0.015398664177891597
0.9993055772616186,0.015403199417418634
0.9993052214801785,0.01553134025738867
0.9993149751958628,0.01525480861214401
0.999315235267895,0.015301250999042004
0.9993137451880831,0.015374168736055793
0.9993038549838874,0.015417203075557495
0.9993116486639837,0.015364011267518407
0.9993091033695232,0.01545215471601935
0.9993134442182688,0.015419495449940257
0.9993209675281884,0.01522527149173758
0.999320827676271,0.015162979481246452
0.999314733015209,0.015432281453037433
0.9993213201378751,0.01525480861214401
0.9993191620855061,0.0153246063811876
0.9993177278796459,0.015263106503843105
0.9993142189332301,0.015427260083950678
0.9993265929132097,0.015166821561107824
0.9993165955716271,0.01525480861214401
0.9993176964884062,0.01528133543499166
0.9993180771199263,0.015180011774301505
0.9993219616070438,0.015197510684647142
0.9993148988211681,0.015414414566520485
0.9993018978864658,0.01538454128679323
0.9993144443201829,0.015308495166822311
0.999321902999016,0.015308495166822311
0.9993160839117379,0.01510038009963477
0.9993151943935036,0.015419495449940257
0.9993110180210292,0.015405987926455644
0.9993208891236512,0.01533082012964826
0.9993031401226455,0.015566907582337919
0.9993194858144462,0.01533082012964826
0.9993192532611821,0.01522248298270057
0.9993202511072964,0.015294075905236681
0.9993127971918668,0.015440891806778545
0.999320334515821,0.015305464422416648
0.9993030482377415,0.015550841959958817
0.9993163103902748,0.015302675913379638
0.9993122515070322,0.01533082012964826
0.999305412846178,0.015535000548830169
0.9993038095136553,0.015461180292001053
0.9993106860468405,0.015443773090240143
0.9993152627887023,0.01532739489022461
0.9993176991931368,0.015351988461961064
0.9993131154190167,0.015416685441294042
0.9993151359688339,0.015239165160117807
0.9993095612165694,0.015427260083950678
0.9993150301080063,0.015401452686928607
0.9993161973983764,0.015308495166822311
0.9993133090397714,0.015484749171904788
0.9993254273098034,0.015166821561107824
0.9993166474446044,0.015302675913379638
0.9993052381357951,0.015543319735455086
0.999306845892296,0.015484749171904788
0.9993057713660257,0.015535000548830169
0.9993076343345442,0.015461180292001053
0.9993133443720917,0.015366799776555418
0.999318460345009,0.015183791329432594
0.9993133785326347,0.015305464422416648
0.9993251804810187,0.015097591590597759
0.9993152898440064,0.015440891806778545
0.9993237718307703,0.015181002820395584
0.9993244626221238,0.015282697832619263
0.999309646457149,0.015296302092739467
0.9993134239729803,0.015296302092739467
0.9993238913507423,0.015191845527922077
0.9993175181600273,0.01533082012964826
0.9993104498194545,0.015353196014627812
0.9993260687985636,0.01508964443962757
0.9993085670530526,0.015405987926455644
0.9993191196683925,0.015194722175610131
0.9993111366061995,0.0153057066577853
0.9993175572580544,0.015293859162519574
0.9993061716070432,0.015547111472039354
0.9993124337473888,0.015327633261327911
0.9993204170929679,0.01529933283714513
0.9993193222789118,0.015213350210085963
0.9993128234957498,0.01522248298270057
0.9993156037612876,0.015294075905236681
0.9993083514546057,0.015493057883211314
0.9993124261081603,0.015296302092739467
0.9993183295584019,0.015216109162060398
0.9993169874203661,0.015366799776555418
0.9993146421867363,0.015181002820395584
0.9993115024061076,0.015451048207824947
0.9993168559551517,0.015366799776555418
0.9993149180561828,0.01518834835496996
0.999306393254196,0.015414414566520485
0.999316213450142,0.015239165160117807
0.9993155533481854,0.015403199417418634
0.9993063066367683,0.015424471574913667
0.9993213389859974,0.015296302092739467
0.9993134484670739,0.015416706940903246
0.9993199222083387,0.015405987926455644
0.9993181679416682,0.01522527149173758
0.9993272287529869,0.015291810612641399
0.9993257574926511,0.015398664177891597
0.9993085725524659,0.01529933283714513
0.9993027633067056,0.015493057883211314
0.9993149905220303,0.0153246063811876
0.9993114443923817,0.015297106649642345
0.9993211738590386,0.015180269379373001
0.9993052490505605,0.015416706940903246
0.9993080505864875,0.01533082012964826
0.9993198541431383,0.015436176551195224
0.9993111169467181,0.015458391782964043
0.9993257754873395,0.015160190972209442
0.9993211931728283,0.01522527149173758
0.9993119906453893,0.015341362261007241
0.9993141466094918,0.01529933283714513
0.9993127944986079,0.015402256343144849
0.9993154062709687,0.015350407505590802
0.9993131024592617,0.015427260083950678
0.9993176161459636,0.01532739489022461
0.9993143057128291,0.01522248298270057
0.9993099291447629,0.015371380227018783
0.9993326730884673,0.015083695545453857
0.9993056058080759,0.015530782288355915
0.9993221148688459,0.01503818747443919
0.9993140329210094,0.015265895012880115
0.9993159428398815,0.015370981867735445
0.9993130399075854,0.015350407505590802
0.999312006462752,0.01525480861214401
0.9993198254716982,0.015291810612641399
0.9993104160621709,0.01525480861214401
0.9993162607583911,0.015366799776555418
0.9993330779839741,0.015045049562865564
0.9993121581522283,0.015371380227018783
0.9993179754899957,0.015183298725984784
0.999323778864378,0.015191845527922077
0.9993103651549745,0.015374168736055793
0.9993161216344432,0.015350407505590802
0.9993179099519044,0.01522248298270057
0.9993166837479486,0.015180269379373001
0.9993146634230224,0.01522527149173758
0.9993149033504471,0.015305464422416648
0.9993197267389552,0.015291070653482564
0.9993075481496079,0.015451048207824947
0.9993194039012557,0.015222084623417231
0.9993234884912314,0.015191845527922077
0.9993245736847337,0.015166821561107824
0.9993106678335378,0.015350407505590802
0.999309725224617,0.015350407505590802
0.99930823605589,0.015405987926455644
0.9993087154849992,0.015457285193843262
0.9993088209643521,0.015416706940903246
0.9993090278656496,0.015457285193843262
0.9993149273847955,0.015451048207824947
0.9993120692076067,0.015427260083950678
0.9993132444579668,0.015305291942994792
0.999315020975367,0.01538454128679323
0.9993281850538758,0.015159792612926104
0.9993134378674762,0.015371380227018783
0.9993257178677468,0.015144533241509883
0.9993172720014215,0.01525480861214401
0.9993165955122891,0.015350407505590802
0.9993192676226034,0.015148818385552154
0.9993103418798533,0.015484749171904788
0.9993185790218372,0.01525480861214401
0.9993193845055646,0.015291810612641399
0.9993070921658294,0.015403199417418634
0.9993048374730711,0.015457285193843262
0.9993140807025961,0.015410333120263076
0.9993156805558379,0.01529933283714513
0.9993141083887459,0.01529933283714513
0.9993206698343308,0.015144533241509883
0.9993078967798383,0.015475586842227607
0.9993143272011258,0.015366799776555418
0.9993171722108537,0.015364011267518407
0.99932055030485,0.015293859162519574
0.999319493405385,0.015222512539763144
0.9993142961781919,0.015401452686928607
0.9993146184983241,0.015416706940903246
0.9993128218894913,0.015416706940903246
0.9993229074882707,0.015222084623417231
0.9993144916529392,0.01538732979583024
0.9993216848940546,0.01529933283714513
0.9993198812146132,0.01521076264544341
0.9993097224971774,0.015308495166822311
0.9993178703403693,0.015279510964298915
0.9993179742019472,0.015265895012880115
0.9993129394741882,0.01532739489022461
0.9993096823619299,0.01538732979583024
0.999329259640114,0.01503134361276004
0.9993154615261928,0.015366799776555418
0.999321496045874,0.015189057018885066
0.9993173697252593,0.01510038009963477
0.9993080334032423,0.01554672365165466
0.999321628460476,0.01522527149173758
0.9993215900467276,0.015125767989836447
0.9993187400580804,0.015350407505590802
0.9993219805406911,0.015126722589312358
0.9993058650562421,0.015461180292001053
0.9993184313348902,0.01544060063966235
0.9993296368669712,0.015075336021744157
0.9993188859318528,0.015189431709050183
0.9993215657771397,0.015366799776555418
0.9993147621229866,0.01525480861214401
0.9993213379788858,0.01511961166277409
0.9993176620157087,0.015197510684647142
0.9993182533495073,0.015216109162060398
0.9993119780207281,0.015410333120263076
0.9993081411551094,0.015454943225056361
0.9993176004733602,0.015144533241509883
0.9993139300808415,0.01533082012964826
0.9993084475330064,0.015454943225056361
0.9993079492083093,0.015374168736055793
0.9993132242348907,0.015401452686928607
0.9993058534431244,0.01555571148018231
0.9993079874280284,0.015446561599277153
0.9993174591805581,0.015350407505590802
0.9993065976560778,0.015451048207824947
0.9993213265733226,0.015278304690585998
0.9993103711583299,0.015374168736055793
0.9993125277602222,0.015493057883211314
0.9993153022677744,0.01529933283714513
0.9993092294210281,0.015671737684837872
0.9993152179200834,0.015419495449940257
0.9993193772174941,0.01532739489022461
0.9993047424402977,0.01556969609137493
0.9993209928934,0.015191845527922077
0.9993100469799671,0.015328031620611249
0.9993139050081702,0.015293859162519574
0.9993217740865473,0.01518045701074211
0.999321657803105,0.015183791329432594
0.999323654119532,0.015183791329432594
0.9993106601841218,0.015454496684806251
0.9993100112590806,0.015490269374174304
0.9993209903339034,0.015183791329432594
0.9993195126375978,0.015189057018885066
0.9993315466425322,0.015013183733633362
0.9993110572228623,0.015446561599277153
0.9993184354915948,0.01518834835496996
0.9993197113319151,0.015302675913379638
0.9993156000900251,0.01529933283714513
0.9993079509690632,0.015350407505590802
0.9993143648500075,0.015302675913379638
0.9993088992484837,0.015484749171904788
0.9993097182007522,0.01538732979583024
0.9993130197811371,0.015374168736055793
0.9993106242929467,0.015446561599277153
0.9993142405925369,0.015401452686928607
0.9993043952658475,0.015671737684837872
0.9993125747715785,0.015321657799971078
0.9993251631051572,0.01521076264544341
0.9993168723379007,0.015416706940903246
0.999319350951989,0.015265895012880115
0.999312023190451,0.015371380227018783
0.9993112908155032,0.015407661696319686
0.9993173354046392,0.015144533241509883
0.9993132848938939,0.015353196014627812
0.9993139594041425,0.015302675913379638
0.9993163429436591,0.015265895012880115
0.9993149022053748,0.015427260083950678
0.9993157625541014,0.015189057018885066
0.999317224692648,0.015405987926455644
0.9993154069624332,0.015282697832619263
0.9993149518188946,0.015440891806778545
0.9993121813307126,0.01532739489022461
0.9993095358068181,0.015403199417418634
0.9993149041476237,0.015302675913379638
0.9993215030387327,0.01511961166277409
0.999311383039927,0.015454496684806251
0.9993105838099758,0.015396825596778463
0.9993159510350225,0.015239165160117807
0.9993194466739395,0.015239165160117807
0.9993221656342837,0.015308495166822311
0.999313244621479,0.015353196014627812
0.9993142141525626,0.015350407505590802
0.9993046398572489,0.015451048207824947
0.9993067478714659,0.015493057883211314
0.9993135205257881,0.015350407505590802
0.9993281404509553,0.0152079741364064
0.9993076344171841,0.015454496684806251
0.9993084553039618,0.015366799776555418
0.9993214787599709,0.015162979481246452
0.9993098119752434,0.015353196014627812
0.9993072146201903,0.015446561599277153
0.9993054536492896,0.015454943225056361
0.9993129280390761,0.01522248298270057
0.999306418323613,0.015529071529313043
0.9993038507917977,0.015560004289635998
0.9993187722300787,0.015302675913379638
0.999311050359074,0.015401452686928607
0.9993153488488573,0.015302675913379638
0.9993205977655117,0.015194722175610131
0.9993023898171661,0.015657783525044877
0.999323313105811,0.01525480861214401
0.9993106127702797,0.015308495166822311
0.9993160861776131,0.015394491709134428
0.9993222125254132,0.015294075905236681
0.9993261025201052,0.015296302092739467
0.9993268913390164,0.015280460681610819
0.999314766048705,0.015183791329432594
0.999309173696506,0.015454496684806251
0.999316544478398,0.015302675913379638
0.9993103952658565,0.015350009146307464
0.9993122234942113,0.015446561599277153
0.9993198565144867,0.01533082012964826
0.9993200784301697,0.015353196014627812
0.9993115520066362,0.015446561599277153
0.9993109387596806,0.015419495449940257
0.9993128493706639,0.015414414566520485
0.9993086661562837,0.015401452686928607
0.9993155039309367,0.015279273165542229
0.9993219342039189,0.015197510684647142
0.9993056239784959,0.015416706940903246
0.999317341078303,0.01525480861214401
0.9993134711449918,0.015282697832619263
0.9993106056454208,0.015405987926455644
0.9993186402854042,0.015302675913379638
0.9993235841173107,0.015096803639274903
0.9993149402785344,0.015443773090240143
0.9993169684674826,0.01528133543499166
0.9993087696716126,0.015446561599277153
0.9993198820702514,0.015265895012880115
0.9993170164715884,0.015305464422416648
0.9993170857150552,0.015374168736055793
0.9993214703657289,0.015172506943841313
0.9993119005047856,0.015454496684806251
0.9993164355419583,0.015305291942994792
0.9993198388876439,0.015096612725090885
0.9993208465470348,0.015189057018885066
0.9993117613700782,0.015308495166822311
0.9993108910853127,0.015353196014627812
0.9993248377943788,0.015291070653482564
0.9993102154313028,0.015484749171904788
0.9993010622053731,0.01555571148018231
0.9993050578149214,0.015414414566520485
0.999308795534247,0.015410333120263076
0.9993167117077997,0.015305291942994792
0.999311330104319,0.015405987926455644
0.9993152799116668,0.015353196014627812
0.9993206325602797,0.015239165160117807
0.9993136987196084,0.015296302092739467
0.9993142391994605,0.01533082012964826
0.9993242846564403,0.01521076264544341
0.999320284136338,0.015166821561107824
0.9993156367198299,0.015434020560170403
0.999309450042924,0.015446561599277153
0.99931599980979,0.01521076264544341
0.9993184843733243,0.01518045701074211
0.9993120397631874,0.01533082012964826
0.9993156824033312,0.015396825596778463
0.9993228755515536,0.015189057018885066
0.9993096561253173,0.015405987926455644
0.999322599216007,0.01521076264544341
0.9993217769022964,0.01522248298270057
0.9993165953570134,0.015293859162519574
0.9993111535377693,0.015419495449940257
0.9993101095515147,0.015327633261327911
0.9993200944723943,0.01532739489022461
0.9993250529794098,0.015096612725090885
0.9993084402074439,0.015353196014627812
0.9993236091371583,0.015097591590597759
0.9993155000869199,0.015239165160117807
0.9993156097097468,0.015405987926455644
0.9993175735176366,0.015353196014627812
0.9993193975651075,0.015239165160117807
0.9993085799019278,0.015457285193843262
0.9993184732149458,0.015344033684950631
0.9993096549100378,0.015366799776555418
0.9993166882225981,0.0153057066577853
0.9993139321476097,0.015481960662867778
0.9993159925351268,0.015414414566520485
0.9993143393876867,0.01525480861214401
0.9993174017526072,0.015296302092739467
0.9993187411838487,0.01538732979583024
0.9993190731558301,0.015328031620611249
0.9993055887817641,0.015416706940903246
0.9993110609645728,0.015484749171904788
0.9993159023617069,0.01508964443962757
0.9993144625761217,0.01533082012964826
0.9993096527887564,0.015239165160117807
0.9993279535838829,0.015097591590597759
0.9993163871244727,0.015350407505590802
0.9993170153696993,0.015129511098349369
0.9993136533299883,0.015401452686928607
0.9993199522492978,0.015366799776555418
0.9993159302675085,0.015166821561107824
0.9993124903302392,0.015308495166822311
0.9993139594906669,0.015398664177891597
0.9993176327666667,0.015305464422416648
0.9993077173301026,0.015293859162519574
0.9993270488362455,0.015222512539763144
0.999312543647218,0.015402256343144849
0.9993230051381422,0.015288779868235736
0.9993040377512995,0.015543319735455086
0.9993059255892769,0.015416685441294042
0.9993201904241061,0.015302675913379638
0.9993149713020121,0.01548156230358444
0.9993222191022195,0.015141744732472873
0.9993121412144003,0.01533082012964826
0.9993127697751539,0.0153246063811876
0.9993080093124466,0.015427260083950678
0.9993181095391833,0.01518045701074211
0.9993140473721213,0.01532739489022461
0.999325937418356,0.015181002820395584
0.999324438475207,0.01522527149173758
0.9993129210758678,0.015282697832619263
0.9993160604414257,0.01533082012964826
0.9993097946890992,0.01533082012964826
0.999318840259419,0.01538732979583024
0.9993092764854421,0.01522527149173758
0.9993162839276195,0.015296302092739467
0.9993185455621723,0.015282697832619263
0.9993209312742977,0.015191845527922077
0.9993220106272925,0.015181002820395584
0.9993227597219912,0.015144533241509883
0.9993096136901632,0.015305464422416648
0.9993017389186939,0.015414414566520485
0.9993104207571526,0.01532739489022461
0.9993180492738287,0.01525480861214401
0.9993249981254545,0.015097591590597759
0.9993065862093938,0.015461180292001053
0.9993222683188973,0.015179829885120455
0.9993104339214485,0.015305308298501963
0.9993154991336992,0.015414414566520485
0.9993088236619813,0.01538732979583024
0.9993229878940343,0.015296302092739467
0.9993152449245941,0.015353196014627812
0.9993119455028041,0.015419495449940257
0.999317508992801,0.015366799776555418
0.9993181164953359,0.015265895012880115
0.9993185044777586,0.015371380227018783
0.999318341595168,0.015196049490457497
0.9993133304006824,0.015265895012880115
0.999309479115975,0.015302675913379638
0.9993206784265017,0.015282697832619263
0.9993166384468498,0.015328031620611249
0.9993059751446534,0.01532739489022461
0.9993193466984381,0.015183791329432594
0.999309038769837,0.01548156230358444
0.9993159350363076,0.015256732683202934
0.9993205386403003,0.015296302092739467
0.9993153487183373,0.015427260083950678
0.9993172620094619,0.01522527149173758
0.9993189024509724,0.015251621743823662
0.9993096034849304,0.015405987926455644
0.9993083917490093,0.015712001348193283
0.9993133686387021,0.01529933283714513
0.9993141101864725,0.015353196014627812
0.9993161414442221,0.01525480861214401
0.999315146769458,0.015365006406378612
0.9993249485538751,0.015125767989836447
0.9993011857848385,0.01553144855404831
0.9993181805553408,0.01532739489022461
0.9993155022491064,0.015296302092739467
0.9993170250223111,0.01522248298270057
0.999312874471864,0.015265895012880115
0.9993223292800844,0.015148818385552154
0.9993209686560091,0.015293630668796077
0.9993165038923222,0.015191845527922077
0.9993144866357653,0.015350407505590802
0.9993247412488871,0.01522527149173758
0.9993227052195002,0.015148818385552154
0.9993158755457446,0.015282697832619263
0.9993271088382387,0.015125767989836447
0.999315136460693,0.015239165160117807
0.9993192645603834,0.015265895012880115
0.9993152127457046,0.015294075905236681
0.9993044307335193,0.015414414566520485
0.9993153398760551,0.01521076264544341
0.9993145033134093,0.015197510684647142
0.9993117576655499,0.015451048207824947
0.9993123422810176,0.015484749171904788
0.9993192383856034,0.015166841787116248
0.9993135096795565,0.015410333120263076
0.9993260967721426,0.015183791329432594
0.9993070154967577,0.01540570999491031
0.9993110092105508,0.015296302092739467
0.9993102339515546,0.015546959066233157
0.9993203715641238,0.015305464422416648
0.9993174721224477,0.015398664177891597
0.9993224504216567,0.015162979481246452
0.9993111050444616,0.015401452686928607
0.9993234234921211,0.01522248298270057
0.999306138094426,0.015548615772456031
0.999319852716072,0.015148818385552154
0.9993109987553512,0.015374168736055793
0.9993138009160276,0.015436176551195224
0.9993189525350283,0.015291810612641399
0.9993077912741956,0.015374168736055793
0.9993137030723336,0.01521076264544341
0.9993170739617555,0.015239165160117807
0.9993096446480042,0.015308495166822311
0.9993213333168366,0.015191845527922077
0.9993202356278035,0.015282697832619263
0.99931185806051,0.01538732979583024
0.9993173163543081,0.01541599394596549
0.9993074959808241,0.015454496684806251
0.9993165336744152,0.015302675913379638
0.999323673072888,0.015308495166822311
0.9993247396938626,0.015183791329432594
0.9993197656566071,0.015125767989836447
0.9993147009353898,0.01529933283714513
0.9993204001324543,0.015366799776555418
0.9993204737194175,0.015265895012880115
0.9993132810613883,0.015400100352120027
0.9993000643111275,0.015493057883211314
0.9993231670763231,0.015183791329432594
0.9993083937572832,0.015548615772456031
0.9993164558458221,0.015305308298501963
0.9993165602399279,0.015419495449940257
0.9993333791093486,0.015073109834241372
0.9993132904584924,0.015353196014627812
0.9993215031452757,0.015239165160117807
0.9993091521015472,0.015448259698787936
0.9993106868949219,0.015308495166822311
0.9993195939522939,0.015305464422416648
0.9993219894226971,0.015091217769957588
0.9993068842073022,0.01553144855404831
0.9993146959695696,0.01538732979583024
0.9993067570074731,0.0153057066577853
0.999319706217919,0.015308495166822311
0.999312228642027,0.015374168736055793
0.9993155767033551,0.015305464422416648
0.9993179693797025,0.01525480861214401
0.9993165719231845,0.01533082012964826
0.9993082863150179,0.015440891806778545
0.9993121706168117,0.015416706940903246
0.9993167271798794,0.015374168736055793
0.9993296293920676,0.015144533241509883
0.9993127940961669,0.015427260083950678
0.9993240796847854,0.015180269379373001
0.9993137613098236,0.01533082012964826
0.9993190020377078,0.015353196014627812
0.9993189760293515,0.015125767989836447
0.9993164615633654,0.015302675913379638
0.9993168893408146,0.015305464422416648
0.9993162560583665,0.015114908312858333
0.9993046713505195,0.015560004289635998
0.9993163547693903,0.01521076264544341
0.9993172381050349,0.01522527149173758
0.9993180481984953,0.015088991582454803
0.9993011003417618,0.015480875862357024
0.9993145381650735,0.015197510684647142
0.9993177755521806,0.01532739489022461
0.999318295928285,0.01525480861214401
0.9993153070818098,0.015353196014627812
0.9993100686668411,0.015371380227018783
0.9993241637224516,0.015219724030726134
0.9993203561052031,0.015305464422416648
0.9993199000228526,0.015197510684647142
0.9993134838049985,0.015481960662867778
0.9993174587194533,0.015305464422416648
0.9993198268130032,0.01511682315373708
0.9993163099551993,0.015405987926455644
0.9993049535421689,0.015436176551195224
0.9993149375142875,0.015413896932257032
0.9993076961173076,0.015546959066233157
0.9993216065223214,0.015302503433957781
0.9993133130945192,0.015414414566520485
0.9993157231796606,0.015353196014627812
0.9993076145610718,0.015419495449940257
0.9993091383848901,0.015353196014627812
0.999315739648171,0.015236376651080796
0.9993176515217062,0.015296302092739467
0.9993115239307453,0.01529933283714513
0.9993184187832626,0.01538732979583024
0.9993215700018073,0.01521076264544341
0.9993009343799126,0.015461180292001053
0.999313993532221,0.015416706940903246
0.9993196553660307,0.015189057018885066
0.9993140789634346,0.015328031620611249
0.9993058693945871,0.015401452686928607
0.9993108585459196,0.015353196014627812
0.9993078203824842,0.015542536359544279
0.9993085928198983,0.015441885878147765
0.9993082179165339,0.015558499989219321
0.9993046291604961,0.015457285193843262
0.9993245575779426,0.015296302092739467
0.9993188425422045,0.015302503433957781
0.9993152016056844,0.015282697832619263
0.9993241398964066,0.01508964443962757
0.9993126458217911,0.01532739489022461
0.9993119746929284,0.015443773090240143
0.9993095109647241,0.015401452686928607
0.9993128218522664,0.015222084623417231
0.999312023024142,0.015374168736055793
0.9993085364754887,0.015449791774821087
0.9993205198945266,0.015405987926455644
0.9993084068580258,0.015454943225056361
0.999326606502896,0.015197510684647142
0.9993141406926599,0.015414414566520485
0.9993206769072099,0.015096612725090885
0.999317864381447,0.015125767989836447
0.9993078737519144,0.015350407505590802
0.9993199765933574,0.015236376651080796
0.9993045864397312,0.015451048207824947
0.9993085520813161,0.015454098325522914
0.9993163795503472,0.015265895012880115
0.9993040269817337,0.015446561599277153
0.9993076352987258,0.015278304690585998
0.9993264529003315,0.01511961166277409
0.9993127393255351,0.01522527149173758
0.9993052205747897,0.015523493924979093
0.9993102097633518,0.015294075905236681
0.9993099250693023,0.01532739489022461
0.999312611876327,0.015417203075557495
0.9993199249743475,0.015194722175610131
0.9993154189121501,0.015369477561798739
0.9993096766387581,0.015371380227018783
0.9993186365239303,0.015291810612641399
0.9993142923662927,0.015403199417418634
0.999316739973375,0.015189057018885066
0.9993121599970722,0.015427260083950678
0.9993055928191396,0.015366799776555418
0.9993218914430891,0.015350407505590802
0.9993079444974471,0.015493057883211314
0.9993198827905341,0.015160190972209442
0.9993196442269658,0.01521076264544341
0.9993152239430382,0.0153246063811876
0.9993228792616162,0.015166821561107824
0.9993217657269235,0.015282697832619263
0.9993220389173268,0.015096612725090885
0.9993110115203722,0.015427260083950678
0.9993078831747233,0.015427260083950678
0.9993244311227863,0.015162979481246452
0.9993151554394061,0.0153022775540963
0.9993224469695631,0.0153246063811876
0.9993211200499078,0.015302503433957781
0.9993208860553869,0.015302675913379638
0.9993156258072751,0.015160190972209442
0.9993133495506682,0.015291070653482564
0.9993060453864415,0.015480477503073686
0.9993159426030988,0.015349199952924053
0.9993089527087692,0.015419495449940257
0.9993130890342622,0.01533082012964826
0.9993157265951825,0.01521076264544341
0.9993228025380032,0.015145631517231806
0.9993156221245915,0.015265895012880115
0.9993125434604124,0.015353196014627812
0.99931298107631,0.015374168736055793
0.9993051091674227,0.01544578089537918
0.9993242728546354,0.015120348768672187
0.9993183284934196,0.015370981867735445
0.9993171732063839,0.01525480861214401
0.99930377174049,0.015529071529313043
0.9993224076608671,0.015222512539763144
0.9993261723872013,0.015114908312858333
0.999306351915135,0.015449791774821087
0.9993201832068114,0.015191845527922077
0.9993067719371205,0.015484749171904788
0.9993083886590307,0.015405987926455644
0.9993093113298925,0.015451048207824947
0.9993244056268404,0.015236376651080796
0.9993171805903287,0.015265895012880115
0.9993231923723869,0.015239165160117807
0.9993271373903019,0.015084498351421338
0.9993065911618632,0.015328031620611249
0.9993179687740203,0.015416706940903246
0.9993133541357393,0.015308495166822311
0.9993266593162867,0.015239165160117807
0.9993087194861963,0.015481960662867778
0.9993190914116474,0.015305464422416648
0.9993085395438032,0.015419495449940257
0.9993179292954696,0.015328031620611249
0.9993042799850239,0.015550485412200388
0.9993215891353614,0.015183298725984784
0.9993140860111376,0.01538732979583024
0.9993245184895757,0.01521076264544341
0.9993221359359928,0.01538454128679323
0.9993137220539081,0.015405987926455644
0.9993147900249643,0.015366799776555418
0.9993197214734725,0.015191845527922077
0.9993111662810634,0.015436176551195224
0.9993114746155882,0.015296302092739467
0.9993189653871457,0.015162979481246452
0.9993234775188768,0.015189057018885066
0.9993178619655817,0.015222512539763144
0.9993044550418495,0.01555571148018231
0.9993155940720957,0.01538454128679323
0.9993200785600322,0.015302503433957781
0.9993228639905661,0.015293859162519574
0.9993129884281772,0.015374168736055793
0.9993125814058162,0.015457285193843262
0.999310563210111,0.015416706940903246
0.9993211933462921,0.015239165160117807
0.9993150764445502,0.01525480861214401
0.9993212666130736,0.01525480861214401
0.9993349759506204,0.01503539896540218
0.9993097614698114,0.015457285193843262
0.9993175521704329,0.01522527149173758
0.999313118803512,0.015301250999042004
0.9993062676109558,0.015366799776555418
0.9993229612857664,0.01510038009963477
0.9993052035435231,0.015374168736055793
0.9993147050047914,0.015296302092739467
0.999321145355246,0.015191845527922077
0.9993119062973395,0.015436176551195224
0.9993291560142731,0.01511682315373708
0.9993174995998589,0.015279273165542229
0.9993249388397015,0.015144533241509883
0.9993181250648726,0.01521076264544341
0.9993178184018794,0.015182683198244895
0.9993037212875022,0.01554672365165466
0.9993066764379196,0.015457285193843262
0.9993136431359161,0.015353196014627812
0.9993059250553312,0.015427260083950678
0.9993128958359502,0.015186643200013172
0.9993235294420723,0.015197510684647142
0.9993068550425984,0.01533082012964826
0.9993153027375411,0.015405814558377529
0.9993104341193529,0.015239165160117807
0.9993202267280522,0.015239165160117807
0.9993193577663662,0.015219724030726134
0.9993165167705403,0.015405987926455644
0.999304152510417,0.015546959066233157
0.9993046348740318,0.01540810693276029
0.9993128487020861,0.01536361290823507
0.999316212622575,0.01533082012964826
0.9993131532154432,0.015282697832619263
0.9993128016814967,0.015191845527922077
0.9993156533755332,0.015290672294199226
0.9993198605346421,0.015296302092739467
0.9993289929653933,0.015083695545453857
0.9993094807232653,0.015541323082523206
0.9992990161473516,0.01553144855404831
0.9993088879316543,0.015438103297741534
0.9993201908617173,0.015265895012880115
0.9993095553959038,0.015405987926455644
0.9993221278050617,0.015282697832619263
0.9993149804893009,0.015293859162519574
0.9993169868431825,0.015081709842384328
0.9993192548890705,0.015166821561107824
0.9993187653498279,0.01525480861214401
0.999311358749989,0.015366799776555418
0.9993129281841641,0.015427260083950678
0.9993127573909708,0.015427260083950678
0.999328061303412,0.015096612725090885
0.9993204640218794,0.01525480861214401
0.9993193539184396,0.015222512539763144
0.9993077609767226,0.015427260083950678
0.9993125768687643,0.01533082012964826
0.9993129376564439,0.015484749171904788
0.9993082437096076,0.015419495449940257
0.999317781116291,0.015191845527922077
0.9993123875608536,0.015374168736055793
0.9993217571314601,0.015164033052070813
0.9993148881451946,0.015302675913379638
0.9993157169393899,0.015353196014627812
0.9993035019326929,0.015481960662867778
0.9993227978406676,0.015141744732472873
0.9993122279538774,0.015353196014627812
0.9993098766986848,0.015405987926455644
0.9993125671044659,0.0153246063811876
0.9993178878316968,0.01533082012964826
0.9993195520961076,0.01532739489022461
0.9993146927120593,0.015296302092739467
0.9993097366752938,0.015436176551195224
0.9993076982666761,0.015481960662867778
0.9993243666615632,0.015239165160117807
0.9993049186766508,0.015541014140581844
0.9993185881357083,0.015282697832619263
0.9993065565727215,0.015427260083950678
0.9993142982477515,0.01538732979583024
0.9993177060667411,0.01529612961331761
0.9993233807407883,0.015197510684647142
0.9993265116650148,0.01512632423002902
0.9993138851055051,0.015440891806778545
0.9993246408699509,0.015197510684647142
0.999316262462466,0.015236376651080796
0.9993160350669442,0.015370981867735445
0.9993104190089482,0.01525480861214401
0.9993112754082377,0.015366799776555418
0.9992913663788101,0.01556969609137493
0.9993199147382359,0.015189057018885066
0.9993187883326878,0.015183791329432594
0.999309477098256,0.015484749171904788
0.9993091609844769,0.015374168736055793
0.9993208967808257,0.015087450395413704
0.9993192642383522,0.015308495166822311
0.99931675119375,0.01521076264544341
0.9993052794882722,0.01544449573782014
0.9993204799699238,0.0153057066577853
0.9993190395427289,0.01529933283714513
0.9993177026479416,0.015166821561107824
0.9993217809269561,0.015296302092739467
0.9993108760861823,0.015405987926455644
0.9993043799135934,0.015619269681820924
0.9993254323372917,0.015219724030726134
0.9993193006359243,0.015302675913379638
0.9993202893017535,0.01533082012964826
0.9993240357440707,0.015166821561107824
0.9993123325694925,0.015424471574913667
0.9993157994735911,0.015374168736055793
0.9993083340711539,0.015440891806778545
0.9993129010940585,0.0153057066577853
0.999316678931141,0.015279510964298915
0.9993101356820244,0.015480875862357024
0.9993161773627336,0.015366799776555418
0.999315417914106,0.015328031620611249
0.9993052236548426,0.015396825596778463
0.9993089841060695,0.015445896676663295
0.9993231231168049,0.01525480861214401
0.9993164881123976,0.015350009146307464
0.9993187145505159,0.015222512539763144
0.9993145704265286,0.01532739489022461
0.999331517679801,0.015027964276088213
0.9993096097675633,0.01533082012964826
0.9993235433065396,0.015114908312858333
0.9993194741957128,0.015239165160117807
0.9993063042807707,0.015417203075557495
0.9993145069156593,0.015350407505590802
0.9993223708280637,0.015191845527922077
0.9993081057581511,0.015484749171904788
0.9993159072850322,0.01533082012964826
0.9993061410198922,0.015547111472039354
0.9993130883982463,0.015374168736055793
0.9993122087416281,0.015265895012880115
0.9993158092489887,0.015427260083950678
0.99931970347719,0.015293859162519574
0.9993173748857304,0.015265895012880115
0.9993139766851036,0.01532739489022461
0.999312508626694,0.015308495166822311
0.9993231509701296,0.015172506943841313
0.9993100912727206,0.015222512539763144
0.9993135041615988,0.01522527149173758
0.999298900631777,0.015671737684837872
0.9993062064526848,0.015414414566520485
0.9993178790343459,0.015148818385552154
0.9993274659490451,0.015189057018885066
0.9993133488002212,0.015350407505590802
0.9993214008305468,0.015181002820395584
0.9993123464537953,0.015308495166822311
0.9993155441972291,0.015293859162519574
0.9993192346739437,0.015183298725984784
0.9993062974879704,0.015446561599277153
0.9993099238532229,0.015416706940903246
0.9993211336491723,0.015181002820395584
0.9993144930167523,0.015344033684950631
0.999320306833261,0.015416308581619909
0.9993080099373476,0.015449791774821087
0.9993188494835769,0.015291810612641399
0.9993121121784202,0.015446561599277153
0.9993187837218637,0.015374168736055793
0.9993096088552395,0.015513861772026516
0.9993103614627838,0.01533082012964826
0.9993157645990878,0.015398664177891597
0.9993181707787008,0.01529933283714513
0.9993164481201678,0.015296302092739467
0.9993159975760055,0.01522527149173758
0.9993164437480642,0.01548156230358444
0.9993084302359675,0.015408040745880314
0.999316718830906,0.015371380227018783
0.9993204183339753,0.015296302092739467
0.9993134585343116,0.015671737684837872
0.9993088581973449,0.015481669366031348
0.9993084524195084,0.0155286600450113
0.9993226704663157,0.015197510684647142
0.9993169134022077,0.01525480861214401
0.9993078375562557,0.01538732979583024
0.9993135632164991,0.015302503433957781
0.9993083272506189,0.01538732979583024
0.9993226985955399,0.01522527149173758
0.9993183828914447,0.015414414566520485
0.9993235344872258,0.015191845527922077
0.9993190407863619,0.01529933283714513
0.9993208550787192,0.015125767989836447
0.999313433660134,0.015278304690585998
0.9993105791003413,0.015405987926455644
0.9993184566992068,0.015239165160117807
0.9993176088882915,0.01525480861214401
0.9993143464139751,0.015440891806778545
0.9993149185196044,0.0153057066577853
0.9993202912541692,0.015166821561107824
0.9993116280335248,0.015401452686928607
0.9993138930084966,0.015374168736055793
0.9993117317815594,0.015401452686928607
0.9993059497843039,0.015532844557805348
0.9993190472375147,0.015296302092739467
0.9993112698360568,0.015401452686928607
0.9993205421188509,0.015123814644746325
0.9993128212349645,0.015302675913379638
0.9993078839896496,0.015353196014627812
0.999312208632322,0.015408040745880314
0.9993194669713745,0.015305464422416648
0.9993103026056209,0.015484749171904788
0.999315079382697,0.015353196014627812
0.999315564214596,0.01532739489022461
0.9993174414982958,0.015191845527922077
0.9993199877067249,0.015283491426016482
0.9993263691606482,0.015129511098349369
0.9993203055712738,0.015166821561107824
0.9993161600323119,0.015457285193843262
0.9993187146921563,0.015374168736055793
0.9993153107588182,0.01522527149173758
0.9993117421222136,0.015265895012880115
0.9993187876614525,0.01529933283714513
0.999309958253563,0.015416706940903246
0.9993127916372595,0.01538732979583024
0.9993033134945805,0.015484749171904788
0.9993231663704137,0.015197510684647142
0.9993186141992044,0.015189057018885066
0.999321392478253,0.015091217769957588
0.9993145448171145,0.015353196014627812
0.9993188735461589,0.015265895012880115
0.9993162384539686,0.015239165160117807
0.999317807482674,0.01529666141320174
0.9993075491307798,0.015293859162519574
0.9993171858828573,0.015282697832619263
0.9993184134559154,0.015293859162519574
0.9993215579714907,0.015181002820395584
0.9993197057011265,0.015308495166822311
0.9993195640823275,0.015301250999042004
0.9992990568416115,0.015481960662867778
0.9993243859348231,0.015146029876515144
0.9993276777460929,0.015114908312858333
0.9993081272105632,0.015484749171904788
0.9993008688377074,0.01555571148018231
0.9993172096493452,0.015144533241509883
0.9993079348749401,0.015401452686928607
0.9993294757934779,0.015166821561107824
0.9993240184083295,0.015279909323582253
0.9993171045336358,0.015294075905236681
0.9993126489922621,0.015405987926455644
0.9993201767568393,0.01532739489022461
0.9993156227734596,0.015366799776555418
0.9993170240638792,0.015398664177891597
0.9993126797405887,0.015419495449940257
0.9993057929904656,0.015308495166822311
0.9993216413369848,0.01518045701074211
0.9993128581163523,0.01532739489022461
0.9993186612457792,0.015308495166822311
0.9993122556594284,0.015405987926455644
0.9993179916592597,0.015296302092739467
0.9993135247177023,0.01522527149173758
0.9993190248202313,0.015277562406499356
0.9993149382055206,0.015398664177891597
0.9993136838380131,0.015305464422416648
0.9993134630882318,0.015344033684950631
0.9993131796655006,0.01521076264544341
0.9993151066121206,0.015236376651080796
0.9993024963896823,0.015619269681820924
0.9993140907704872,0.01522527149173758
0.9993106344314596,0.015416685441294042
0.9993142825645184,0.015457285193843262
0.9993260563922873,0.015088546346014198
0.9993111737646404,0.015302675913379638
0.9993190322051415,0.01533082012964826
0.9993135202083178,0.015265895012880115
0.9993224917191859,0.015252020103107
0.9993041120022724,0.015548170536015427
0.9993272201097085,0.01511437947265648
0.99931707988455,0.015296302092739467
0.9993227920456482,0.0152079741364064
0.9993143607695494,0.015183791329432594
0.9993172411277551,0.015401452686928607
0.9993175830023353,0.015164033052070813
0.9993177106901105,0.01544812286416608
0.9993205157406423,0.015222084623417231
0.999309454098797,0.015446561599277153
0.9993072873771194,0.015427260083950678
0.9993129902358211,0.015239165160117807
0.9993223227475972,0.015394491709134428
0.9993227661450647,0.015180269379373001
0.999304655938339,0.015440891806778545
0.9993082035327705,0.015353196014627812
0.9993075572561592,0.015440891806778545
0.9993162878720531,0.015416706940903246
0.9993218821924643,0.015263106503843105
0.9993136741663717,0.015446561599277153
0.9993054634842831,0.01538732979583024
0.9993240959356835,0.015302675913379638
0.9993030678758852,0.015440891806778545
0.9993177509736937,0.015293859162519574
0.9993189120429483,0.01529933283714513
0.9993320281449004,0.015071158098354687
0.9993129645244013,0.01521076264544341
0.9993129222918317,0.015328031620611249
0.9993113970379103,0.015301250999042004
0.9993129412079602,0.015291810612641399
0.9993246785310327,0.015162979481246452
0.9993281767774994,0.015114908312858333
0.999316226572293,0.01532739489022461
0.9993166324790851,0.015366799776555418
0.9993171211507006,0.015148818385552154
0.9993130615455517,0.015296302092739467
0.9993126109784516,0.015348801593640715
0.9993089538441151,0.015350407505590802
0.999325218004269,0.01521076264544341
0.9993120432524886,0.015416706940903246
0.9993150588156334,0.01522527149173758
0.9993161023796264,0.015129511098349369
0.9993104668353509,0.015446561599277153
0.999315401800105,0.015366799776555418
0.9993180820832387,0.01520026775093175
0.9993188799261263,0.01522527149173758
0.9993159146185037,0.015076742450181868
0.999327167892835,0.01521076264544341
0.9993143892125036,0.015197510684647142
0.9993213326702598,0.015186122167467175
0.9993165963801218,0.015197510684647142
0.9993185056740925,0.01522248298270057
0.999323181332336,0.01521076264544341
0.9993125637835354,0.015353196014627812
0.9993178668633992,0.015301250999042004
0.9993096448323423,0.015414414566520485
0.9993162146093358,0.01533082012964826
0.9993154662967105,0.015308495166822311
0.9993195086213251,0.015112119803821322
0.9993140293480345,0.015461180292001053
0.9993186837942871,0.015401452686928607
0.9993278098262768,0.015162979481246452
0.9993123845983864,0.01521076264544341
0.9993073348799246,0.015414414566520485
0.9993068823438717,0.01544812286416608
0.9993173878450003,0.015398664177891597
0.9993238474390892,0.0152079741364064
0.9993117817581675,0.015454496684806251
0.9993139228313062,0.01522527149173758
0.9993103646588717,0.015414414566520485
0.9993201280451715,0.01532739489022461
0.9993238691651022,0.01511961166277409
0.9993130497174472,0.015535000548830169
0.9993132618407283,0.015424471574913667
0.9993185966793593,0.015222512539763144
0.9993195424178072,0.015265895012880115
0.99931725778303,0.015305464422416648
0.9993264504058376,0.015047838071902575
0.9993136384138547,0.015283491426016482
0.999307741858824,0.015493057883211314
0.9993285274192283,0.015160190972209442
0.9993203112731218,0.015186643200013172
0.999318693364914,0.01532739489022461
0.9993183404202266,0.015291810612641399
0.9993112025140753,0.01532739489022461
0.9993034557024142,0.015665249613081578
0.9993175270260886,0.015302675913379638
0.9993095917431714,0.015550485412200388
0.999302541172582,0.015671737684837872
0.9993067470886665,0.015454496684806251
0.9993070736151938,0.015480875862357024
0.9993126391401035,0.015279909323582253
0.9993133967568056,0.01521076264544341
0.9993105865577402,0.015416706940903246
0.9993124930504029,0.01532739489022461
0.9993205436373815,0.015180269379373001
0.9993214111313081,0.01524564628246683
0.9993147849921088,0.0153246063811876
0.9993240783982458,0.015222084623417231
0.9993177907456404,0.015183298725984784
0.9993072342208899,0.015296302092739467
0.999307672400758,0.01538732979583024
0.9993155674736531,0.015410333120263076
0.999307710718792,0.01544812286416608
0.9993118765549013,0.01538732979583024
0.9993125745968041,0.015374168736055793
0.9993191851535754,0.01525480861214401
0.9993203535299476,0.015296302092739467
0.9993122803654938,0.015305464422416648
0.9993148638735355,0.015294075905236681
0.9993222745966733,0.015401452686928607
0.9993127757697436,0.01532739489022461
0.9993103653319402,0.015427260083950678
0.9993241591505713,0.015194722175610131
0.9993253904446867,0.015144533241509883
0.9993112331407712,0.015353196014627812
0.9993163907972625,0.015296302092739467
0.9993152278431557,0.015365006406378612
0.999306234459556,0.015366799776555418
0.9993248960495206,0.015166821561107824
0.9993031404408135,0.01555571148018231
0.9993103056090866,0.015458391782964043
0.999309259030484,0.015414414566520485
0.9993265360391924,0.015252020103107
0.999314070769499,0.01533082012964826
0.9993273779310136,0.015148818385552154
0.9993068046845561,0.015480875862357024
0.9993103811699054,0.015265895012880115
0.9993140269234949,0.015308495166822311
0.9993088462541544,0.01544578089537918
0.9993175149739917,0.015183791329432594
0.9993152627519888,0.015183791329432594
0.9992991159441827,0.015712001348193283
0.9993242617105818,0.015189057018885066
0.999323007022247,0.015166821561107824
0.9993111700206816,0.015405987926455644
0.9993131673901854,0.015353196014627812
0.9993201422948746,0.01511961166277409
0.9993175269878747,0.015239165160117807
0.9993143002641912,0.0153246063811876
0.9993120747080375,0.015410333120263076
0.999315773340355,0.0153057066577853
0.9993134288794832,0.015452017962323872
0.9993185934051974,0.015350407505590802
0.9993128760555778,0.015293859162519574
0.999308450560342,0.015366799776555418
0.9993193205013393,0.015219724030726134
0.9993268477283919,0.015144533241509883
0.9993146089754116,0.015480477503073686
0.9993101846678818,0.015394491709134428
0.9993061415393538,0.015452017962323872
0.9993247697572906,0.01522248298270057
0.9993141664146644,0.015197510684647142
0.9993206002165583,0.015364011267518407
0.9993253395861437,0.015144533241509883
0.9993060567887432,0.015547111472039354
0.99931185904925,0.015197510684647142
0.999314790684962,0.015263106503843105
0.9993162545700355,0.015427260083950678
0.999308078480346,0.015366799776555418
0.999326809535363,0.01503818747443919
0.9993256311602194,0.015302675913379638
0.9993179156572393,0.015370981867735445
0.9993173860877247,0.01532739489022461
0.9993299852067956,0.015081709842384328
0.9993090466710418,0.01528133543499166
0.9993108598868296,0.015484749171904788
0.9993130759240153,0.015401452686928607
0.999323156983511,0.01525480861214401
0.9993101540844254,0.015405987926455644
0.9993162242434184,0.01536361290823507
0.9993163071549085,0.015353196014627812
0.9993056118956068,0.015484749171904788
0.9993159123795915,0.01521076264544341
0.9993117594648468,0.015454496684806251
0.999314191591342,0.01532739489022461
0.9993201917952913,0.01533082012964826
0.999310019918415,0.015364011267518407
0.9993099099471934,0.01533082012964826
0.9993212165900847,0.015148818385552154
0.9993154363979124,0.01533082012964826
0.9993081606299297,0.01540810693276029
0.9993165419929585,0.015366799776555418
0.9993216255532853,0.015148818385552154
0.9993085681417864,0.015302675913379638
0.999310599523944,0.01538732979583024
0.9993202997001345,0.015219724030726134
0.9993047674010176,0.015484749171904788
0.9993196682060879,0.015191845527922077
0.9993121720975306,0.015350407505590802
0.999308549213712,0.015446561599277153
0.9993120000848772,0.015189431709050183
0.9993185986423667,0.01511961166277409
0.9993187776571872,0.015294075905236681
0.9993206144552274,0.015164033052070813
0.999312752867171,0.015417203075557495
0.9993157718274959,0.015282697832619263
0.9993194191886468,0.01538732979583024
0.999314341032936,0.015374168736055793
0.9993217654807582,0.01522527149173758
0.9993099789169455,0.01544812286416608
0.9993226994866652,0.015271984802165406
0.9993171590268928,0.015291810612641399
0.9993171704176915,0.01532739489022461
0.9993286729956065,0.015162979481246452
0.9993170774956553,0.015405987926455644
0.9993201777942433,0.01538732979583024
0.9993157227806198,0.015265895012880115
0.9993181805089584,0.015353196014627812
0.9993138357236826,0.015350407505590802
0.9993147187981751,0.015366799776555418
0.9993102507502333,0.015490269374174304
0.9993168914222363,0.015308495166822311
0.9993137885920044,0.015282697832619263
0.9993299782328937,0.015135370911832702
0.9993203662866558,0.01522248298270057
0.9993098685186109,0.01529933283714513
0.9993210921343412,0.01511961166277409
0.9993099506462408,0.015528261685727962
0.9993231359926738,0.01529933283714513
0.9993168322239777,0.01538732979583024
0.9993058253548774,0.015424471574913667
0.9993210287757378,0.015263106503843105
0.9993123835809468,0.01533082012964826
0.9993216172932982,0.015162979481246452
0.9993216644985085,0.015265895012880115
0.9993173396832191,0.015366799776555418
0.9993212456356069,0.015293859162519574
0.9993073637750547,0.015374168736055793
0.9993226234403298,0.015191845527922077
0.9993168227691301,0.01522527149173758
0.9993197909727154,0.015265895012880115
0.9993140767647426,0.01522527149173758
0.9993211406081883,0.01511044933309691
0.9993256609863291,0.01516828868336706
0.9993220531090345,0.015194722175610131
0.9993138463384802,0.01544449573782014
0.9993159275575343,0.015239165160117807
0.9993198242309949,0.015239165160117807
0.9993187112125508,0.015349199952924053
0.9993166016057907,0.015440891806778545
0.9993091481628577,0.015461180292001053
0.9993049138704256,0.015530782288355915
0.9993115453649266,0.015416706940903246
0.999311307659089,0.015308495166822311
0.9993155825839766,0.015191845527922077
0.999319006726835,0.015267203918944539
0.9993216416234858,0.01522248298270057
0.9993204343145659,0.015252020103107
0.9993010519054263,0.015438103297741534
0.9993243956925842,0.015292088669364823
0.9993120410293744,0.01525480861214401
0.9993202795683737,0.015319431612468293
0.9993150992552272,0.015265895012880115
0.9993127565274353,0.015283491426016482
0.9993178251556923,0.015283491426016482
0.99931841246945,0.015265895012880115
0.9993194875708481,0.015282697832619263
0.9993050798447022,0.015419495449940257
0.9993251769752582,0.015073109834241372
0.9993200414096858,0.015279273165542229
0.99931108741952,0.015451048207824947
0.9993174306336813,0.015144533241509883
0.9993121476034029,0.015398664177891597
0.9993117735283246,0.0153022775540963
0.9993205231928632,0.01529933283714513
0.9993139451051327,0.015408040745880314
0.9993095103578672,0.015374168736055793
0.9993243574406576,0.015183791329432594
0.9993156652270635,0.015302503433957781
0.9993096560261358,0.015427260083950678
0.9993207164571818,0.015170350952816491
0.9993146045341577,0.01538732979583024
0.9993241927783313,0.015296302092739467
0.9993101484596165,0.015350407505590802
0.9993106093600977,0.015305291942994792
0.9993152118548407,0.015366799776555418
0.9993136950484687,0.015282697832619263
0.9993109345245249,0.015265895012880115
0.9993074403936864,0.01538732979583024
0.9993141984616376,0.01525480861214401
0.9993138277004145,0.01533082012964826
0.9993127693400328,0.015446561599277153
0.9993247287703242,0.015162979481246452
0.9993214314987153,0.015293859162519574
0.9993190699246345,0.015291810612641399
0.9993172131793644,0.01522248298270057
0.9993128742083573,0.015423888475994296
0.9993126495296587,0.015183791329432594
0.9993121871730771,0.015457285193843262
0.9993214113674161,0.015265895012880115
0.9993261722664573,0.015164033052070813
0.9993143057636117,0.01533082012964826
0.9993110402091481,0.015296302092739467
0.9993218721395487,0.015162623526641994
0.9993175817939122,0.015427260083950678
0.9993148372620919,0.01532739489022461
0.9993092983779208,0.015414414566520485
0.9993135226819859,0.015353196014627812
0.9993213768927,0.0153057066577853
0.9993142445689669,0.015162979481246452
0.9993146076084947,0.015305464422416648
0.999316627264487,0.015291810612641399
0.9993093429260751,0.015546959066233157
0.9993124525926788,0.015374168736055793
0.9993121841590071,0.015364011267518407
0.9993136213152648,0.015197510684647142
0.9993184946924916,0.015282697832619263
0.9993121956305605,0.015416706940903246
0.9993242157765567,0.015148818385552154
0.9993124088959596,0.01544812286416608
0.9993170652753735,0.015366799776555418
0.999318810023243,0.015302503433957781
0.9993100354530992,0.015535000548830169
0.9993298355434873,0.015125767989836447
0.9993112548779813,0.015461180292001053
0.9993128085044058,0.015403199417418634
0.9993252121613245,0.015163634692787475
0.9993184971773997,0.01521076264544341
0.9993196243708027,0.015091217769957588
0.9993211114564688,0.015302675913379638
0.9993189637085118,0.015301320711854416
0.9993142436031478,0.015308495166822311
0.9993214064473661,0.01518834835496996
0.9993234967497677,0.015239165160117807
0.9993162793731232,0.015414414566520485
0.9993125329517237,0.015440891806778545
0.9993220616752704,0.01511961166277409
0.9993183414061496,0.01522527149173758
0.999323651026024,0.015197510684647142
0.9993048417664516,0.015416706940903246
0.9993085672556253,0.015296302092739467
0.9993121938493337,0.015384142927509892
0.9993122769675632,0.015282697832619263
0.999329996960919,0.01510038009963477
0.9993229525631634,0.015216109162060398
0.9993100880622588,0.015554404473097527
0.9993053320798249,0.015457285193843262
0.9993190470240986,0.015296302092739467
0.9993193498774045,0.015125767989836447
0.9993116877148903,0.015252020103107
0.9993111580509534,0.015419495449940257
0.9993123943838561,0.0153057066577853
0.9993157699235401,0.015302675913379638
0.9993138621440237,0.015305308298501963
0.9993175018541338,0.015282697832619263
0.9993122706703725,0.015451048207824947
0.9993162995526083,0.015144533241509883
0.9993152599201188,0.01528133543499166
0.9993154546097478,0.015148818385552154
0.999324912219247,0.015350407505590802
0.9993134875283626,0.0153246063811876
0.9993050593613457,0.01538732979583024
0.9993162038774499,0.015483664371394035
0.9993073817174527,0.015461180292001053
0.9993130810019029,0.015410333120263076
0.9993154956670296,0.015452017962323872
0.9993199203990255,0.015265895012880115
0.999312890935894,0.015443773090240143
0.999323778297706,0.015182683198244895
0.999312330796243,0.015293859162519574
0.999317350176081,0.015291810612641399
0.9993163542492153,0.01510038009963477
0.9993068772138921,0.015405987926455644
0.9993101193715068,0.015481960662867778
0.9993015790775209,0.015535000548830169
0.999326856103195,0.015181002820395584
0.9993061439524152,0.015541323082523206
0.9993091495130846,0.015350407505590802
0.9993138593526734,0.015353196014627812
0.9993168338931769,0.015291810612641399
0.9993120090514821,0.01538732979583024
0.9993103376880424,0.015416308581619909
0.9993084795503752,0.015454496684806251
0.999314689728043,0.01528133543499166
0.9993129172351849,0.015302675913379638
0.9993123006383574,0.01533082012964826
0.9993029961817633,0.015481960662867778
0.9993100808288764,0.015362780218875827
0.999305990389651,0.015416685441294042
0.9993141958586322,0.015366799776555418
0.9993065932728407,0.015543319735455086
0.9993117511160996,0.01532739489022461
0.9993139841624821,0.015294075905236681
0.9993177376313729,0.015296302092739467
0.9993050838936409,0.015616481172783914
0.999316720228257,0.015416685441294042
0.9993153639935232,0.015349199952924053
0.9993119922385787,0.015396825596778463
0.9993147344783367,0.015305464422416648
0.9993098888616229,0.01548156230358444
0.9993122052125684,0.01538732979583024
0.9993182121654876,0.015183791329432594
0.9993138218979621,0.015293859162519574
0.9993247778140458,0.015084498351421338
0.999318307841986,0.015291070653482564
0.9993077344475192,0.015405987926455644
0.9993059558881916,0.015291810612641399
0.9993110477102854,0.015401452686928607
0.9993114256084894,0.015413896932257032
0.9993119098125202,0.015414414566520485
0.9993099183784732,0.015401452686928607
0.99930722334773,0.015405814558377529
0.9993200738626523,0.01522527149173758
0.9993142048233459,0.015265895012880115
0.999309899858038,0.015417203075557495
0.9993134740454503,0.01521076264544341
0.9993228922222056,0.015084498351421338
0.9993209245012836,0.015305308298501963
0.9993232346056763,0.015148818385552154
0.9993100156635328,0.015305464422416648
0.9993215105056297,0.01529933283714513
0.9993155949028353,0.015305464422416648
0.9993078958094336,0.01533082012964826
0.9993237746032881,0.01510038009963477
0.9993042345207518,0.015619269681820924
0.9993085478757292,0.015454496684806251
0.9993330728848838,0.015084498351421338
0.9993065069908594,0.015305308298501963
0.9993188282517415,0.015293859162519574
0.9993081527103488,0.015417203075557495
0.9993097774516448,0.0153057066577853
0.9993167332615863,0.015419495449940257
0.9993037889468076,0.015461180292001053
0.9993154731244502,0.015302675913379638
0.9993199363378529,0.015239165160117807
0.9993259082130466,0.01522527149173758
0.9993180210564916,0.015183298725984784
0.9993261153345305,0.015148818385552154
0.9993183044215057,0.015305464422416648
0.9993071731959275,0.015461180292001053
0.999316914506056,0.015305464422416648
0.9993109727472304,0.01532739489022461
0.9993150985127264,0.015401452686928607
0.9993092469079831,0.015402801058135296
0.9993111674533576,0.015302675913379638
0.9993124753216972,0.01533082012964826
0.999320207318419,0.015222512539763144
0.9993188155796514,0.01533082012964826
0.9993066678254897,0.01544812286416608
0.9993107981819271,0.015414414566520485
0.9993229979716248,0.015118122581169402
0.9993232823755175,0.015182683198244895
0.9993100763159568,0.01538732979583024
0.9993137978637541,0.01533082012964826
0.9993237104102612,0.015072664597800767
0.9993251027259507,0.015305464422416648
0.9993249585582575,0.015189057018885066
0.9993150835399712,0.015424669927344148
0.9993183400440768,0.015239165160117807
0.9993165057372795,0.015291810612641399
0.9993145060727645,0.015396825596778463
0.9993080623226824,0.0153022775540963
0.9993234161967741,0.015158787588626765
0.999315575484073,0.015308495166822311
0.9993234351606283,0.015279909323582253
0.9993162203199747,0.015296302092739467
0.9993135505838839,0.01532739489022461
0.9993173175535197,0.015353196014627812
0.9993199148325408,0.015191845527922077
0.9993254018417707,0.015162979481246452
0.9993180354698984,0.015191845527922077
0.9993083892980905,0.015414414566520485
0.9993093034333416,0.015374168736055793
0.9993168718594458,0.015305308298501963
0.9993140002155991,0.015321657799971078
0.9993079276371925,0.015415426330330106
0.9993164954651949,0.01522527149173758
0.9993083287052774,0.015296302092739467
0.9992968292980717,0.01566894917580086
0.9993155761052657,0.015305464422416648
0.9993155871439121,0.015181002820395584
0.9993229427420777,0.015353196014627812
0.9993124595513647,0.01532739489022461
0.9993228403496123,0.01511961166277409
0.9993241428209366,0.015222512539763144
0.9993165349686586,0.015297106649642345
0.999304353274004,0.01538732979583024
0.9993162370081167,0.01521076264544341
0.999319883276097,0.015162979481246452
0.9993076299698779,0.015427260083950678
0.9993150614578864,0.01529933283714513
0.9993103025396455,0.01533082012964826
0.9993078585063965,0.015416706940903246
0.9993109622745858,0.01532739489022461
0.9993207065321864,0.015047838071902575
0.9993184445345428,0.015294075905236681
0.9993161462262541,0.015480875862357024
0.9993123937029964,0.015366799776555418
0.9993228345772696,0.015293859162519574
0.9993105841874537,0.015392199334751666
0.9993189488888109,0.015405987926455644
0.9993142561946073,0.015265895012880115
0.999318568401642,0.015239165160117807
0.9993123747041669,0.015186122167467175
0.9993107926611897,0.01533082012964826
0.9993197747912677,0.015182683198244895
0.9993170728752617,0.01522248298270057
0.9993207086671821,0.015265895012880115
0.9993255132740592,0.015216109162060398
0.9993137222461297,0.015293630668796077
0.9993154261745207,0.015197510684647142
0.9993176486332876,0.015256732683202934
0.9993031546079469,0.015481960662867778
0.9993106349970392,0.015457285193843262
0.9993135893913329,0.015401452686928607
0.9993162724015431,0.015366799776555418
0.9993117503699671,0.01538732979583024
0.9993184750852444,0.015129511098349369
0.9993162977943723,0.015308495166822311
0.9993167131278079,0.01538732979583024
0.9993188837571896,0.015296302092739467
0.9993064455632733,0.015416308581619909
0.9993112422826693,0.015451048207824947
0.9993195073209096,0.01533082012964826
0.9993073375243539,0.015449791774821087
0.9993238574735499,0.015350009146307464
0.9993212577439617,0.015148818385552154
0.9993131795342578,0.015416685441294042
0.9993068749313625,0.01533082012964826
0.9993091343023024,0.015353196014627812
0.9993127094829776,0.015282697832619263
0.9993199814048306,0.01522248298270057
0.9993100510975432,0.015523493924979093
0.9993074390731891,0.015440891806778545
0.9993103142048392,0.015417203075557495
0.999331309680031,0.015139656055874973
0.9993211187264924,0.01508964443962757
0.9993110829755865,0.015415426330330106
0.9993173991565351,0.01525480861214401
0.9993209198092816,0.015252020103107
0.9993276952870273,0.0152079741364064
0.9993160996038095,0.015294075905236681
0.9993220778131973,0.01510038009963477
0.999305092517038,0.015401452686928607
0.9993077922004511,0.015398664177891597
0.9993184179168907,0.015374168736055793
0.9993198673659779,0.015308495166822311
0.9993035153352133,0.015481960662867778
0.9993225034785184,0.015263106503843105
0.9993126478968982,0.015305464422416648
0.9993076687231152,0.015308495166822311
0.9993107482128383,0.015371380227018783
0.9993058816608933,0.015401452686928607
0.999309580586893,0.015405987926455644
0.9993117818040528,0.015419495449940257
0.999320492254436,0.01529933283714513
0.9993186286371594,0.015282697832619263
0.9993207574725108,0.015265895012880115
0.9993135318460526,0.015419495449940257
0.9993172822578955,0.015351988461961064
0.9993085270330823,0.015440891806778545
0.9993034122734153,0.015541323082523206
0.9993252472883112,0.0152079741364064
0.9993195831520622,0.015129511098349369
0.9993204098657835,0.015183791329432594
0.9993198895961787,0.015362780218875827
0.9993269313288176,0.015191845527922077
0.9993206070680309,0.01522248298270057
0.9993138523886376,0.015162979481246452
0.9993173438797138,0.015353196014627812
0.9993108830546713,0.015481960662867778
0.9993240437931793,0.015125767989836447
0.9993124954361234,0.015308495166822311
0.9993109965781035,0.015416685441294042
0.9993099022139653,0.01522527149173758
0.9993149258124036,0.015194722175610131
0.9993273191227499,0.01511961166277409
0.9993119101052697,0.015194722175610131
0.9993100109456918,0.015384142927509892
0.9993065998455001,0.015427260083950678
0.9993254146954731,0.01511961166277409
0.9993154394016049,0.01529933283714513
0.9993033112382347,0.01553144855404831
0.9993092596952725,0.0153057066577853
0.9993203902103431,0.015144533241509883
0.999319921445184,0.015280460681610819
0.9993163072718282,0.015265895012880115
0.9993143814359088,0.015405814558377529
0.9993036992480303,0.015454496684806251
0.999301117505027,0.015550841959958817
0.999323180619387,0.015148818385552154
0.9993127827938971,0.015560004289635998
0.9993119135055585,0.015427260083950678
0.9993106580127166,0.015374168736055793
0.9993150690670255,0.0153057066577853
0.9993207698820114,0.015350407505590802
0.9993227092053941,0.015183791329432594
0.9993038911403657,0.015410333120263076
0.9993167817206873,0.015282697832619263
0.9993252142681239,0.01508685593059056
0.9993091595510055,0.015416706940903246
0.9993123887587277,0.015353196014627812
0.9993090098245908,0.015353196014627812
0.9993106659623747,0.015398664177891597
0.9993146699823272,0.015144533241509883
0.9993106062150914,0.015308495166822311
0.9993197716050258,0.015181002820395584
0.999309139519627,0.015557215780598987
0.9993134956826697,0.015191845527922077
0.9993063490581933,0.015446561599277153
0.9993206417616417,0.015162979481246452
0.9993095914420513,0.015350407505590802
0.9993116864085236,0.015547111472039354
0.9993146399860449,0.015265895012880115
0.9993153672839169,0.015305464422416648
0.9993139623477895,0.01533082012964826
0.9993170275596797,0.01533082012964826
0.9993132277754765,0.01529933283714513
0.999315068457423,0.01522248298270057
0.9993122237168743,0.015293859162519574
0.9993203681303376,0.015146029876515144
0.9993186247997726,0.015350407505590802
0.9993180608373067,0.015302675913379638
0.9993224792540709,0.015181002820395584
0.9993061589804182,0.015350407505590802
0.9993183122798134,0.015305291942994792
0.9993118550385989,0.015366799776555418
0.9993152107031289,0.015293903425814825
0.9993094156372432,0.015366799776555418
0.9993179533943074,0.015160190972209442
0.9993089453761127,0.015302675913379638
0.9993082255728578,0.015530782288355915
0.9993075216003832,0.01553144855404831
0.9993038484779623,0.015535000548830169
0.9993139617872067,0.015279909323582253
0.9993202672806887,0.015219724030726134
0.9993127644157251,0.015305464422416648
0.9993098651571185,0.015296302092739467
0.9993201158815805,0.015129511098349369
0.9993187318285961,0.015350407505590802
0.999314080625902,0.015366799776555418
0.9993109611985262,0.01532739489022461
0.9993349160959907,0.015096612725090885
0.9993171198345222,0.015350407505590802
0.9993094920714031,0.015454496684806251
0.9993149311393363,0.01529933283714513
0.9993104734816417,0.015454496684806251
0.9993118441616612,0.01532739489022461
0.9993093178288419,0.015436176551195224
0.9992975626959395,0.015440891806778545
0.9993161541458717,0.015308495166822311
0.9993218715967366,0.015114908312858333
0.999306113458028,0.015438103297741534
0.9993108932165591,0.01538732979583024
0.999324193935175,0.015197510684647142
0.9993192070988972,0.015405987926455644
0.9993049006943403,0.015451048207824947
0.9993249730923824,0.015197510684647142
0.9993185326599164,0.015353196014627812
0.99930762249515,0.015308495166822311
0.9993122790207408,0.015219724030726134
0.9993126804898325,0.015239165160117807
0.9993137706108315,0.015197510684647142
0.9993098856380236,0.015265895012880115
0.9993235850148469,0.015308495166822311
0.999324733207257,0.01529933283714513
0.9993145812840108,0.01529933283714513
0.9993214102803528,0.015294075905236681
0.9993045253484608,0.015443773090240143
0.9993161983722888,0.01525480861214401
0.9993063894764203,0.01554933765954214
0.9993117474031841,0.015353196014627812
0.999315413229405,0.015405987926455644
0.9993122456290328,0.015308495166822311
0.9993191390438201,0.015293859162519574
0.999314993499015,0.015414414566520485
0.9993167490822047,0.01522527149173758
0.9993124132173666,0.015454943225056361
0.999330299274095,0.015114908312858333
0.9993085091865759,0.01533082012964826
0.9993166155724776,0.015189057018885066
0.9993152851876348,0.015197510684647142
0.9993166692547758,0.015296302092739467
0.999313643693658,0.015454496684806251
0.9993118096777642,0.015416706940903246
0.9993221605682465,0.015125767989836447
0.9993306521358332,0.01503134361276004
0.9993194435324918,0.01525480861214401
0.9993107696856777,0.015484749171904788
0.9993095018559134,0.015349199952924053
0.9993149672715261,0.015416685441294042
0.999315919800079,0.015374168736055793
0.999307921496912,0.015191845527922077
0.9993154559737956,0.015296302092739467
0.9993158751537679,0.015366799776555418
0.9993224549396651,0.015294075905236681
0.9993081635888208,0.015401452686928607
0.9993266639144157,0.015166821561107824
0.9993134657423047,0.015222084623417231
0.9993203644920541,0.015302675913379638
0.999324074687394,0.015141744732472873
0.99932354615736,0.015296302092739467
0.9993185061458186,0.015374168736055793
0.9993210970743562,0.015280460681610819
0.9993139094633007,0.015222512539763144
0.9993243375039608,0.015222512539763144
0.999316430070746,0.015265895012880115
0.999303205531856,0.015546959066233157
0.9993073524512487,0.01553134025738867
0.999304624905749,0.01553144855404831
0.9993089302605734,0.015451048207824947
0.9993150866955876,0.015446561599277153
0.9993094096548916,0.015374168736055793
0.9993082291832582,0.015443773090240143
0.9993129334643308,0.015416308581619909
0.9993220732271677,0.015155433043927857
0.9993158050307289,0.015405987926455644
0.9993115600615259,0.015410333120263076
0.9993137302970303,0.015239165160117807
0.9993084598322857,0.015481960662867778
0.9993124514640539,0.015353196014627812
0.9993145292555298,0.015308495166822311
0.9993108404150314,0.015419495449940257
0.9993147385516208,0.015265895012880115
0.9993201893363345,0.015366799776555418
0.9993126066926871,0.015239165160117807
0.9993165585967508,0.015353196014627812
0.9993186393744327,0.015194722175610131
0.99932211379838,0.015301250999042004
0.9993210300178325,0.01522527149173758
0.9993176557634968,0.015265895012880115
0.999322681277849,0.015114908312858333
0.9993096217346753,0.015414016207237147
0.9993222612675905,0.01526400069511702
0.9993155916464571,0.015191845527922077
0.999316400723883,0.015277562406499356
0.9993207397410047,0.01532739489022461
0.9993179985715077,0.01532739489022461
0.999313291270347,0.015374168736055793
0.9993179337510122,0.015263106503843105
0.9993127114537881,0.01525480861214401
0.9993133978597873,0.015374168736055793
0.9993322836457921,0.01503134361276004
0.9993220833718877,0.01522248298270057
0.9993127689928943,0.015197510684647142
0.9993130963782327,0.015265895012880115
0.999316525609459,0.015416308581619909
0.9993251676164898,0.015146029876515144
0.9993199652196386,0.015265895012880115
0.9993112905243206,0.015483664371394035
0.9993056949918072,0.015405987926455644
0.9993120924125793,0.015403199417418634
0.9993169151387362,0.015279909323582253
0.9993115093350945,0.015417203075557495
0.9993215006980668,0.01522248298270057
0.9993089004109634,0.015321657799971078
0.999310989265817,0.015405987926455644
0.9993227608086934,0.015125767989836447
0.999302464157773,0.01538454128679323
0.9993134281307049,0.01532739489022461
0.9993038492572842,0.015656087283404396
0.9993011467096746,0.015480875862357024
0.9993178585788524,0.015294075905236681
0.9993023036605151,0.015530782288355915
0.9993211785079933,0.01525480861214401
0.9993180708354299,0.015350407505590802
0.9993146825128183,0.015416706940903246
0.9993135198615556,0.015419495449940257
0.9993136998697855,0.015349199952924053
0.9993253684068444,0.015148818385552154
0.9993245155609699,0.015125767989836447
0.9993210791795948,0.015194722175610131
0.9993137658187056,0.015293859162519574
0.9993150038959607,0.015166821561107824
0.9993112589476626,0.015362780218875827
0.9993187478577206,0.01522248298270057
0.9993198488962108,0.01522527149173758
0.9992988801759043,0.015440891806778545
0.9993122060084987,0.01533082012964826
0.9993209703918583,0.015162979481246452
0.9993073430067477,0.015366799776555418
0.9993068421062659,0.01529933283714513
0.9993117926887676,0.015410333120263076
0.9993187669559134,0.015282697832619263
0.9993185408160038,0.015305464422416648
0.9993171220043512,0.015405987926455644
0.9993136630903166,0.015308495166822311
0.9993076654158951,0.01529612961331761
0.9993144802281155,0.01521076264544341
0.9993109789000865,0.01538732979583024
0.9993143495260635,0.015328031620611249
0.9993149730416279,0.015282697832619263
0.9993160345403513,0.015364011267518407
0.9993038292248586,0.015440891806778545
0.9993079778421483,0.015443773090240143
0.999314660577558,0.015351988461961064
0.9993125443665394,0.015419495449940257
0.9993061574799537,0.015427260083950678
0.9993117086785938,0.015405987926455644
0.9993078565969521,0.015427260083950678
0.9993188667077757,0.015440891806778545
0.9993062314951606,0.015529071529313043
0.9993075911633198,0.015541815435038409
0.9993207378546652,0.015308495166822311
0.9993150309516642,0.015419495449940257
0.9993301533710275,0.015073220367804119
0.999311616239788,0.01538732979583024
0.9993175251065131,0.015297106649642345
0.999317222355587,0.015302675913379638
0.9993238286453762,0.015189431709050183
0.9993250206116493,0.01507537635882894
0.9993117576413408,0.015366799776555418
0.9993126807165006,0.015166821561107824
0.999311974506109,0.015403199417418634
0.9993176788790696,0.015302675913379638
0.999326382077723,0.015164033052070813
0.9993246713354417,0.015197510684647142
0.9993064693478558,0.015414414566520485
0.9993106719789867,0.015401452686928607
0.9993239719501082,0.015129511098349369
0.9993154363425334,0.01538732979583024
0.9993119687397976,0.01533082012964826
0.9993257151430015,0.015293859162519574
0.9993111407171759,0.015282697832619263
0.9993167619589207,0.0153057066577853
0.9993190194452677,0.015162979481246452
0.9993242310175334,0.015099592148311913
0.9993140670202761,0.015454496684806251
0.999311575986543,0.015353196014627812
0.9993104401726778,0.015414414566520485
0.9993125343634126,0.015416706940903246
0.9993184768210489,0.015419495449940257
0.9993169412481955,0.015239165160117807
0.9993158012999399,0.015416308581619909
0.9993117196030481,0.015374168736055793
0.9993263874385093,0.01507037014703183
0.9993112051100854,0.015366799776555418
0.9993153085137704,0.015365006406378612
0.9993210249168956,0.015349199952924053
0.9993147487747516,0.015419495449940257
0.9993189827849156,0.015364011267518407
0.99931247330653,0.015416706940903246
0.9993170714447639,0.01522527149173758
0.999309151996508,0.015419495449940257
0.9993252581060909,0.01508964443962757
0.9993222294414587,0.015265895012880115
0.9993017186128771,0.015483664371394035
0.9993163898816193,0.01522248298270057
0.9993125705408824,0.015445896676663295
0.9993069976244011,0.015440891806778545
0.9993113777188513,0.015302503433957781
0.9993157485875706,0.01529933283714513
0.9993205618666792,0.015282697832619263
0.9993195778968699,0.015265895012880115
0.9993114678208213,0.015416706940903246
0.9993144011606437,0.015416706940903246
0.9993090953852114,0.015451048207824947
0.9993215912733663,0.01521076264544341
0.9993116647699908,0.015304109220891426
0.9993203989166495,0.01529933283714513
0.9993193415970427,0.015297106649642345
0.9993168204820662,0.015353196014627812
0.9993112768280481,0.015308495166822311
0.9993190367652707,0.015047838071902575
0.9993161983890146,0.01529933283714513
0.9993122010928296,0.015277562406499356
0.999317715925403,0.0153057066577853
0.9993083261714955,0.015416706940903246
0.9993125156677953,0.015405987926455644
0.9993204861120254,0.01529933283714513
0.9993147866912482,0.015350407505590802
0.9993156511765798,0.01533082012964826
0.9993115599480668,0.015401452686928607
0.999315169819264,0.0153246063811876
0.9993190645177822,0.01538732979583024
0.9993119025640018,0.01533082012964826
0.999314133276405,0.01529933283714513
0.9993144867334921,0.015438103297741534
0.9993148118126226,0.015239165160117807
0.9993116171655779,0.015401452686928607
0.9993175990430343,0.015239165160117807
0.9993144682444652,0.01521076264544341
0.9993234256216799,0.015194722175610131
0.9993058651306485,0.015446561599277153
0.999316173575793,0.015293859162519574
0.9993153072845383,0.01538732979583024
0.9993278757888678,0.01522248298270057
0.9993161750620301,0.015189057018885066
0.9993203856010954,0.01522527149173758
0.999316909622004,0.01522248298270057
0.9993104463781054,0.015308495166822311
0.9993124977647776,0.015282697832619263
0.9993116472697121,0.015308495166822311
0.9993118135502737,0.015374168736055793
0.9993157194991794,0.015265895012880115
0.9993039549472396,0.01532739489022461
0.9993166445045127,0.015236376651080796
0.9993180764606202,0.015271984802165406
0.9993075339605014,0.015484749171904788
0.9993145768308941,0.01533082012964826
0.999315632464946,0.015265895012880115
0.999328707434631,0.01521076264544341
0.999305056542629,0.015427260083950678
0.9993233189691776,0.015222512539763144
0.9993022233144575,0.015457285193843262
0.9993126872812088,0.015296302092739467
0.9993286316750702,0.015174628999755413
0.9993226086117396,0.015305464422416648
0.9993076614757341,0.015305464422416648
0.9993043207342622,0.015427260083950678
0.9993040922639063,0.015457285193843262
0.9993159003243939,0.015305464422416648
0.9993150805972593,0.015414414566520485
0.9993185550024108,0.015144533241509883
0.9993165377749785,0.015265895012880115
0.9993085888344903,0.015396825596778463
0.9992963470332631,0.015750185201725664
0.9993141393581738,0.015452017962323872
0.9993208212883832,0.01521076264544341
0.999316241614449,0.01538454128679323
0.999320534430055,0.015305308298501963
0.9993128070808983,0.015366799776555418
0.9993163546764263,0.015252020103107
0.9993121394058879,0.015414414566520485
0.9993139201814653,0.015239165160117807
0.9993184597184406,0.01528133543499166
0.9993145129779423,0.015321657799971078
0.9993239882754555,0.015027964276088213
0.9993095180901261,0.015405987926455644
0.9993184616472478,0.015366799776555418
0.9993167029839569,0.015282697832619263
0.9993222557591497,0.015162979481246452
0.9993107801766923,0.015419495449940257
0.9993235091988613,0.015265895012880115
0.9993171631105564,0.015197510684647142
0.9993234411043251,0.015301250999042004
0.9993246831165649,0.015162979481246452
0.9993173422331472,0.01525480861214401
0.9993036408752003,0.015688414880134616
0.9993152898504422,0.015350407505590802
0.9993147739710193,0.015374168736055793
0.9993193753217081,0.015265895012880115
0.9993197241173691,0.015282697832619263
0.9993153333011683,0.01538732979583024
0.9993036823915672,0.015597762137377735
0.9993228090528127,0.015183791329432594
0.9993238740481445,0.015191845527922077
0.9993202263003377,0.015181002820395584
0.9993326391668748,0.01509245193094344
0.9993063900111471,0.015481960662867778
0.9993128596558034,0.01529933283714513
0.9993155102085904,0.015416706940903246
0.9993201323381385,0.015197510684647142
0.9993164834494208,0.015296302092739467
0.9993151409277085,0.01532739489022461
0.999324930254257,0.015164033052070813
0.9993206394080035,0.015294075905236681
0.9993125194993742,0.01521076264544341
0.9993068841294019,0.015427260083950678
0.9993238926496303,0.01525480861214401
0.9993133218178657,0.015416706940903246
0.9993237355488392,0.015265895012880115
0.9993086324214049,0.015398038082670595
0.9993128741848872,0.015416308581619909
0.9993152264840315,0.015282697832619263
0.9993203069802438,0.015282697832619263
0.9993140777468427,0.01529933283714513
0.9993155578443688,0.015366799776555418
0.9993158447417491,0.015353196014627812
0.9993188423935488,0.015162979481246452
0.9993117673997005,0.015265895012880115
0.9993215355691797,0.015308495166822311
0.9993108490591237,0.015489871014890966
0.9993203288664751,0.015350407505590802
0.9993218293864334,0.015083695545453857
0.9993171625336121,0.01525480861214401
0.9993131395738917,0.015293859162519574
0.9993175457077574,0.01522527149173758
0.999310192621939,0.015405987926455644
0.9993124534651499,0.0153246063811876
0.9993290988036451,0.015144533241509883
0.9993092710656962,0.01538732979583024
0.9993095732392907,0.015353196014627812
0.9993214685322092,0.0152079741364064
0.9993149705500901,0.01533082012964826
0.9993195749591238,0.015191845527922077
0.9993197289135985,0.015197510684647142
0.9993189510630619,0.015191845527922077
0.9993137897309398,0.015452017962323872
0.999312807929876,0.01529612961331761
0.9993124684565462,0.015440891806778545
0.9993306553616703,0.015145631517231806
0.999312388982383,0.01532739489022461
0.9993029330479082,0.015548030652457356
0.9993108375952716,0.015308495166822311
0.9993116080523358,0.015419495449940257
0.9993201169361957,0.015374168736055793
0.9993076355267725,0.015427260083950678
0.9993214109178438,0.01525480861214401
0.9993152289568179,0.015353196014627812
0.9993108591311339,0.015374168736055793
0.9993131757673149,0.01533082012964826
0.9993091661979109,0.015436176551195224
0.9993160003196941,0.0153246063811876
0.9993190956419965,0.015308495166822311
0.999311897399875,0.015197510684647142
0.9993235138912174,0.01508964443962757
0.9993045840151346,0.01555571148018231
0.9993077607747577,0.01538454128679323
0.9993193222444354,0.01525480861214401
0.9993103858477552,0.015443554707876395
0.9993124879824611,0.01548156230358444
0.9993135580908707,0.015366799776555418
0.9993199527285987,0.015183791329432594
0.9993081080085355,0.015440891806778545
0.9993161878509341,0.01525480861214401
0.9993209349460405,0.015197510684647142
0.9993164487200188,0.015374168736055793
0.9993211675582916,0.01533082012964826
0.9993173214845913,0.015293859162519574
0.9993187853216122,0.015235978291797458
0.999306134323096,0.015440891806778545
0.99931771171322,0.015265895012880115
0.9993234584748388,0.01533082012964826
0.9993167482952675,0.015197510684647142
0.9993161480678029,0.015282697832619263
0.9993284017238266,0.01510038009963477
0.999317457358547,0.015263106503843105
0.9993184158839745,0.01529933283714513
0.9993198941823145,0.015194722175610131
0.9993185285941599,0.015419495449940257
0.9993243441152357,0.015096612725090885
0.9993183735812776,0.015302675913379638
0.9993192665407719,0.01518834835496996
0.9993113745795744,0.015416706940903246
0.9993172293752566,0.01532739489022461
0.9993156971829515,0.01529933283714513
0.9993184695256777,0.01521076264544341
0.999307508393687,0.015535000548830169
0.9993143250962905,0.015349199952924053
0.9993079565138204,0.015419495449940257
0.9993162649851375,0.015370981867735445
0.9993147755737808,0.015282697832619263
0.999316756425336,0.015164033052070813
0.9993055442901181,0.015557215780598987
0.9993229960315055,0.015400100352120027
0.999317636714604,0.015305464422416648
0.9993217947852983,0.01518834835496996
0.9993252822068585,0.015239165160117807
0.9993128391928053,0.015308495166822311
0.9993154749228553,0.015294075905236681
0.9993069028059902,0.015405987926455644
0.9993210393899797,0.01521076264544341
0.9993127961427312,0.015305464422416648
0.9993082685236707,0.015410333120263076
0.9993239250054311,0.015083414977263843
0.9993046632499502,0.015366799776555418
0.9993102458449435,0.015427260083950678
0.9993056065402484,0.01544812286416608
0.9993053773107841,0.015446561599277153
0.9993139222668264,0.015279909323582253
0.9993187037053145,0.015305291942994792
0.9993155272280252,0.01538732979583024
0.9993132516566535,0.015366799776555418
0.999312523654724,0.015191845527922077
0.9993193577998628,0.01529933283714513
0.9993113808998981,0.015416706940903246
0.999313812914312,0.015282697832619263
0.999308379858443,0.015546959066233157
0.9993152315299819,0.015282697832619263
0.9993137080069582,0.015416685441294042
0.9993159367641439,0.015305464422416648
0.9993166165562055,0.015293859162519574
0.9993195359701442,0.015162979481246452
0.999311550521365,0.01538732979583024
0.9993169452973664,0.015308495166822311
0.9993196613715853,0.015197510684647142
0.9993124447671243,0.015350407505590802
0.9993098296976513,0.015410333120263076
0.9993192849766285,0.015282697832619263
0.9993191339207002,0.01532739489022461
0.9993134048412103,0.01529933283714513
0.9993327352035568,0.015162979481246452
0.9993074334523524,0.015532844557805348
0.999324804097665,0.015194323816326794
0.9993167067642168,0.015405987926455644
0.9993264897743556,0.015096612725090885
0.9993209291779076,0.01522527149173758
0.9993040383506965,0.015424471574913667
0.999309236846681,0.015265895012880115
0.9993115820359596,0.015481960662867778
0.9993112502494176,0.015296302092739467
0.9993166920281575,0.015350009146307464
0.9993187530182687,0.015308495166822311
0.9993115665362619,0.015263106503843105
0.9993101152221741,0.015353196014627812
0.999322818941428,0.015183791329432594
0.9993134891073548,0.01529345818937422
0.9993093917262076,0.01529933283714513
0.9993124706083726,0.015294075905236681
0.9993164640949986,0.015305464422416648
0.9993128085766259,0.015308495166822311
0.9993181486812243,0.01529933283714513
0.9993179967195178,0.015279510964298915
0.999315939818044,0.015265895012880115
0.99932040002335,0.015191845527922077
0.9993207289420069,0.01522248298270057
0.9993241154466821,0.015129511098349369
0.9993026263589613,0.015532844557805348
0.9993171013826582,0.01522248298270057
0.9993093149295731,0.015424471574913667
0.9993080799660351,0.015427260083950678
0.9993281139905844,0.015191845527922077
0.999313434902504,0.0153246063811876
0.9993090965806379,0.015405987926455644
0.9993164858923509,0.015410333120263076
0.9993180983673529,0.015183791329432594
0.9993158765641594,0.015265895012880115
0.9993184256133809,0.015302675913379638
0.9993117712442107,0.015308495166822311
0.9993162188187127,0.015308495166822311
0.9993204493362697,0.015084498351421338
0.999313710827847,0.015305464422416648
0.9993113871115515,0.015328031620611249
0.9993170779710118,0.01529933283714513
0.9993174659676932,0.015305464422416648
0.9993254949121384,0.015030752785125223
0.9993110598053806,0.015366799776555418
0.9993217590722191,0.015296302092739467
0.9993209069452079,0.015265895012880115
0.9993129260261596,0.015451048207824947
0.999311178127367,0.01532739489022461
0.9993237113370399,0.015265895012880115
0.9993166559565619,0.01529933283714513
0.9993132722597845,0.015302675913379638
0.9993235429229037,0.015097591590597759
0.9993176955460629,0.015239165160117807
0.9993168668188203,0.015236376651080796
0.9993060452122071,0.015407661696319686
0.9993117522268157,0.01533082012964826
0.9993135280189417,0.015350407505590802
0.9993177415164617,0.015239165160117807
0.9993227444884144,0.015144533241509883
0.999312948116358,0.015327633261327911
0.9993187866613574,0.015166821561107824
0.9993127089656326,0.015405987926455644
0.9993084278846575,0.015484749171904788
0.9993121648703133,0.015353196014627812
0.9993213716771611,0.01525480861214401
0.9993146400712133,0.015291810612641399
0.9993097071960105,0.015374168736055793
0.9993198607797349,0.01529933283714513
0.9993098619791134,0.015366799776555418
0.9993146300737117,0.015414414566520485
0.9993118702707736,0.015401452686928607
0.9993160972760073,0.015443773090240143
0.9993113297577594,0.015302675913379638
0.9993033701220214,0.015548615772456031
0.9993166363975123,0.015349199952924053
0.9993163573112556,0.01538732979583024
0.9993070779415907,0.015419495449940257
0.9993140099395744,0.01533082012964826
0.9993122381275971,0.01529933283714513
0.99930567851076,0.015481960662867778
0.9993101832403677,0.015451048207824947
0.999316661567564,0.01525480861214401
0.9993064201442097,0.01538732979583024
0.9993251570629577,0.01525480861214401
0.9993151069320906,0.015302675913379638
0.999310947497629,0.015410333120263076
0.9993136185028269,0.015350407505590802
0.9993191452492086,0.015291070653482564
0.9993145201600356,0.01525480861214401
0.999312329979782,0.015283491426016482
0.9993177568184514,0.015350407505590802
0.999315156583039,0.015283491426016482
0.9993091201716943,0.015366799776555418
0.9993130474046822,0.015410333120263076
0.9993123913803003,0.01533082012964826
0.9992939381457281,0.015719600724962035
0.9993136293300772,0.015416685441294042
0.9993044291522375,0.015493057883211314
0.9993248242692945,0.015296302092739467
0.9993080224393733,0.015366799776555418
0.9993182886891959,0.01521076264544341
0.999319252127789,0.01529933283714513
0.999319400329453,0.015097591590597759
0.999318437307067,0.015294075905236681
0.9993164788877446,0.015182683198244895
0.999313415264333,0.015371380227018783
0.9993168404634121,0.015197510684647142
0.9993163399518121,0.015308495166822311
0.9993216068585565,0.015280460681610819
0.9993069222741042,0.01553134025738867
0.9993095391329379,0.015461180292001053
0.9993080348009025,0.015446561599277153
0.999304794761564,0.015405987926455644
0.9993205206588495,0.015162979481246452
0.9993114352122391,0.015350407505590802
0.999316852256436,0.01529933283714513
0.9993094672197039,0.01548156230358444
0.999310375845164,0.01538732979583024
0.9993117589958127,0.015366799776555418
0.9993101268013338,0.015427260083950678
0.9993140597368394,0.01538732979583024
0.9993118505909787,0.015419495449940257
0.9993073323572942,0.01544578089537918
0.999328053491739,0.015084498351421338
0.9993170073507301,0.015265895012880115
0.9993122497404842,0.015308495166822311
0.9993098629495646,0.015302675913379638
0.9993113030499438,0.015296302092739467
0.9993190572807433,0.015148818385552154
0.9993184759661948,0.01525480861214401
0.999314565516648,0.015350407505590802
0.9993176101259721,0.015265895012880115
0.9993073649743515,0.015493057883211314
0.9993185334676202,0.01529933283714513
0.9993175119257415,0.015183791329432594
0.999320924547554,0.015189057018885066
0.9993133171844818,0.015328031620611249
0.9993097526757,0.015282697832619263
0.9993104172656916,0.015296302092739467
0.9993187372590756,0.015191845527922077
0.9993102677075396,0.015427260083950678
0.9993139725457953,0.015305308298501963
0.9993214594589328,0.01522527149173758
0.9993210158418616,0.01521076264544341
0.9993212257791476,0.015189057018885066
0.9993215462774937,0.015239165160117807
0.9993137590222403,0.01521076264544341
0.9993094281519177,0.015401452686928607
0.9993200127335085,0.015148818385552154
0.9993144547581494,0.015364011267518407
0.9993055751293541,0.015446561599277153
0.9993100629798585,0.015398664177891597
0.9993073163593958,0.015416706940903246
0.9993186012034427,0.01528133543499166
0.9993190137425044,0.01532739489022461
0.9993119464246614,0.015415871566770711
0.9993161204641999,0.01528133543499166
0.9993167965525536,0.01522527149173758
0.9993123269372021,0.015419495449940257
0.9993180806427447,0.015440891806778545
0.9993089340676464,0.01538454128679323
0.9993149944519479,0.015296302092739467
0.9993196111357335,0.015207575777123061
0.9993142240028023,0.015302675913379638
0.9993160378831452,0.015349199952924053
0.9993230164018586,0.01510038009963477
0.9993097700844709,0.015414414566520485
0.9993110567085521,0.015401452686928607
0.9993093162187293,0.015405987926455644
0.9993183337543712,0.015410333120263076
0.9993161174385469,0.015427260083950678
0.9993152652671329,0.015308495166822311
0.9993101118439037,0.01529933283714513
0.999319434026554,0.015293630668796077
0.9993122706390283,0.015305464422416648
0.9993071507381107,0.015427260083950678
0.9993207500543627,0.015265895012880115
0.9993164271539219,0.015353196014627812
0.9993178173510129,0.015191845527922077
0.9993090164826007,0.01538732979583024
0.9993068093385931,0.015484749171904788
0.9993242603208706,0.015125767989836447
0.9993172170546405,0.015351988461961064
0.9993148212814718,0.015296302092739467
0.9993031851611947,0.015480875862357024
0.9993185218089536,0.015364011267518407
0.9993191228427111,0.015239165160117807
0.9993128184362888,0.015374168736055793
0.9993122446071837,0.015419495449940257
0.9993103941395228,0.01532739489022461
0.9993041508018007,0.015543319735455086
0.9993142629778113,0.015401452686928607
0.9993114847085445,0.01548156230358444
0.9993100003632719,0.015366799776555418
0.9993199837451423,0.01533082012964826
0.9993205767127191,0.01521076264544341
0.9993160164867702,0.015297106649642345
0.9993194642524814,0.01525480861214401
0.9993148755553869,0.015401452686928607
0.9993131483565368,0.015440891806778545
0.999317725910179,0.015427260083950678
0.9993217746168148,0.015084498351421338
0.9993222312566424,0.015112119803821322
0.99931100534193,0.015366799776555418
0.9993144993291225,0.015302675913379638
0.9993181279088548,0.015183791329432594
0.9993116715754907,0.015416706940903246
0.9993153637880613,0.015414414566520485
0.999315450127013,0.015419495449940257
0.9993122722291335,0.01533082012964826
0.999308843822982,0.015405814558377529
0.9993086932429737,0.015366799776555418
0.9993106827572859,0.015366799776555418
0.9993209036842621,0.01522527149173758
0.9993264367954884,0.015114908312858333
0.9993208822592903,0.01522248298270057
0.9993106755389374,0.01538732979583024
0.9993035509638971,0.015427260083950678
0.9993217304328255,0.015170350952816491
0.9993165620207166,0.01532739489022461
0.9993134031280503,0.01529933283714513
0.999322989325229,0.01525480861214401
0.9993289062477825,0.015174628999755413
0.9993114902544402,0.015457285193843262
0.9993150563834722,0.015371380227018783
0.9993121975376004,0.015402810895759345
0.9993147631755448,0.015454496684806251
0.9993031753576548,0.015454943225056361
0.9993183597958394,0.01511961166277409
0.9993173246954996,0.015296302092739467
0.9993132961002629,0.01533082012964826
0.9993196292246705,0.015449346538380482
0.9993160891462081,0.0153057066577853
0.9993132415049646,0.015265895012880115
0.9993157928198142,0.015461180292001053
0.9993198179792891,0.01522248298270057
0.999327064265792,0.015114908312858333
0.9993130990417624,0.015366799776555418
0.9993181851816301,0.01533082012964826
0.9993185686702745,0.015414414566520485
0.9993085158558997,0.015302675913379638
0.9993163184052821,0.015191845527922077
0.9993163194443231,0.015374168736055793
0.9993083845606454,0.015321657799971078
0.9993158135141424,0.01540810693276029
0.9993165087947233,0.015305464422416648
0.9993161126213914,0.015304109220891426
0.9993066813771025,0.015291810612641399
0.9993085596798501,0.015350407505590802
0.9993265222321478,0.015144533241509883
0.9993112510984788,0.015419495449940257
0.9993135749514325,0.015427260083950678
0.9993044561564185,0.015401452686928607
0.9993202263067519,0.015148818385552154
0.9993149666801123,0.0153022775540963
0.9993172860440347,0.015265895012880115
0.9993084357067454,0.015280460681610819
0.9993096148399764,0.015401452686928607
0.999315723706534,0.015366799776555418
0.9993088426794157,0.015416706940903246
0.9993123518381352,0.015350407505590802
0.9993115807520792,0.015419495449940257
0.9993175140576852,0.015297106649642345
0.9993237671079604,0.015294075905236681
0.9993197123917557,0.01528133543499166
0.9993137456993522,0.015302675913379638
0.9993127460904384,0.015419495449940257
0.9993002056974088,0.01555309747229483
0.9993189287442903,0.015239165160117807
0.9993042600044572,0.015461180292001053
0.9993170859848797,0.015349199952924053
0.9993118220974443,0.015366799776555418
0.9993222237486405,0.015191845527922077
0.999314813161878,0.015183791329432594
0.9993052350528068,0.015547111472039354
0.9993158549117996,0.015183791329432594
0.9993234224117321,0.01525480861214401
0.9992978382817821,0.015594575269057387
0.9993079577983462,0.015401452686928607
0.9993146576063273,0.015353196014627812
0.9993103346722847,0.015541323082523206
0.9993121807749552,0.015294075905236681
0.9993033586479592,0.01545215471601935
0.9993151896051161,0.0153022775540963
0.9993107831882314,0.015302503433957781
0.9993137333970593,0.01529612961331761
0.9993216550389705,0.015308495166822311
0.9993150025157302,0.015239165160117807
0.9993132794637695,0.015419495449940257
0.9993106762236655,0.01533082012964826
0.999306184990077,0.015528404843497157
0.9993156655947208,0.015454496684806251
0.9993173699799007,0.015350009146307464
0.9993267423277118,0.015182683198244895
0.9993204038215873,0.015222084623417231
0.9993180105939168,0.015265895012880115
0.9993169749558499,0.015282697832619263
0.9993161338844709,0.015282697832619263
0.9993245600979171,0.015129511098349369
0.9993169288037667,0.015401452686928607
0.999317672013169,0.01521076264544341
0.9993288206904475,0.015084498351421338
0.9993218179504997,0.015303660397817609
0.9993204839430376,0.015129511098349369
0.999305886551682,0.015493057883211314
0.9993161316313187,0.015461180292001053
0.999319704034082,0.015294075905236681
0.9993108347777039,0.015394491709134428
0.9993214732794602,0.01522248298270057
0.9993079006243613,0.01522527149173758
0.9993116054483523,0.015405987926455644
0.9993160959587234,0.015302503433957781
0.9993094149398712,0.015457285193843262
0.9993075796048736,0.015401452686928607
0.9993160087770042,0.015291810612641399
0.9993164924805148,0.015283491426016482
0.9993164645248859,0.015162979481246452
0.9993078350276352,0.015427260083950678
0.9993090365164117,0.015418097754273496
0.9993082749391983,0.015454496684806251
0.9993169016924449,0.015305291942994792
0.999305103560576,0.015541323082523206
0.9993213758834751,0.015302675913379638
0.9993080950471482,0.015451048207824947
0.9993198275466639,0.01525480861214401
0.9993062215877525,0.015461180292001053
0.9993217592806403,0.015166821561107824
0.9993090932953702,0.015457285193843262
0.9993073103973037,0.015461180292001053
0.9993165236018215,0.01532739489022461
0.9993148143671996,0.015353196014627812
0.9993169342522985,0.015374168736055793
0.9993118753726827,0.015475586842227607
0.9993038765198725,0.015550841959958817
0.9993097108914601,0.015461180292001053
0.9993188664137048,0.015125767989836447
0.9993175260277748,0.01521076264544341
0.9993158442854242,0.015319431612468293
0.9993076059329163,0.015416706940903246
0.9993136022170197,0.015239165160117807
0.999319124578237,0.01522248298270057
0.999322879300582,0.015197510684647142
0.9993144673566663,0.015239165160117807
0.9993209026692793,0.015293859162519574
0.9993162699308613,0.015401452686928607
0.9993083404670612,0.015712001348193283
0.9993206691694069,0.015191845527922077
0.9993082812892152,0.015537796736555975
0.9993183939395277,0.015364011267518407
0.9993215660778408,0.015194722175610131
0.9993072185015509,0.015493057883211314
0.999317960551926,0.015349164995249964
0.9993087560997708,0.015282697832619263
0.9993100774936026,0.015457285193843262
0.9993166472353229,0.015301250999042004
0.9993175335027609,0.01533082012964826
0.9993138261153152,0.015405987926455644
0.9993102299987303,0.015416706940903246
0.999318357479231,0.015294075905236681
0.9993206268961845,0.01529612961331761
0.999329391395471,0.015222084623417231
0.9993114561850306,0.015144533241509883
0.9993164242329923,0.015416685441294042
0.9993102467368158,0.015371380227018783
0.9993064311675969,0.015452017962323872
0.9993220178299884,0.015180510216947773
0.9993293707953345,0.01508964443962757
0.9993142533543862,0.015291810612641399
0.9993108149713044,0.015191845527922077
0.999311473531246,0.015374168736055793
0.99931706117849,0.015405987926455644
0.9993122662024124,0.01533082012964826
0.999311715602819,0.015416706940903246
0.9993131854882837,0.015481960662867778
0.9993147706363519,0.015374168736055793
0.9993150084443423,0.0152079741364064
0.9993229618799387,0.01521076264544341
0.9993074610385845,0.015401452686928607
0.999311376958587,0.015293859162519574
0.9993084116490297,0.01533082012964826
0.9993001175652481,0.015560004289635998
0.9993163694522483,0.015405987926455644
0.9993143151967362,0.01532739489022461
0.9993113276971964,0.015419495449940257
0.9993135783951234,0.01529933283714513
0.9993145260248463,0.015374168736055793
0.9993201148612983,0.01529933283714513
0.9993296753824861,0.015166821561107824
0.999314320203114,0.01521076264544341
0.9993287525024765,0.015045049562865564
0.9993203295529084,0.01525480861214401
0.9993127293685756,0.015197510684647142
0.9993095728094451,0.015550841959958817
0.9993192629080295,0.015308495166822311
0.9993234158765617,0.015160912767599122
0.9993099929045042,0.015405987926455644
0.999311147722445,0.015440891806778545
0.9993100585456598,0.01554343076848852
0.99930407260872,0.015440891806778545
0.9993162621204591,0.01533082012964826
0.9993140493796248,0.015252020103107
0.9993176819293025,0.015293859162519574
0.9993145336041407,0.015308495166822311
0.9993142832413302,0.015353196014627812
0.9993152788811371,0.01532739489022461
0.9993222485366532,0.015182683198244895
0.9993215860503719,0.015321657799971078
0.9993088599736089,0.015416706940903246
0.9993130720750413,0.015366799776555418
0.9993083720186666,0.015302675913379638
0.9993117831100808,0.01544812286416608
0.9993172475867569,0.015141744732472873
0.999307779193542,0.015398664177891597
0.9993109272607517,0.015481960662867778
0.9993087823733285,0.015530033250303887
0.9993186478044953,0.015084498351421338
0.9993143285452991,0.015394491709134428
0.9993123682306381,0.015183791329432594
0.9993150589151051,0.015458391782964043
0.9993124376901228,0.015189057018885066
0.9993155465308989,0.015296302092739467
0.999321883463155,0.015148818385552154
0.9993105399130855,0.015374168736055793
0.9993196392214463,0.015296302092739467
0.9993098186797592,0.015461180292001053
0.9993119326652123,0.015414414566520485
0.9993194221258237,0.01522527149173758
0.9993150414932301,0.015374168736055793
0.9993122014410213,0.01538732979583024
0.9993209912307561,0.015308495166822311
0.9993132191146481,0.01538732979583024
0.9993227208308622,0.015197510684647142
0.9993106159908477,0.01538454128679323
0.9993222506864357,0.01525480861214401
0.9993068054269064,0.01529933283714513
0.9993147836076482,0.01522527149173758
0.9993197485930181,0.015162979481246452
0.9993193322807531,0.015191845527922077
0.9993165248496054,0.015302503433957781
0.9993014922928379,0.015419495449940257
0.9993182776794944,0.01529933283714513
0.9993130908766721,0.015308495166822311
0.99931313161207,0.015291810612641399
0.9993128687037903,0.015374168736055793
0.9993158673709788,0.015302675913379638
0.9993167317496771,0.015282697832619263
0.9993142301068285,0.015401452686928607
0.999310540215541,0.015321657799971078
0.9993158809071083,0.015401452686928607
0.9993157411928371,0.015416706940903246
0.9993149289492996,0.01529666141320174
0.9993156018057383,0.01538732979583024
0.9993090978642463,0.015481960662867778
0.999308283437655,0.015461180292001053
0.9993178801902813,0.015251621743823662
0.9993098800327519,0.01532739489022461
0.9993098421048294,0.015302675913379638
0.9993332361099992,0.015047838071902575
0.9993145629350033,0.015305464422416648
0.999313712416481,0.015305464422416648
0.9993195533515513,0.015366799776555418
0.9993210219825414,0.015191845527922077
0.9993069703217778,0.015560004289635998
0.9993090494113445,0.01532739489022461
0.9993071625876648,0.015541815435038409
0.9993177231149495,0.015282697832619263
0.9993146942334359,0.01533082012964826
0.9993300208826688,0.015112119803821322
0.999316410311855,0.01521076264544341
0.9993142885377587,0.015279909323582253
0.9993134176253882,0.015353196014627812
0.999311105492941,0.015308495166822311
0.9993143868325549,0.015366799776555418
0.9993163273507971,0.015239165160117807
0.9993153825374302,0.01522527149173758
0.9993192646108029,0.01522527149173758
0.999314360521399,0.01521076264544341
0.9993163206941915,0.015308495166822311
0.999314295477959,0.015401452686928607
0.9993089800799383,0.015427260083950678
0.9993102734425088,0.01533082012964826
0.9993140233513398,0.015440891806778545
0.9993163997376457,0.015296302092739467
0.9993268801195037,0.015183791329432594
0.9993030049434115,0.015484749171904788
0.9993096014889137,0.015480875862357024
0.9993160561626777,0.01529933283714513
0.999319242507793,0.0153057066577853
0.9993166460736282,0.015265895012880115
0.9993126073860213,0.015305291942994792
0.9993193257883887,0.015155433043927857
0.9993099569418205,0.015440891806778545
0.9993230403012986,0.015252020103107
0.9993183693399124,0.015239165160117807
0.9993192636514502,0.01529933283714513
0.9993167030775899,0.0152079741364064
0.9993250056099201,0.015076742450181868
0.9993202978242143,0.01522527149173758
0.9993115974142408,0.015328031620611249
0.9993114171855991,0.01538732979583024
0.9993274254894741,0.015191845527922077
0.9993265533272948,0.015263106503843105
0.9993254313846359,0.015162979481246452
0.9993229879806927,0.015296302092739467
0.9993166110136243,0.015239165160117807
0.9993113622999765,0.015305464422416648
0.9993103689949181,0.01538732979583024
0.999319807273455,0.015308495166822311
0.99932114432597,0.015148818385552154
0.9993145414181762,0.015405987926455644
0.9993140412943867,0.015294075905236681
0.9993157651902892,0.015239165160117807
0.9993212066967171,0.015366799776555418
0.9993253601068186,0.015125767989836447
0.9993216710939876,0.015181002820395584
0.999314428194218,0.015440891806778545
0.9993064715656741,0.01538454128679323
0.9993109768525045,0.015366799776555418
0.9993309774002008,0.015125767989836447
0.9993162893096934,0.015446561599277153
0.9993151712579225,0.015302675913379638
0.9993122396433556,0.01538454128679323
0.9993127420845176,0.015481960662867778
0.9993164851961865,0.015302675913379638
0.9993047825630408,0.0155286600450113
0.9993230051087463,0.0152079741364064
0.9993175615607063,0.015302675913379638
0.9993148861675256,0.015493057883211314
0.9993129508357029,0.015402256343144849
0.999316385485043,0.015305464422416648
0.9993167086357816,0.015308495166822311
0.9993119701099933,0.015401452686928607
0.9993192151537996,0.015447861339504598
0.9993166049956667,0.015302503433957781
0.9993115480847891,0.015461180292001053
0.9993025442905821,0.015308495166822311
0.9993131374717868,0.015349199952924053
0.9993115970992438,0.015410333120263076
0.9993208145032104,0.015414414566520485
0.9993127030552149,0.015144533241509883
0.9993170333487101,0.015416706940903246
0.9993181069509948,0.015364011267518407
0.9993242238067397,0.01502855510372303
0.9993168832958463,0.01521076264544341
0.999318734646021,0.015308495166822311
0.9993163145244888,0.015350407505590802
0.999317650290107,0.015294075905236681
0.999309547031684,0.015440891806778545
0.9993115320518889,0.015350407505590802
0.9992958353521146,0.01566894917580086
0.9993082633949172,0.015353196014627812
0.9993127691473951,0.015282697832619263
0.9993276597554575,0.015164033052070813
0.9993089619560392,0.015374168736055793
0.9993249081809574,0.015148818385552154
0.9993220502358353,0.015144533241509883
0.9993196353575494,0.015222084623417231
0.99931787358593,0.015279909323582253
0.9993152358243234,0.01521076264544341
0.9993180321353402,0.015350407505590802
0.9993085054087562,0.015454496684806251
0.9993133485519756,0.015302675913379638
0.9993193323168391,0.015191845527922077
0.9993108904642891,0.015302675913379638
0.9993169337652426,0.015366799776555418
0.9993139737017035,0.015305291942994792
0.9993176703348874,0.015189057018885066
0.9993118324287796,0.015302675913379638
0.999309201426663,0.01556969609137493
0.9993157700495979,0.015305464422416648
0.9993119284602753,0.01538732979583024
0.9993140630440038,0.015415871566770711
0.9993178023848215,0.01525480861214401
0.9993125095831294,0.015349199952924053
0.9993130698281627,0.015305464422416648
0.9993309603183143,0.014989323712865321
0.9993127391900132,0.015364011267518407
0.9993120667304258,0.01522248298270057
0.9993096529141917,0.015419495449940257
0.9993090421510384,0.015302503433957781
0.9993139625847366,0.0153022775540963
0.9993121085899906,0.015405987926455644
0.999307006822936,0.015416706940903246
0.9993036143771686,0.015419495449940257
0.9993106232895925,0.015427260083950678
0.9993233559765984,0.015191845527922077
0.9993189073737097,0.015302675913379638
0.9993143948210623,0.015328031620611249
0.9993189187866178,0.015427260083950678
0.9993183558781344,0.01529933283714513
0.999318273890044,0.015296302092739467
0.9993100751881036,0.0153057066577853
0.9993157720935286,0.01538732979583024
0.9993210898615991,0.015197510684647142
0.9993214451278792,0.015263106503843105
0.9993221611338071,0.015283491426016482
0.9993135546711316,0.015532844557805348
0.999321858251496,0.01522527149173758
0.9993108515725151,0.015349199952924053
0.9993152816162776,0.015350407505590802
